ISO-10303-21;
HEADER;
/* Generated by software containing ST-Developer
 * from STEP Tools, Inc. (www.steptools.com) 
 */

FILE_DESCRIPTION(
/* description */ (''),
/* implementation_level */ '2;1');

FILE_NAME(
/* name */ 'plate holder_backlight_front.step',
/* time_stamp */ '2026-09-02T10:18:59+02:00',
/* author */ (''),
/* organization */ (''),
/* preprocessor_version */ 'ST-DEVELOPER v20.1',
/* originating_system */ 'Autodesk Translation Framework v15.8.0.0',
/* authorisation */ '');

FILE_SCHEMA (('AUTOMOTIVE_DESIGN { 1 0 10303 214 3 1 1 }'));
ENDSEC;

DATA;
#10=MECHANICAL_DESIGN_GEOMETRIC_PRESENTATION_REPRESENTATION('',(#17),#3251);
#11=ITEM_DEFINED_TRANSFORMATION($,$,#2026,#2158);
#12=(
REPRESENTATION_RELATIONSHIP($,$,#3262,#3261)
REPRESENTATION_RELATIONSHIP_WITH_TRANSFORMATION(#11)
SHAPE_REPRESENTATION_RELATIONSHIP()
);
#13=CONTEXT_DEPENDENT_SHAPE_REPRESENTATION(#12,#3260);
#14=NEXT_ASSEMBLY_USAGE_OCCURRENCE('plate-holder_backlight:1',
'plate-holder_backlight:1','plate-holder_backlight:1',#3264,#3265,
'plate-holder_backlight:1');
#15=SHAPE_REPRESENTATION_RELATIONSHIP('SRR','None',#3262,#16);
#16=ADVANCED_BREP_SHAPE_REPRESENTATION('',(#18),#3250);
#17=STYLED_ITEM('',(#3276),#18);
#18=MANIFOLD_SOLID_BREP('plate-holder_backlight_front',#2012);
#19=FACE_BOUND('',#166,.T.);
#20=FACE_BOUND('',#167,.T.);
#21=FACE_BOUND('',#169,.T.);
#22=FACE_BOUND('',#170,.T.);
#23=FACE_BOUND('',#172,.T.);
#24=FACE_BOUND('',#173,.T.);
#25=FACE_BOUND('',#178,.T.);
#26=FACE_BOUND('',#179,.T.);
#27=FACE_BOUND('',#180,.T.);
#28=FACE_BOUND('',#181,.T.);
#29=FACE_BOUND('',#182,.T.);
#30=FACE_BOUND('',#183,.T.);
#31=FACE_BOUND('',#184,.T.);
#32=FACE_BOUND('',#185,.T.);
#33=CYLINDRICAL_SURFACE('',#2044,3.25);
#34=CYLINDRICAL_SURFACE('',#2105,2.);
#35=CYLINDRICAL_SURFACE('',#2108,2.);
#36=CYLINDRICAL_SURFACE('',#2112,2.);
#37=CYLINDRICAL_SURFACE('',#2114,3.75);
#38=CYLINDRICAL_SURFACE('',#2118,2.);
#39=CYLINDRICAL_SURFACE('',#2120,2.);
#40=CYLINDRICAL_SURFACE('',#2122,3.75);
#41=CYLINDRICAL_SURFACE('',#2124,2.);
#42=FACE_OUTER_BOUND('',#145,.T.);
#43=FACE_OUTER_BOUND('',#146,.T.);
#44=FACE_OUTER_BOUND('',#147,.T.);
#45=FACE_OUTER_BOUND('',#148,.T.);
#46=FACE_OUTER_BOUND('',#149,.T.);
#47=FACE_OUTER_BOUND('',#150,.T.);
#48=FACE_OUTER_BOUND('',#151,.T.);
#49=FACE_OUTER_BOUND('',#152,.T.);
#50=FACE_OUTER_BOUND('',#153,.T.);
#51=FACE_OUTER_BOUND('',#154,.T.);
#52=FACE_OUTER_BOUND('',#155,.T.);
#53=FACE_OUTER_BOUND('',#156,.T.);
#54=FACE_OUTER_BOUND('',#157,.T.);
#55=FACE_OUTER_BOUND('',#158,.T.);
#56=FACE_OUTER_BOUND('',#159,.T.);
#57=FACE_OUTER_BOUND('',#160,.T.);
#58=FACE_OUTER_BOUND('',#161,.T.);
#59=FACE_OUTER_BOUND('',#162,.T.);
#60=FACE_OUTER_BOUND('',#163,.T.);
#61=FACE_OUTER_BOUND('',#164,.T.);
#62=FACE_OUTER_BOUND('',#165,.T.);
#63=FACE_OUTER_BOUND('',#168,.T.);
#64=FACE_OUTER_BOUND('',#171,.T.);
#65=FACE_OUTER_BOUND('',#174,.T.);
#66=FACE_OUTER_BOUND('',#175,.T.);
#67=FACE_OUTER_BOUND('',#176,.T.);
#68=FACE_OUTER_BOUND('',#177,.T.);
#69=FACE_OUTER_BOUND('',#186,.T.);
#70=FACE_OUTER_BOUND('',#187,.T.);
#71=FACE_OUTER_BOUND('',#188,.T.);
#72=FACE_OUTER_BOUND('',#189,.T.);
#73=FACE_OUTER_BOUND('',#190,.T.);
#74=FACE_OUTER_BOUND('',#191,.T.);
#75=FACE_OUTER_BOUND('',#192,.T.);
#76=FACE_OUTER_BOUND('',#193,.T.);
#77=FACE_OUTER_BOUND('',#194,.T.);
#78=FACE_OUTER_BOUND('',#195,.T.);
#79=FACE_OUTER_BOUND('',#196,.T.);
#80=FACE_OUTER_BOUND('',#197,.T.);
#81=FACE_OUTER_BOUND('',#198,.T.);
#82=FACE_OUTER_BOUND('',#199,.T.);
#83=FACE_OUTER_BOUND('',#200,.T.);
#84=FACE_OUTER_BOUND('',#201,.T.);
#85=FACE_OUTER_BOUND('',#202,.T.);
#86=FACE_OUTER_BOUND('',#203,.T.);
#87=FACE_OUTER_BOUND('',#204,.T.);
#88=FACE_OUTER_BOUND('',#205,.T.);
#89=FACE_OUTER_BOUND('',#206,.T.);
#90=FACE_OUTER_BOUND('',#207,.T.);
#91=FACE_OUTER_BOUND('',#208,.T.);
#92=FACE_OUTER_BOUND('',#209,.T.);
#93=FACE_OUTER_BOUND('',#210,.T.);
#94=FACE_OUTER_BOUND('',#211,.T.);
#95=FACE_OUTER_BOUND('',#212,.T.);
#96=FACE_OUTER_BOUND('',#213,.T.);
#97=FACE_OUTER_BOUND('',#214,.T.);
#98=FACE_OUTER_BOUND('',#215,.T.);
#99=FACE_OUTER_BOUND('',#216,.T.);
#100=FACE_OUTER_BOUND('',#217,.T.);
#101=FACE_OUTER_BOUND('',#218,.T.);
#102=FACE_OUTER_BOUND('',#219,.T.);
#103=FACE_OUTER_BOUND('',#220,.T.);
#104=FACE_OUTER_BOUND('',#221,.T.);
#105=FACE_OUTER_BOUND('',#222,.T.);
#106=FACE_OUTER_BOUND('',#223,.T.);
#107=FACE_OUTER_BOUND('',#224,.T.);
#108=FACE_OUTER_BOUND('',#225,.T.);
#109=FACE_OUTER_BOUND('',#226,.T.);
#110=FACE_OUTER_BOUND('',#227,.T.);
#111=FACE_OUTER_BOUND('',#228,.T.);
#112=FACE_OUTER_BOUND('',#229,.T.);
#113=FACE_OUTER_BOUND('',#230,.T.);
#114=FACE_OUTER_BOUND('',#231,.T.);
#115=FACE_OUTER_BOUND('',#232,.T.);
#116=FACE_OUTER_BOUND('',#233,.T.);
#117=FACE_OUTER_BOUND('',#234,.T.);
#118=FACE_OUTER_BOUND('',#235,.T.);
#119=FACE_OUTER_BOUND('',#236,.T.);
#120=FACE_OUTER_BOUND('',#237,.T.);
#121=FACE_OUTER_BOUND('',#238,.T.);
#122=FACE_OUTER_BOUND('',#239,.T.);
#123=FACE_OUTER_BOUND('',#240,.T.);
#124=FACE_OUTER_BOUND('',#241,.T.);
#125=FACE_OUTER_BOUND('',#242,.T.);
#126=FACE_OUTER_BOUND('',#243,.T.);
#127=FACE_OUTER_BOUND('',#244,.T.);
#128=FACE_OUTER_BOUND('',#245,.T.);
#129=FACE_OUTER_BOUND('',#246,.T.);
#130=FACE_OUTER_BOUND('',#247,.T.);
#131=FACE_OUTER_BOUND('',#248,.T.);
#132=FACE_OUTER_BOUND('',#249,.T.);
#133=FACE_OUTER_BOUND('',#250,.T.);
#134=FACE_OUTER_BOUND('',#251,.T.);
#135=FACE_OUTER_BOUND('',#252,.T.);
#136=FACE_OUTER_BOUND('',#253,.T.);
#137=FACE_OUTER_BOUND('',#254,.T.);
#138=FACE_OUTER_BOUND('',#255,.T.);
#139=FACE_OUTER_BOUND('',#256,.T.);
#140=FACE_OUTER_BOUND('',#257,.T.);
#141=FACE_OUTER_BOUND('',#258,.T.);
#142=FACE_OUTER_BOUND('',#259,.T.);
#143=FACE_OUTER_BOUND('',#260,.T.);
#144=FACE_OUTER_BOUND('',#261,.T.);
#145=EDGE_LOOP('',(#1255,#1256,#1257,#1258,#1259,#1260,#1261,#1262,#1263,
#1264,#1265));
#146=EDGE_LOOP('',(#1266,#1267,#1268,#1269));
#147=EDGE_LOOP('',(#1270,#1271,#1272,#1273,#1274,#1275,#1276,#1277,#1278,
#1279));
#148=EDGE_LOOP('',(#1280,#1281,#1282,#1283,#1284,#1285,#1286,#1287,#1288,
#1289,#1290,#1291,#1292,#1293,#1294,#1295,#1296,#1297,#1298,#1299,#1300,
#1301,#1302,#1303,#1304));
#149=EDGE_LOOP('',(#1305,#1306,#1307,#1308));
#150=EDGE_LOOP('',(#1309,#1310,#1311,#1312));
#151=EDGE_LOOP('',(#1313,#1314,#1315,#1316,#1317,#1318));
#152=EDGE_LOOP('',(#1319,#1320,#1321,#1322));
#153=EDGE_LOOP('',(#1323,#1324,#1325,#1326));
#154=EDGE_LOOP('',(#1327,#1328,#1329,#1330));
#155=EDGE_LOOP('',(#1331,#1332,#1333,#1334));
#156=EDGE_LOOP('',(#1335,#1336,#1337,#1338,#1339,#1340));
#157=EDGE_LOOP('',(#1341,#1342,#1343,#1344,#1345,#1346,#1347));
#158=EDGE_LOOP('',(#1348,#1349,#1350,#1351));
#159=EDGE_LOOP('',(#1352,#1353,#1354,#1355));
#160=EDGE_LOOP('',(#1356,#1357,#1358,#1359));
#161=EDGE_LOOP('',(#1360,#1361,#1362,#1363));
#162=EDGE_LOOP('',(#1364,#1365,#1366,#1367,#1368,#1369,#1370,#1371,#1372));
#163=EDGE_LOOP('',(#1373,#1374,#1375,#1376));
#164=EDGE_LOOP('',(#1377,#1378,#1379,#1380,#1381,#1382,#1383,#1384));
#165=EDGE_LOOP('',(#1385,#1386,#1387,#1388));
#166=EDGE_LOOP('',(#1389,#1390,#1391,#1392));
#167=EDGE_LOOP('',(#1393,#1394,#1395,#1396));
#168=EDGE_LOOP('',(#1397,#1398,#1399,#1400));
#169=EDGE_LOOP('',(#1401,#1402,#1403,#1404));
#170=EDGE_LOOP('',(#1405,#1406,#1407,#1408));
#171=EDGE_LOOP('',(#1409,#1410,#1411,#1412,#1413,#1414,#1415,#1416,#1417,
#1418,#1419,#1420,#1421,#1422,#1423,#1424,#1425,#1426));
#172=EDGE_LOOP('',(#1427,#1428,#1429,#1430));
#173=EDGE_LOOP('',(#1431,#1432,#1433,#1434));
#174=EDGE_LOOP('',(#1435,#1436,#1437,#1438,#1439));
#175=EDGE_LOOP('',(#1440,#1441,#1442,#1443,#1444,#1445));
#176=EDGE_LOOP('',(#1446,#1447,#1448,#1449,#1450));
#177=EDGE_LOOP('',(#1451,#1452,#1453,#1454,#1455,#1456,#1457,#1458));
#178=EDGE_LOOP('',(#1459));
#179=EDGE_LOOP('',(#1460));
#180=EDGE_LOOP('',(#1461));
#181=EDGE_LOOP('',(#1462));
#182=EDGE_LOOP('',(#1463));
#183=EDGE_LOOP('',(#1464));
#184=EDGE_LOOP('',(#1465));
#185=EDGE_LOOP('',(#1466));
#186=EDGE_LOOP('',(#1467,#1468,#1469,#1470));
#187=EDGE_LOOP('',(#1471,#1472,#1473,#1474));
#188=EDGE_LOOP('',(#1475,#1476,#1477,#1478));
#189=EDGE_LOOP('',(#1479,#1480,#1481,#1482));
#190=EDGE_LOOP('',(#1483,#1484,#1485,#1486));
#191=EDGE_LOOP('',(#1487,#1488,#1489,#1490));
#192=EDGE_LOOP('',(#1491,#1492,#1493,#1494));
#193=EDGE_LOOP('',(#1495,#1496,#1497,#1498));
#194=EDGE_LOOP('',(#1499,#1500,#1501,#1502,#1503));
#195=EDGE_LOOP('',(#1504,#1505,#1506,#1507,#1508,#1509));
#196=EDGE_LOOP('',(#1510,#1511,#1512,#1513));
#197=EDGE_LOOP('',(#1514,#1515,#1516,#1517));
#198=EDGE_LOOP('',(#1518,#1519,#1520,#1521));
#199=EDGE_LOOP('',(#1522,#1523,#1524,#1525));
#200=EDGE_LOOP('',(#1526,#1527,#1528,#1529));
#201=EDGE_LOOP('',(#1530,#1531,#1532,#1533,#1534,#1535));
#202=EDGE_LOOP('',(#1536,#1537,#1538,#1539));
#203=EDGE_LOOP('',(#1540,#1541,#1542,#1543));
#204=EDGE_LOOP('',(#1544,#1545,#1546,#1547));
#205=EDGE_LOOP('',(#1548,#1549,#1550,#1551));
#206=EDGE_LOOP('',(#1552,#1553,#1554,#1555));
#207=EDGE_LOOP('',(#1556,#1557,#1558,#1559));
#208=EDGE_LOOP('',(#1560,#1561,#1562,#1563));
#209=EDGE_LOOP('',(#1564,#1565,#1566,#1567));
#210=EDGE_LOOP('',(#1568,#1569,#1570,#1571));
#211=EDGE_LOOP('',(#1572,#1573,#1574,#1575));
#212=EDGE_LOOP('',(#1576,#1577,#1578,#1579,#1580,#1581,#1582,#1583));
#213=EDGE_LOOP('',(#1584,#1585,#1586,#1587));
#214=EDGE_LOOP('',(#1588,#1589,#1590,#1591));
#215=EDGE_LOOP('',(#1592,#1593,#1594,#1595));
#216=EDGE_LOOP('',(#1596,#1597,#1598,#1599));
#217=EDGE_LOOP('',(#1600,#1601,#1602,#1603));
#218=EDGE_LOOP('',(#1604,#1605,#1606,#1607,#1608));
#219=EDGE_LOOP('',(#1609,#1610,#1611,#1612));
#220=EDGE_LOOP('',(#1613,#1614,#1615,#1616,#1617));
#221=EDGE_LOOP('',(#1618,#1619,#1620,#1621));
#222=EDGE_LOOP('',(#1622,#1623,#1624,#1625));
#223=EDGE_LOOP('',(#1626,#1627,#1628,#1629,#1630,#1631,#1632,#1633));
#224=EDGE_LOOP('',(#1634,#1635,#1636,#1637,#1638,#1639,#1640,#1641));
#225=EDGE_LOOP('',(#1642,#1643,#1644,#1645));
#226=EDGE_LOOP('',(#1646,#1647,#1648,#1649,#1650,#1651,#1652,#1653));
#227=EDGE_LOOP('',(#1654,#1655,#1656,#1657));
#228=EDGE_LOOP('',(#1658,#1659,#1660,#1661));
#229=EDGE_LOOP('',(#1662,#1663,#1664,#1665,#1666,#1667,#1668,#1669));
#230=EDGE_LOOP('',(#1670,#1671,#1672,#1673));
#231=EDGE_LOOP('',(#1674,#1675,#1676,#1677));
#232=EDGE_LOOP('',(#1678,#1679,#1680,#1681));
#233=EDGE_LOOP('',(#1682,#1683,#1684,#1685));
#234=EDGE_LOOP('',(#1686,#1687,#1688,#1689));
#235=EDGE_LOOP('',(#1690,#1691,#1692,#1693));
#236=EDGE_LOOP('',(#1694,#1695,#1696,#1697));
#237=EDGE_LOOP('',(#1698,#1699,#1700,#1701,#1702));
#238=EDGE_LOOP('',(#1703,#1704,#1705,#1706));
#239=EDGE_LOOP('',(#1707,#1708,#1709,#1710));
#240=EDGE_LOOP('',(#1711,#1712,#1713,#1714));
#241=EDGE_LOOP('',(#1715,#1716,#1717,#1718));
#242=EDGE_LOOP('',(#1719,#1720,#1721,#1722));
#243=EDGE_LOOP('',(#1723,#1724,#1725,#1726,#1727));
#244=EDGE_LOOP('',(#1728,#1729,#1730,#1731,#1732,#1733,#1734,#1735,#1736,
#1737,#1738,#1739,#1740,#1741));
#245=EDGE_LOOP('',(#1742,#1743,#1744,#1745));
#246=EDGE_LOOP('',(#1746,#1747,#1748,#1749,#1750,#1751,#1752,#1753,#1754));
#247=EDGE_LOOP('',(#1755,#1756,#1757,#1758));
#248=EDGE_LOOP('',(#1759,#1760,#1761,#1762,#1763,#1764));
#249=EDGE_LOOP('',(#1765,#1766,#1767,#1768,#1769));
#250=EDGE_LOOP('',(#1770,#1771,#1772));
#251=EDGE_LOOP('',(#1773,#1774,#1775,#1776,#1777,#1778,#1779,#1780));
#252=EDGE_LOOP('',(#1781,#1782,#1783));
#253=EDGE_LOOP('',(#1784,#1785,#1786,#1787,#1788,#1789,#1790,#1791));
#254=EDGE_LOOP('',(#1792));
#255=EDGE_LOOP('',(#1793,#1794));
#256=EDGE_LOOP('',(#1795));
#257=EDGE_LOOP('',(#1796));
#258=EDGE_LOOP('',(#1797,#1798));
#259=EDGE_LOOP('',(#1799));
#260=EDGE_LOOP('',(#1800,#1801,#1802,#1803,#1804,#1805,#1806,#1807,#1808,
#1809,#1810));
#261=EDGE_LOOP('',(#1811,#1812,#1813,#1814));
#262=CIRCLE('',#2028,3.75);
#263=CIRCLE('',#2029,3.75);
#264=CIRCLE('',#2033,3.25);
#265=CIRCLE('',#2037,2.);
#266=CIRCLE('',#2045,3.25);
#267=CIRCLE('',#2059,2.);
#268=CIRCLE('',#2060,2.);
#269=CIRCLE('',#2061,2.);
#270=CIRCLE('',#2062,3.75);
#271=CIRCLE('',#2063,2.);
#272=CIRCLE('',#2064,2.);
#273=CIRCLE('',#2065,3.75);
#274=CIRCLE('',#2066,2.);
#275=CIRCLE('',#2104,3.25);
#276=CIRCLE('',#2106,2.);
#277=CIRCLE('',#2107,2.);
#278=CIRCLE('',#2109,2.);
#279=CIRCLE('',#2110,2.);
#280=CIRCLE('',#2111,2.);
#281=CIRCLE('',#2113,2.);
#282=CIRCLE('',#2115,3.75);
#283=CIRCLE('',#2116,3.75);
#284=CIRCLE('',#2117,3.75);
#285=CIRCLE('',#2119,2.);
#286=CIRCLE('',#2121,2.);
#287=CIRCLE('',#2123,3.75);
#288=CIRCLE('',#2125,2.);
#289=CIRCLE('',#2130,3.25);
#290=LINE('',#2684,#542);
#291=LINE('',#2686,#543);
#292=LINE('',#2688,#544);
#293=LINE('',#2690,#545);
#294=LINE('',#2692,#546);
#295=LINE('',#2694,#547);
#296=LINE('',#2700,#548);
#297=LINE('',#2702,#549);
#298=LINE('',#2703,#550);
#299=LINE('',#2707,#551);
#300=LINE('',#2709,#552);
#301=LINE('',#2711,#553);
#302=LINE('',#2712,#554);
#303=LINE('',#2716,#555);
#304=LINE('',#2718,#556);
#305=LINE('',#2720,#557);
#306=LINE('',#2722,#558);
#307=LINE('',#2724,#559);
#308=LINE('',#2726,#560);
#309=LINE('',#2728,#561);
#310=LINE('',#2730,#562);
#311=LINE('',#2732,#563);
#312=LINE('',#2733,#564);
#313=LINE('',#2736,#565);
#314=LINE('',#2738,#566);
#315=LINE('',#2740,#567);
#316=LINE('',#2741,#568);
#317=LINE('',#2743,#569);
#318=LINE('',#2745,#570);
#319=LINE('',#2747,#571);
#320=LINE('',#2749,#572);
#321=LINE('',#2751,#573);
#322=LINE('',#2753,#574);
#323=LINE('',#2755,#575);
#324=LINE('',#2757,#576);
#325=LINE('',#2759,#577);
#326=LINE('',#2763,#578);
#327=LINE('',#2765,#579);
#328=LINE('',#2767,#580);
#329=LINE('',#2769,#581);
#330=LINE('',#2771,#582);
#331=LINE('',#2773,#583);
#332=LINE('',#2775,#584);
#333=LINE('',#2777,#585);
#334=LINE('',#2778,#586);
#335=LINE('',#2782,#587);
#336=LINE('',#2784,#588);
#337=LINE('',#2786,#589);
#338=LINE('',#2787,#590);
#339=LINE('',#2790,#591);
#340=LINE('',#2792,#592);
#341=LINE('',#2793,#593);
#342=LINE('',#2796,#594);
#343=LINE('',#2798,#595);
#344=LINE('',#2800,#596);
#345=LINE('',#2803,#597);
#346=LINE('',#2805,#598);
#347=LINE('',#2806,#599);
#348=LINE('',#2810,#600);
#349=LINE('',#2812,#601);
#350=LINE('',#2814,#602);
#351=LINE('',#2815,#603);
#352=LINE('',#2819,#604);
#353=LINE('',#2821,#605);
#354=LINE('',#2823,#606);
#355=LINE('',#2824,#607);
#356=LINE('',#2826,#608);
#357=LINE('',#2827,#609);
#358=LINE('',#2830,#610);
#359=LINE('',#2832,#611);
#360=LINE('',#2834,#612);
#361=LINE('',#2836,#613);
#362=LINE('',#2837,#614);
#363=LINE('',#2839,#615);
#364=LINE('',#2841,#616);
#365=LINE('',#2843,#617);
#366=LINE('',#2845,#618);
#367=LINE('',#2846,#619);
#368=LINE('',#2851,#620);
#369=LINE('',#2852,#621);
#370=LINE('',#2855,#622);
#371=LINE('',#2856,#623);
#372=LINE('',#2859,#624);
#373=LINE('',#2861,#625);
#374=LINE('',#2862,#626);
#375=LINE('',#2865,#627);
#376=LINE('',#2866,#628);
#377=LINE('',#2869,#629);
#378=LINE('',#2870,#630);
#379=LINE('',#2872,#631);
#380=LINE('',#2874,#632);
#381=LINE('',#2876,#633);
#382=LINE('',#2878,#634);
#383=LINE('',#2879,#635);
#384=LINE('',#2881,#636);
#385=LINE('',#2884,#637);
#386=LINE('',#2886,#638);
#387=LINE('',#2888,#639);
#388=LINE('',#2890,#640);
#389=LINE('',#2892,#641);
#390=LINE('',#2894,#642);
#391=LINE('',#2895,#643);
#392=LINE('',#2898,#644);
#393=LINE('',#2899,#645);
#394=LINE('',#2902,#646);
#395=LINE('',#2904,#647);
#396=LINE('',#2906,#648);
#397=LINE('',#2907,#649);
#398=LINE('',#2910,#650);
#399=LINE('',#2912,#651);
#400=LINE('',#2914,#652);
#401=LINE('',#2915,#653);
#402=LINE('',#2918,#654);
#403=LINE('',#2919,#655);
#404=LINE('',#2922,#656);
#405=LINE('',#2924,#657);
#406=LINE('',#2926,#658);
#407=LINE('',#2927,#659);
#408=LINE('',#2930,#660);
#409=LINE('',#2932,#661);
#410=LINE('',#2934,#662);
#411=LINE('',#2935,#663);
#412=LINE('',#2937,#664);
#413=LINE('',#2939,#665);
#414=LINE('',#2941,#666);
#415=LINE('',#2943,#667);
#416=LINE('',#2944,#668);
#417=LINE('',#2946,#669);
#418=LINE('',#2948,#670);
#419=LINE('',#2949,#671);
#420=LINE('',#2951,#672);
#421=LINE('',#2953,#673);
#422=LINE('',#2954,#674);
#423=LINE('',#2955,#675);
#424=LINE('',#2958,#676);
#425=LINE('',#2960,#677);
#426=LINE('',#2961,#678);
#427=LINE('',#2965,#679);
#428=LINE('',#2966,#680);
#429=LINE('',#2967,#681);
#430=LINE('',#2968,#682);
#431=LINE('',#2971,#683);
#432=LINE('',#2972,#684);
#433=LINE('',#2975,#685);
#434=LINE('',#2977,#686);
#435=LINE('',#2978,#687);
#436=LINE('',#2997,#688);
#437=LINE('',#2999,#689);
#438=LINE('',#3000,#690);
#439=LINE('',#3003,#691);
#440=LINE('',#3004,#692);
#441=LINE('',#3007,#693);
#442=LINE('',#3008,#694);
#443=LINE('',#3010,#695);
#444=LINE('',#3013,#696);
#445=LINE('',#3015,#697);
#446=LINE('',#3016,#698);
#447=LINE('',#3019,#699);
#448=LINE('',#3020,#700);
#449=LINE('',#3023,#701);
#450=LINE('',#3024,#702);
#451=LINE('',#3026,#703);
#452=LINE('',#3029,#704);
#453=LINE('',#3030,#705);
#454=LINE('',#3033,#706);
#455=LINE('',#3035,#707);
#456=LINE('',#3036,#708);
#457=LINE('',#3039,#709);
#458=LINE('',#3040,#710);
#459=LINE('',#3043,#711);
#460=LINE('',#3044,#712);
#461=LINE('',#3046,#713);
#462=LINE('',#3048,#714);
#463=LINE('',#3049,#715);
#464=LINE('',#3052,#716);
#465=LINE('',#3053,#717);
#466=LINE('',#3056,#718);
#467=LINE('',#3057,#719);
#468=LINE('',#3059,#720);
#469=LINE('',#3062,#721);
#470=LINE('',#3064,#722);
#471=LINE('',#3065,#723);
#472=LINE('',#3068,#724);
#473=LINE('',#3069,#725);
#474=LINE('',#3072,#726);
#475=LINE('',#3073,#727);
#476=LINE('',#3075,#728);
#477=LINE('',#3078,#729);
#478=LINE('',#3080,#730);
#479=LINE('',#3081,#731);
#480=LINE('',#3084,#732);
#481=LINE('',#3085,#733);
#482=LINE('',#3088,#734);
#483=LINE('',#3089,#735);
#484=LINE('',#3091,#736);
#485=LINE('',#3094,#737);
#486=LINE('',#3096,#738);
#487=LINE('',#3097,#739);
#488=LINE('',#3100,#740);
#489=LINE('',#3102,#741);
#490=LINE('',#3104,#742);
#491=LINE('',#3105,#743);
#492=LINE('',#3108,#744);
#493=LINE('',#3109,#745);
#494=LINE('',#3112,#746);
#495=LINE('',#3113,#747);
#496=LINE('',#3115,#748);
#497=LINE('',#3117,#749);
#498=LINE('',#3120,#750);
#499=LINE('',#3121,#751);
#500=LINE('',#3124,#752);
#501=LINE('',#3125,#753);
#502=LINE('',#3127,#754);
#503=LINE('',#3128,#755);
#504=LINE('',#3131,#756);
#505=LINE('',#3132,#757);
#506=LINE('',#3135,#758);
#507=LINE('',#3136,#759);
#508=LINE('',#3138,#760);
#509=LINE('',#3145,#761);
#510=LINE('',#3148,#762);
#511=LINE('',#3149,#763);
#512=LINE('',#3154,#764);
#513=LINE('',#3158,#765);
#514=LINE('',#3161,#766);
#515=LINE('',#3165,#767);
#516=LINE('',#3170,#768);
#517=LINE('',#3175,#769);
#518=LINE('',#3179,#770);
#519=LINE('',#3181,#771);
#520=LINE('',#3183,#772);
#521=LINE('',#3186,#773);
#522=LINE('',#3190,#774);
#523=LINE('',#3194,#775);
#524=LINE('',#3198,#776);
#525=LINE('',#3201,#777);
#526=LINE('',#3202,#778);
#527=LINE('',#3205,#779);
#528=LINE('',#3207,#780);
#529=LINE('',#3208,#781);
#530=LINE('',#3214,#782);
#531=LINE('',#3215,#783);
#532=LINE('',#3217,#784);
#533=LINE('',#3218,#785);
#534=LINE('',#3221,#786);
#535=LINE('',#3222,#787);
#536=LINE('',#3224,#788);
#537=LINE('',#3225,#789);
#538=LINE('',#3228,#790);
#539=LINE('',#3229,#791);
#540=LINE('',#3232,#792);
#541=LINE('',#3235,#793);
#542=VECTOR('',#2165,10.);
#543=VECTOR('',#2166,10.);
#544=VECTOR('',#2167,10.);
#545=VECTOR('',#2168,10.);
#546=VECTOR('',#2169,10.);
#547=VECTOR('',#2170,10.);
#548=VECTOR('',#2175,10.);
#549=VECTOR('',#2176,10.);
#550=VECTOR('',#2177,10.);
#551=VECTOR('',#2180,10.);
#552=VECTOR('',#2181,1.);
#553=VECTOR('',#2182,1.);
#554=VECTOR('',#2183,1.);
#555=VECTOR('',#2186,10.);
#556=VECTOR('',#2187,10.);
#557=VECTOR('',#2188,10.);
#558=VECTOR('',#2189,10.);
#559=VECTOR('',#2190,1.);
#560=VECTOR('',#2191,10.);
#561=VECTOR('',#2192,1.);
#562=VECTOR('',#2193,1.);
#563=VECTOR('',#2194,1.);
#564=VECTOR('',#2195,1.);
#565=VECTOR('',#2198,1.);
#566=VECTOR('',#2199,1.);
#567=VECTOR('',#2200,1.);
#568=VECTOR('',#2201,10.);
#569=VECTOR('',#2202,10.);
#570=VECTOR('',#2203,1.);
#571=VECTOR('',#2204,1.);
#572=VECTOR('',#2205,1.);
#573=VECTOR('',#2206,1.);
#574=VECTOR('',#2207,1.);
#575=VECTOR('',#2208,1.);
#576=VECTOR('',#2209,1.);
#577=VECTOR('',#2210,1.);
#578=VECTOR('',#2213,1.);
#579=VECTOR('',#2214,1.);
#580=VECTOR('',#2215,1.);
#581=VECTOR('',#2216,10.);
#582=VECTOR('',#2217,10.);
#583=VECTOR('',#2218,10.);
#584=VECTOR('',#2219,1.);
#585=VECTOR('',#2220,1.);
#586=VECTOR('',#2221,1.);
#587=VECTOR('',#2224,1.);
#588=VECTOR('',#2225,10.);
#589=VECTOR('',#2226,1.);
#590=VECTOR('',#2227,1.);
#591=VECTOR('',#2230,10.);
#592=VECTOR('',#2231,1.);
#593=VECTOR('',#2232,1.);
#594=VECTOR('',#2235,10.);
#595=VECTOR('',#2236,1.);
#596=VECTOR('',#2237,1.);
#597=VECTOR('',#2240,1.);
#598=VECTOR('',#2243,1.);
#599=VECTOR('',#2244,1.);
#600=VECTOR('',#2247,1.);
#601=VECTOR('',#2248,1.);
#602=VECTOR('',#2249,10.);
#603=VECTOR('',#2250,1.);
#604=VECTOR('',#2253,1.);
#605=VECTOR('',#2254,1.);
#606=VECTOR('',#2255,1.);
#607=VECTOR('',#2256,10.);
#608=VECTOR('',#2259,1.);
#609=VECTOR('',#2260,1.);
#610=VECTOR('',#2263,1.);
#611=VECTOR('',#2264,1.);
#612=VECTOR('',#2265,1.);
#613=VECTOR('',#2266,1.);
#614=VECTOR('',#2267,1.);
#615=VECTOR('',#2270,1.);
#616=VECTOR('',#2271,1.);
#617=VECTOR('',#2272,1.);
#618=VECTOR('',#2273,10.);
#619=VECTOR('',#2274,10.);
#620=VECTOR('',#2279,1.);
#621=VECTOR('',#2280,1.);
#622=VECTOR('',#2283,1.);
#623=VECTOR('',#2284,1.);
#624=VECTOR('',#2287,1.);
#625=VECTOR('',#2288,1.);
#626=VECTOR('',#2289,1.);
#627=VECTOR('',#2292,1.);
#628=VECTOR('',#2293,1.);
#629=VECTOR('',#2296,1.);
#630=VECTOR('',#2297,1.);
#631=VECTOR('',#2298,1.);
#632=VECTOR('',#2299,1.);
#633=VECTOR('',#2300,1.);
#634=VECTOR('',#2301,1.);
#635=VECTOR('',#2302,1.);
#636=VECTOR('',#2305,1.);
#637=VECTOR('',#2308,1.);
#638=VECTOR('',#2309,1.);
#639=VECTOR('',#2310,1.);
#640=VECTOR('',#2311,1.);
#641=VECTOR('',#2312,1.);
#642=VECTOR('',#2313,1.);
#643=VECTOR('',#2314,1.);
#644=VECTOR('',#2317,1.);
#645=VECTOR('',#2318,1.);
#646=VECTOR('',#2319,1.);
#647=VECTOR('',#2320,10.);
#648=VECTOR('',#2321,1.);
#649=VECTOR('',#2322,1.);
#650=VECTOR('',#2323,1.);
#651=VECTOR('',#2324,10.);
#652=VECTOR('',#2325,1.);
#653=VECTOR('',#2326,1.);
#654=VECTOR('',#2329,1.);
#655=VECTOR('',#2330,1.);
#656=VECTOR('',#2331,1.);
#657=VECTOR('',#2332,10.);
#658=VECTOR('',#2333,1.);
#659=VECTOR('',#2334,1.);
#660=VECTOR('',#2335,1.);
#661=VECTOR('',#2336,10.);
#662=VECTOR('',#2337,1.);
#663=VECTOR('',#2338,1.);
#664=VECTOR('',#2341,1.);
#665=VECTOR('',#2342,1.);
#666=VECTOR('',#2343,1.);
#667=VECTOR('',#2344,1.);
#668=VECTOR('',#2345,10.);
#669=VECTOR('',#2346,1.);
#670=VECTOR('',#2347,1.);
#671=VECTOR('',#2348,1.);
#672=VECTOR('',#2349,1.);
#673=VECTOR('',#2350,1.);
#674=VECTOR('',#2351,1.);
#675=VECTOR('',#2352,10.);
#676=VECTOR('',#2355,1.);
#677=VECTOR('',#2356,1.);
#678=VECTOR('',#2357,1.);
#679=VECTOR('',#2360,1.);
#680=VECTOR('',#2361,1.);
#681=VECTOR('',#2362,1.);
#682=VECTOR('',#2363,1.);
#683=VECTOR('',#2366,1.);
#684=VECTOR('',#2367,1.);
#685=VECTOR('',#2370,1.);
#686=VECTOR('',#2371,1.);
#687=VECTOR('',#2372,1.);
#688=VECTOR('',#2391,10.);
#689=VECTOR('',#2392,1.);
#690=VECTOR('',#2393,1.);
#691=VECTOR('',#2396,10.);
#692=VECTOR('',#2397,10.);
#693=VECTOR('',#2400,1.);
#694=VECTOR('',#2401,1.);
#695=VECTOR('',#2404,1.);
#696=VECTOR('',#2407,10.);
#697=VECTOR('',#2408,1.);
#698=VECTOR('',#2409,1.);
#699=VECTOR('',#2412,10.);
#700=VECTOR('',#2413,10.);
#701=VECTOR('',#2416,1.);
#702=VECTOR('',#2417,1.);
#703=VECTOR('',#2420,1.);
#704=VECTOR('',#2423,10.);
#705=VECTOR('',#2424,1.);
#706=VECTOR('',#2427,1.);
#707=VECTOR('',#2428,1.);
#708=VECTOR('',#2429,1.);
#709=VECTOR('',#2432,1.);
#710=VECTOR('',#2433,1.);
#711=VECTOR('',#2436,1.);
#712=VECTOR('',#2437,1.);
#713=VECTOR('',#2440,1.);
#714=VECTOR('',#2443,1.);
#715=VECTOR('',#2444,1.);
#716=VECTOR('',#2447,1.);
#717=VECTOR('',#2448,1.);
#718=VECTOR('',#2451,1.);
#719=VECTOR('',#2452,1.);
#720=VECTOR('',#2455,1.);
#721=VECTOR('',#2458,1.);
#722=VECTOR('',#2459,1.);
#723=VECTOR('',#2460,10.);
#724=VECTOR('',#2463,1.);
#725=VECTOR('',#2464,1.);
#726=VECTOR('',#2467,10.);
#727=VECTOR('',#2468,10.);
#728=VECTOR('',#2471,1.);
#729=VECTOR('',#2474,1.);
#730=VECTOR('',#2475,1.);
#731=VECTOR('',#2476,10.);
#732=VECTOR('',#2479,1.);
#733=VECTOR('',#2480,1.);
#734=VECTOR('',#2483,10.);
#735=VECTOR('',#2484,10.);
#736=VECTOR('',#2487,1.);
#737=VECTOR('',#2490,1.);
#738=VECTOR('',#2491,1.);
#739=VECTOR('',#2492,1.);
#740=VECTOR('',#2495,1.);
#741=VECTOR('',#2496,1.);
#742=VECTOR('',#2497,1.);
#743=VECTOR('',#2498,1.);
#744=VECTOR('',#2501,1.);
#745=VECTOR('',#2502,1.);
#746=VECTOR('',#2505,1.);
#747=VECTOR('',#2506,1.);
#748=VECTOR('',#2509,1.);
#749=VECTOR('',#2512,1.);
#750=VECTOR('',#2515,1.);
#751=VECTOR('',#2516,1.);
#752=VECTOR('',#2519,1.);
#753=VECTOR('',#2520,1.);
#754=VECTOR('',#2521,1.);
#755=VECTOR('',#2522,1.);
#756=VECTOR('',#2525,1.);
#757=VECTOR('',#2526,1.);
#758=VECTOR('',#2529,10.);
#759=VECTOR('',#2530,1.);
#760=VECTOR('',#2533,1.);
#761=VECTOR('',#2542,2.);
#762=VECTOR('',#2545,1.);
#763=VECTOR('',#2546,1.);
#764=VECTOR('',#2551,2.);
#765=VECTOR('',#2554,1.);
#766=VECTOR('',#2557,1.);
#767=VECTOR('',#2562,2.);
#768=VECTOR('',#2569,3.75);
#769=VECTOR('',#2576,2.);
#770=VECTOR('',#2581,2.);
#771=VECTOR('',#2584,3.75);
#772=VECTOR('',#2585,1.);
#773=VECTOR('',#2588,1.);
#774=VECTOR('',#2593,2.);
#775=VECTOR('',#2600,1.);
#776=VECTOR('',#2607,1.);
#777=VECTOR('',#2610,1.);
#778=VECTOR('',#2611,1.);
#779=VECTOR('',#2616,1.);
#780=VECTOR('',#2619,1.);
#781=VECTOR('',#2620,1.);
#782=VECTOR('',#2629,10.);
#783=VECTOR('',#2630,10.);
#784=VECTOR('',#2633,1.);
#785=VECTOR('',#2634,1.);
#786=VECTOR('',#2637,1.);
#787=VECTOR('',#2638,1.);
#788=VECTOR('',#2641,1.);
#789=VECTOR('',#2642,1.);
#790=VECTOR('',#2647,1.);
#791=VECTOR('',#2648,1.);
#792=VECTOR('',#2653,1.);
#793=VECTOR('',#2658,1.);
#794=VERTEX_POINT('',#2682);
#795=VERTEX_POINT('',#2683);
#796=VERTEX_POINT('',#2685);
#797=VERTEX_POINT('',#2687);
#798=VERTEX_POINT('',#2689);
#799=VERTEX_POINT('',#2691);
#800=VERTEX_POINT('',#2693);
#801=VERTEX_POINT('',#2695);
#802=VERTEX_POINT('',#2697);
#803=VERTEX_POINT('',#2699);
#804=VERTEX_POINT('',#2701);
#805=VERTEX_POINT('',#2705);
#806=VERTEX_POINT('',#2706);
#807=VERTEX_POINT('',#2708);
#808=VERTEX_POINT('',#2710);
#809=VERTEX_POINT('',#2714);
#810=VERTEX_POINT('',#2715);
#811=VERTEX_POINT('',#2717);
#812=VERTEX_POINT('',#2719);
#813=VERTEX_POINT('',#2721);
#814=VERTEX_POINT('',#2723);
#815=VERTEX_POINT('',#2725);
#816=VERTEX_POINT('',#2727);
#817=VERTEX_POINT('',#2729);
#818=VERTEX_POINT('',#2731);
#819=VERTEX_POINT('',#2735);
#820=VERTEX_POINT('',#2737);
#821=VERTEX_POINT('',#2739);
#822=VERTEX_POINT('',#2742);
#823=VERTEX_POINT('',#2744);
#824=VERTEX_POINT('',#2746);
#825=VERTEX_POINT('',#2748);
#826=VERTEX_POINT('',#2750);
#827=VERTEX_POINT('',#2752);
#828=VERTEX_POINT('',#2754);
#829=VERTEX_POINT('',#2756);
#830=VERTEX_POINT('',#2758);
#831=VERTEX_POINT('',#2760);
#832=VERTEX_POINT('',#2762);
#833=VERTEX_POINT('',#2764);
#834=VERTEX_POINT('',#2766);
#835=VERTEX_POINT('',#2768);
#836=VERTEX_POINT('',#2770);
#837=VERTEX_POINT('',#2772);
#838=VERTEX_POINT('',#2774);
#839=VERTEX_POINT('',#2776);
#840=VERTEX_POINT('',#2780);
#841=VERTEX_POINT('',#2781);
#842=VERTEX_POINT('',#2783);
#843=VERTEX_POINT('',#2785);
#844=VERTEX_POINT('',#2789);
#845=VERTEX_POINT('',#2791);
#846=VERTEX_POINT('',#2795);
#847=VERTEX_POINT('',#2797);
#848=VERTEX_POINT('',#2799);
#849=VERTEX_POINT('',#2801);
#850=VERTEX_POINT('',#2808);
#851=VERTEX_POINT('',#2809);
#852=VERTEX_POINT('',#2811);
#853=VERTEX_POINT('',#2813);
#854=VERTEX_POINT('',#2817);
#855=VERTEX_POINT('',#2818);
#856=VERTEX_POINT('',#2820);
#857=VERTEX_POINT('',#2822);
#858=VERTEX_POINT('',#2829);
#859=VERTEX_POINT('',#2831);
#860=VERTEX_POINT('',#2833);
#861=VERTEX_POINT('',#2835);
#862=VERTEX_POINT('',#2840);
#863=VERTEX_POINT('',#2842);
#864=VERTEX_POINT('',#2844);
#865=VERTEX_POINT('',#2848);
#866=VERTEX_POINT('',#2849);
#867=VERTEX_POINT('',#2854);
#868=VERTEX_POINT('',#2858);
#869=VERTEX_POINT('',#2860);
#870=VERTEX_POINT('',#2864);
#871=VERTEX_POINT('',#2868);
#872=VERTEX_POINT('',#2871);
#873=VERTEX_POINT('',#2873);
#874=VERTEX_POINT('',#2875);
#875=VERTEX_POINT('',#2877);
#876=VERTEX_POINT('',#2883);
#877=VERTEX_POINT('',#2885);
#878=VERTEX_POINT('',#2887);
#879=VERTEX_POINT('',#2889);
#880=VERTEX_POINT('',#2891);
#881=VERTEX_POINT('',#2893);
#882=VERTEX_POINT('',#2897);
#883=VERTEX_POINT('',#2900);
#884=VERTEX_POINT('',#2901);
#885=VERTEX_POINT('',#2903);
#886=VERTEX_POINT('',#2905);
#887=VERTEX_POINT('',#2908);
#888=VERTEX_POINT('',#2909);
#889=VERTEX_POINT('',#2911);
#890=VERTEX_POINT('',#2913);
#891=VERTEX_POINT('',#2917);
#892=VERTEX_POINT('',#2920);
#893=VERTEX_POINT('',#2921);
#894=VERTEX_POINT('',#2923);
#895=VERTEX_POINT('',#2925);
#896=VERTEX_POINT('',#2928);
#897=VERTEX_POINT('',#2929);
#898=VERTEX_POINT('',#2931);
#899=VERTEX_POINT('',#2933);
#900=VERTEX_POINT('',#2938);
#901=VERTEX_POINT('',#2940);
#902=VERTEX_POINT('',#2942);
#903=VERTEX_POINT('',#2945);
#904=VERTEX_POINT('',#2947);
#905=VERTEX_POINT('',#2950);
#906=VERTEX_POINT('',#2952);
#907=VERTEX_POINT('',#2957);
#908=VERTEX_POINT('',#2959);
#909=VERTEX_POINT('',#2963);
#910=VERTEX_POINT('',#2964);
#911=VERTEX_POINT('',#2970);
#912=VERTEX_POINT('',#2974);
#913=VERTEX_POINT('',#2976);
#914=VERTEX_POINT('',#2979);
#915=VERTEX_POINT('',#2981);
#916=VERTEX_POINT('',#2983);
#917=VERTEX_POINT('',#2985);
#918=VERTEX_POINT('',#2987);
#919=VERTEX_POINT('',#2989);
#920=VERTEX_POINT('',#2991);
#921=VERTEX_POINT('',#2993);
#922=VERTEX_POINT('',#2996);
#923=VERTEX_POINT('',#2998);
#924=VERTEX_POINT('',#3002);
#925=VERTEX_POINT('',#3006);
#926=VERTEX_POINT('',#3012);
#927=VERTEX_POINT('',#3014);
#928=VERTEX_POINT('',#3018);
#929=VERTEX_POINT('',#3022);
#930=VERTEX_POINT('',#3028);
#931=VERTEX_POINT('',#3032);
#932=VERTEX_POINT('',#3034);
#933=VERTEX_POINT('',#3038);
#934=VERTEX_POINT('',#3042);
#935=VERTEX_POINT('',#3051);
#936=VERTEX_POINT('',#3055);
#937=VERTEX_POINT('',#3061);
#938=VERTEX_POINT('',#3063);
#939=VERTEX_POINT('',#3067);
#940=VERTEX_POINT('',#3071);
#941=VERTEX_POINT('',#3077);
#942=VERTEX_POINT('',#3079);
#943=VERTEX_POINT('',#3083);
#944=VERTEX_POINT('',#3087);
#945=VERTEX_POINT('',#3093);
#946=VERTEX_POINT('',#3095);
#947=VERTEX_POINT('',#3099);
#948=VERTEX_POINT('',#3101);
#949=VERTEX_POINT('',#3103);
#950=VERTEX_POINT('',#3107);
#951=VERTEX_POINT('',#3111);
#952=VERTEX_POINT('',#3119);
#953=VERTEX_POINT('',#3123);
#954=VERTEX_POINT('',#3126);
#955=VERTEX_POINT('',#3130);
#956=VERTEX_POINT('',#3134);
#957=VERTEX_POINT('',#3142);
#958=VERTEX_POINT('',#3143);
#959=VERTEX_POINT('',#3146);
#960=VERTEX_POINT('',#3151);
#961=VERTEX_POINT('',#3152);
#962=VERTEX_POINT('',#3155);
#963=VERTEX_POINT('',#3157);
#964=VERTEX_POINT('',#3159);
#965=VERTEX_POINT('',#3163);
#966=VERTEX_POINT('',#3168);
#967=VERTEX_POINT('',#3173);
#968=VERTEX_POINT('',#3177);
#969=VERTEX_POINT('',#3182);
#970=VERTEX_POINT('',#3184);
#971=VERTEX_POINT('',#3188);
#972=VERTEX_POINT('',#3200);
#973=VERTEX_POINT('',#3213);
#974=VERTEX_POINT('',#3220);
#975=EDGE_CURVE('',#794,#795,#290,.T.);
#976=EDGE_CURVE('',#795,#796,#291,.T.);
#977=EDGE_CURVE('',#796,#797,#292,.T.);
#978=EDGE_CURVE('',#797,#798,#293,.T.);
#979=EDGE_CURVE('',#799,#798,#294,.T.);
#980=EDGE_CURVE('',#799,#800,#295,.T.);
#981=EDGE_CURVE('',#801,#800,#262,.T.);
#982=EDGE_CURVE('',#802,#801,#263,.T.);
#983=EDGE_CURVE('',#802,#803,#296,.T.);
#984=EDGE_CURVE('',#803,#804,#297,.T.);
#985=EDGE_CURVE('',#804,#794,#298,.T.);
#986=EDGE_CURVE('',#805,#806,#299,.T.);
#987=EDGE_CURVE('',#805,#807,#300,.T.);
#988=EDGE_CURVE('',#807,#808,#301,.T.);
#989=EDGE_CURVE('',#806,#808,#302,.T.);
#990=EDGE_CURVE('',#809,#810,#303,.T.);
#991=EDGE_CURVE('',#811,#809,#304,.T.);
#992=EDGE_CURVE('',#811,#812,#305,.T.);
#993=EDGE_CURVE('',#812,#813,#306,.T.);
#994=EDGE_CURVE('',#814,#813,#307,.T.);
#995=EDGE_CURVE('',#814,#815,#308,.T.);
#996=EDGE_CURVE('',#815,#816,#309,.T.);
#997=EDGE_CURVE('',#817,#816,#310,.T.);
#998=EDGE_CURVE('',#818,#817,#311,.T.);
#999=EDGE_CURVE('',#818,#810,#312,.T.);
#1000=EDGE_CURVE('',#809,#819,#313,.T.);
#1001=EDGE_CURVE('',#820,#819,#314,.T.);
#1002=EDGE_CURVE('',#820,#821,#315,.T.);
#1003=EDGE_CURVE('',#804,#821,#316,.T.);
#1004=EDGE_CURVE('',#822,#803,#317,.T.);
#1005=EDGE_CURVE('',#822,#823,#318,.T.);
#1006=EDGE_CURVE('',#823,#824,#319,.T.);
#1007=EDGE_CURVE('',#825,#824,#320,.T.);
#1008=EDGE_CURVE('',#825,#826,#321,.T.);
#1009=EDGE_CURVE('',#826,#827,#322,.T.);
#1010=EDGE_CURVE('',#828,#827,#323,.T.);
#1011=EDGE_CURVE('',#829,#828,#324,.T.);
#1012=EDGE_CURVE('',#830,#829,#325,.T.);
#1013=EDGE_CURVE('',#830,#831,#264,.T.);
#1014=EDGE_CURVE('',#832,#831,#326,.T.);
#1015=EDGE_CURVE('',#833,#832,#327,.T.);
#1016=EDGE_CURVE('',#834,#833,#328,.T.);
#1017=EDGE_CURVE('',#835,#834,#329,.T.);
#1018=EDGE_CURVE('',#836,#835,#330,.T.);
#1019=EDGE_CURVE('',#837,#836,#331,.T.);
#1020=EDGE_CURVE('',#838,#837,#332,.T.);
#1021=EDGE_CURVE('',#839,#838,#333,.T.);
#1022=EDGE_CURVE('',#811,#839,#334,.T.);
#1023=EDGE_CURVE('',#840,#841,#335,.T.);
#1024=EDGE_CURVE('',#841,#842,#336,.T.);
#1025=EDGE_CURVE('',#842,#843,#337,.T.);
#1026=EDGE_CURVE('',#840,#843,#338,.T.);
#1027=EDGE_CURVE('',#844,#841,#339,.T.);
#1028=EDGE_CURVE('',#844,#845,#340,.T.);
#1029=EDGE_CURVE('',#845,#842,#341,.T.);
#1030=EDGE_CURVE('',#846,#844,#342,.T.);
#1031=EDGE_CURVE('',#846,#847,#343,.T.);
#1032=EDGE_CURVE('',#848,#847,#344,.T.);
#1033=EDGE_CURVE('',#848,#849,#265,.T.);
#1034=EDGE_CURVE('',#845,#849,#345,.T.);
#1035=EDGE_CURVE('',#847,#843,#346,.T.);
#1036=EDGE_CURVE('',#846,#840,#347,.T.);
#1037=EDGE_CURVE('',#850,#851,#348,.T.);
#1038=EDGE_CURVE('',#850,#852,#349,.T.);
#1039=EDGE_CURVE('',#852,#853,#350,.T.);
#1040=EDGE_CURVE('',#851,#853,#351,.T.);
#1041=EDGE_CURVE('',#854,#855,#352,.T.);
#1042=EDGE_CURVE('',#855,#856,#353,.T.);
#1043=EDGE_CURVE('',#857,#856,#354,.T.);
#1044=EDGE_CURVE('',#854,#857,#355,.T.);
#1045=EDGE_CURVE('',#852,#857,#356,.T.);
#1046=EDGE_CURVE('',#856,#853,#357,.T.);
#1047=EDGE_CURVE('',#837,#858,#358,.T.);
#1048=EDGE_CURVE('',#859,#858,#359,.T.);
#1049=EDGE_CURVE('',#860,#859,#360,.T.);
#1050=EDGE_CURVE('',#861,#860,#361,.T.);
#1051=EDGE_CURVE('',#838,#861,#362,.T.);
#1052=EDGE_CURVE('',#822,#806,#363,.T.);
#1053=EDGE_CURVE('',#862,#808,#364,.T.);
#1054=EDGE_CURVE('',#862,#863,#365,.T.);
#1055=EDGE_CURVE('',#863,#864,#366,.T.);
#1056=EDGE_CURVE('',#823,#864,#367,.T.);
#1057=EDGE_CURVE('',#865,#866,#266,.T.);
#1058=EDGE_CURVE('',#831,#865,#368,.T.);
#1059=EDGE_CURVE('',#830,#866,#369,.T.);
#1060=EDGE_CURVE('',#821,#867,#370,.T.);
#1061=EDGE_CURVE('',#794,#867,#371,.T.);
#1062=EDGE_CURVE('',#797,#868,#372,.T.);
#1063=EDGE_CURVE('',#869,#868,#373,.T.);
#1064=EDGE_CURVE('',#798,#869,#374,.T.);
#1065=EDGE_CURVE('',#796,#870,#375,.T.);
#1066=EDGE_CURVE('',#868,#870,#376,.T.);
#1067=EDGE_CURVE('',#795,#871,#377,.T.);
#1068=EDGE_CURVE('',#871,#859,#378,.T.);
#1069=EDGE_CURVE('',#859,#872,#379,.T.);
#1070=EDGE_CURVE('',#873,#872,#380,.T.);
#1071=EDGE_CURVE('',#873,#874,#381,.T.);
#1072=EDGE_CURVE('',#874,#875,#382,.T.);
#1073=EDGE_CURVE('',#870,#875,#383,.T.);
#1074=EDGE_CURVE('',#871,#867,#384,.T.);
#1075=EDGE_CURVE('',#876,#826,#385,.T.);
#1076=EDGE_CURVE('',#877,#876,#386,.T.);
#1077=EDGE_CURVE('',#877,#878,#387,.T.);
#1078=EDGE_CURVE('',#879,#878,#388,.T.);
#1079=EDGE_CURVE('',#880,#879,#389,.T.);
#1080=EDGE_CURVE('',#881,#880,#390,.T.);
#1081=EDGE_CURVE('',#881,#827,#391,.T.);
#1082=EDGE_CURVE('',#882,#825,#392,.T.);
#1083=EDGE_CURVE('',#882,#876,#393,.T.);
#1084=EDGE_CURVE('',#883,#884,#394,.T.);
#1085=EDGE_CURVE('',#883,#885,#395,.F.);
#1086=EDGE_CURVE('',#885,#886,#396,.T.);
#1087=EDGE_CURVE('',#884,#886,#397,.T.);
#1088=EDGE_CURVE('',#887,#888,#398,.T.);
#1089=EDGE_CURVE('',#887,#889,#399,.F.);
#1090=EDGE_CURVE('',#889,#890,#400,.T.);
#1091=EDGE_CURVE('',#888,#890,#401,.T.);
#1092=EDGE_CURVE('',#891,#881,#402,.T.);
#1093=EDGE_CURVE('',#891,#828,#403,.T.);
#1094=EDGE_CURVE('',#892,#893,#404,.T.);
#1095=EDGE_CURVE('',#893,#894,#405,.F.);
#1096=EDGE_CURVE('',#895,#894,#406,.T.);
#1097=EDGE_CURVE('',#892,#895,#407,.T.);
#1098=EDGE_CURVE('',#896,#897,#408,.T.);
#1099=EDGE_CURVE('',#897,#898,#409,.F.);
#1100=EDGE_CURVE('',#899,#898,#410,.T.);
#1101=EDGE_CURVE('',#896,#899,#411,.T.);
#1102=EDGE_CURVE('',#891,#882,#412,.T.);
#1103=EDGE_CURVE('',#900,#880,#413,.T.);
#1104=EDGE_CURVE('',#901,#900,#414,.T.);
#1105=EDGE_CURVE('',#901,#902,#415,.T.);
#1106=EDGE_CURVE('',#799,#902,#416,.T.);
#1107=EDGE_CURVE('',#869,#903,#417,.T.);
#1108=EDGE_CURVE('',#904,#903,#418,.T.);
#1109=EDGE_CURVE('',#815,#904,#419,.T.);
#1110=EDGE_CURVE('',#814,#905,#420,.T.);
#1111=EDGE_CURVE('',#906,#905,#421,.T.);
#1112=EDGE_CURVE('',#906,#877,#422,.T.);
#1113=EDGE_CURVE('',#850,#854,#423,.T.);
#1114=EDGE_CURVE('',#907,#879,#424,.T.);
#1115=EDGE_CURVE('',#907,#908,#425,.T.);
#1116=EDGE_CURVE('',#900,#908,#426,.T.);
#1117=EDGE_CURVE('',#909,#910,#427,.T.);
#1118=EDGE_CURVE('',#910,#873,#428,.T.);
#1119=EDGE_CURVE('',#873,#907,#429,.T.);
#1120=EDGE_CURVE('',#909,#878,#430,.T.);
#1121=EDGE_CURVE('',#906,#911,#431,.T.);
#1122=EDGE_CURVE('',#909,#911,#432,.T.);
#1123=EDGE_CURVE('',#912,#824,#433,.T.);
#1124=EDGE_CURVE('',#913,#912,#434,.T.);
#1125=EDGE_CURVE('',#913,#829,#435,.T.);
#1126=EDGE_CURVE('',#914,#914,#267,.T.);
#1127=EDGE_CURVE('',#915,#915,#268,.T.);
#1128=EDGE_CURVE('',#916,#916,#269,.T.);
#1129=EDGE_CURVE('',#917,#917,#270,.T.);
#1130=EDGE_CURVE('',#918,#918,#271,.T.);
#1131=EDGE_CURVE('',#919,#919,#272,.T.);
#1132=EDGE_CURVE('',#920,#920,#273,.T.);
#1133=EDGE_CURVE('',#921,#921,#274,.T.);
#1134=EDGE_CURVE('',#883,#922,#436,.T.);
#1135=EDGE_CURVE('',#884,#923,#437,.T.);
#1136=EDGE_CURVE('',#923,#922,#438,.T.);
#1137=EDGE_CURVE('',#922,#924,#439,.F.);
#1138=EDGE_CURVE('',#885,#924,#440,.T.);
#1139=EDGE_CURVE('',#886,#925,#441,.T.);
#1140=EDGE_CURVE('',#923,#925,#442,.T.);
#1141=EDGE_CURVE('',#925,#924,#443,.T.);
#1142=EDGE_CURVE('',#887,#926,#444,.T.);
#1143=EDGE_CURVE('',#888,#927,#445,.T.);
#1144=EDGE_CURVE('',#927,#926,#446,.T.);
#1145=EDGE_CURVE('',#926,#928,#447,.F.);
#1146=EDGE_CURVE('',#889,#928,#448,.T.);
#1147=EDGE_CURVE('',#890,#929,#449,.T.);
#1148=EDGE_CURVE('',#927,#929,#450,.T.);
#1149=EDGE_CURVE('',#929,#928,#451,.T.);
#1150=EDGE_CURVE('',#864,#930,#452,.T.);
#1151=EDGE_CURVE('',#912,#930,#453,.T.);
#1152=EDGE_CURVE('',#820,#931,#454,.T.);
#1153=EDGE_CURVE('',#931,#932,#455,.T.);
#1154=EDGE_CURVE('',#932,#871,#456,.T.);
#1155=EDGE_CURVE('',#933,#931,#457,.T.);
#1156=EDGE_CURVE('',#933,#819,#458,.T.);
#1157=EDGE_CURVE('',#934,#839,#459,.T.);
#1158=EDGE_CURVE('',#812,#934,#460,.T.);
#1159=EDGE_CURVE('',#861,#934,#461,.T.);
#1160=EDGE_CURVE('',#834,#805,#462,.T.);
#1161=EDGE_CURVE('',#807,#833,#463,.T.);
#1162=EDGE_CURVE('',#935,#832,#464,.T.);
#1163=EDGE_CURVE('',#807,#935,#465,.T.);
#1164=EDGE_CURVE('',#936,#807,#466,.T.);
#1165=EDGE_CURVE('',#936,#865,#467,.T.);
#1166=EDGE_CURVE('',#913,#866,#468,.T.);
#1167=EDGE_CURVE('',#937,#892,#469,.T.);
#1168=EDGE_CURVE('',#938,#937,#470,.T.);
#1169=EDGE_CURVE('',#938,#893,#471,.T.);
#1170=EDGE_CURVE('',#939,#895,#472,.T.);
#1171=EDGE_CURVE('',#937,#939,#473,.T.);
#1172=EDGE_CURVE('',#938,#940,#474,.F.);
#1173=EDGE_CURVE('',#940,#894,#475,.T.);
#1174=EDGE_CURVE('',#940,#939,#476,.T.);
#1175=EDGE_CURVE('',#941,#896,#477,.T.);
#1176=EDGE_CURVE('',#942,#941,#478,.T.);
#1177=EDGE_CURVE('',#942,#897,#479,.T.);
#1178=EDGE_CURVE('',#943,#899,#480,.T.);
#1179=EDGE_CURVE('',#941,#943,#481,.T.);
#1180=EDGE_CURVE('',#942,#944,#482,.F.);
#1181=EDGE_CURVE('',#944,#898,#483,.T.);
#1182=EDGE_CURVE('',#944,#943,#484,.T.);
#1183=EDGE_CURVE('',#901,#945,#485,.T.);
#1184=EDGE_CURVE('',#945,#946,#486,.T.);
#1185=EDGE_CURVE('',#902,#946,#487,.T.);
#1186=EDGE_CURVE('',#903,#947,#488,.T.);
#1187=EDGE_CURVE('',#948,#875,#489,.T.);
#1188=EDGE_CURVE('',#949,#948,#490,.T.);
#1189=EDGE_CURVE('',#949,#947,#491,.T.);
#1190=EDGE_CURVE('',#950,#947,#492,.T.);
#1191=EDGE_CURVE('',#904,#950,#493,.T.);
#1192=EDGE_CURVE('',#813,#951,#494,.T.);
#1193=EDGE_CURVE('',#905,#951,#495,.T.);
#1194=EDGE_CURVE('',#951,#911,#496,.T.);
#1195=EDGE_CURVE('',#908,#945,#497,.T.);
#1196=EDGE_CURVE('',#907,#952,#498,.T.);
#1197=EDGE_CURVE('',#945,#952,#499,.T.);
#1198=EDGE_CURVE('',#934,#953,#500,.T.);
#1199=EDGE_CURVE('',#910,#953,#501,.T.);
#1200=EDGE_CURVE('',#954,#909,#502,.T.);
#1201=EDGE_CURVE('',#954,#934,#503,.T.);
#1202=EDGE_CURVE('',#955,#874,#504,.T.);
#1203=EDGE_CURVE('',#910,#955,#505,.T.);
#1204=EDGE_CURVE('',#872,#956,#506,.T.);
#1205=EDGE_CURVE('',#952,#956,#507,.T.);
#1206=EDGE_CURVE('',#951,#954,#508,.T.);
#1207=EDGE_CURVE('',#866,#930,#275,.T.);
#1208=EDGE_CURVE('',#957,#958,#276,.T.);
#1209=EDGE_CURVE('',#958,#914,#509,.T.);
#1210=EDGE_CURVE('',#958,#959,#277,.T.);
#1211=EDGE_CURVE('',#959,#849,#510,.T.);
#1212=EDGE_CURVE('',#957,#848,#511,.T.);
#1213=EDGE_CURVE('',#960,#961,#278,.T.);
#1214=EDGE_CURVE('',#961,#915,#512,.T.);
#1215=EDGE_CURVE('',#961,#962,#279,.T.);
#1216=EDGE_CURVE('',#962,#963,#513,.T.);
#1217=EDGE_CURVE('',#964,#963,#280,.T.);
#1218=EDGE_CURVE('',#960,#964,#514,.T.);
#1219=EDGE_CURVE('',#965,#965,#281,.T.);
#1220=EDGE_CURVE('',#965,#916,#515,.T.);
#1221=EDGE_CURVE('',#817,#818,#282,.T.);
#1222=EDGE_CURVE('',#966,#816,#283,.T.);
#1223=EDGE_CURVE('',#966,#917,#516,.T.);
#1224=EDGE_CURVE('',#810,#966,#284,.T.);
#1225=EDGE_CURVE('',#967,#967,#285,.T.);
#1226=EDGE_CURVE('',#967,#918,#517,.T.);
#1227=EDGE_CURVE('',#968,#968,#286,.T.);
#1228=EDGE_CURVE('',#968,#919,#518,.T.);
#1229=EDGE_CURVE('',#801,#920,#519,.T.);
#1230=EDGE_CURVE('',#969,#800,#520,.T.);
#1231=EDGE_CURVE('',#969,#970,#287,.T.);
#1232=EDGE_CURVE('',#970,#802,#521,.T.);
#1233=EDGE_CURVE('',#971,#971,#288,.T.);
#1234=EDGE_CURVE('',#971,#921,#522,.T.);
#1235=EDGE_CURVE('',#862,#936,#523,.T.);
#1236=EDGE_CURVE('',#863,#865,#289,.T.);
#1237=EDGE_CURVE('',#932,#860,#524,.T.);
#1238=EDGE_CURVE('',#933,#972,#525,.T.);
#1239=EDGE_CURVE('',#972,#932,#526,.T.);
#1240=EDGE_CURVE('',#860,#953,#527,.T.);
#1241=EDGE_CURVE('',#956,#836,#528,.T.);
#1242=EDGE_CURVE('',#858,#956,#529,.T.);
#1243=EDGE_CURVE('',#956,#973,#530,.T.);
#1244=EDGE_CURVE('',#946,#973,#531,.T.);
#1245=EDGE_CURVE('',#973,#835,#532,.T.);
#1246=EDGE_CURVE('',#969,#970,#533,.T.);
#1247=EDGE_CURVE('',#950,#974,#534,.T.);
#1248=EDGE_CURVE('',#974,#949,#535,.T.);
#1249=EDGE_CURVE('',#955,#948,#536,.T.);
#1250=EDGE_CURVE('',#974,#972,#537,.T.);
#1251=EDGE_CURVE('',#964,#851,#538,.T.);
#1252=EDGE_CURVE('',#855,#963,#539,.T.);
#1253=EDGE_CURVE('',#959,#957,#540,.T.);
#1254=EDGE_CURVE('',#962,#960,#541,.T.);
#1255=ORIENTED_EDGE('',*,*,#975,.T.);
#1256=ORIENTED_EDGE('',*,*,#976,.T.);
#1257=ORIENTED_EDGE('',*,*,#977,.T.);
#1258=ORIENTED_EDGE('',*,*,#978,.T.);
#1259=ORIENTED_EDGE('',*,*,#979,.F.);
#1260=ORIENTED_EDGE('',*,*,#980,.T.);
#1261=ORIENTED_EDGE('',*,*,#981,.F.);
#1262=ORIENTED_EDGE('',*,*,#982,.F.);
#1263=ORIENTED_EDGE('',*,*,#983,.T.);
#1264=ORIENTED_EDGE('',*,*,#984,.T.);
#1265=ORIENTED_EDGE('',*,*,#985,.T.);
#1266=ORIENTED_EDGE('',*,*,#986,.F.);
#1267=ORIENTED_EDGE('',*,*,#987,.T.);
#1268=ORIENTED_EDGE('',*,*,#988,.T.);
#1269=ORIENTED_EDGE('',*,*,#989,.F.);
#1270=ORIENTED_EDGE('',*,*,#990,.F.);
#1271=ORIENTED_EDGE('',*,*,#991,.F.);
#1272=ORIENTED_EDGE('',*,*,#992,.T.);
#1273=ORIENTED_EDGE('',*,*,#993,.T.);
#1274=ORIENTED_EDGE('',*,*,#994,.F.);
#1275=ORIENTED_EDGE('',*,*,#995,.T.);
#1276=ORIENTED_EDGE('',*,*,#996,.T.);
#1277=ORIENTED_EDGE('',*,*,#997,.F.);
#1278=ORIENTED_EDGE('',*,*,#998,.F.);
#1279=ORIENTED_EDGE('',*,*,#999,.T.);
#1280=ORIENTED_EDGE('',*,*,#1000,.T.);
#1281=ORIENTED_EDGE('',*,*,#1001,.F.);
#1282=ORIENTED_EDGE('',*,*,#1002,.T.);
#1283=ORIENTED_EDGE('',*,*,#1003,.F.);
#1284=ORIENTED_EDGE('',*,*,#984,.F.);
#1285=ORIENTED_EDGE('',*,*,#1004,.F.);
#1286=ORIENTED_EDGE('',*,*,#1005,.T.);
#1287=ORIENTED_EDGE('',*,*,#1006,.T.);
#1288=ORIENTED_EDGE('',*,*,#1007,.F.);
#1289=ORIENTED_EDGE('',*,*,#1008,.T.);
#1290=ORIENTED_EDGE('',*,*,#1009,.T.);
#1291=ORIENTED_EDGE('',*,*,#1010,.F.);
#1292=ORIENTED_EDGE('',*,*,#1011,.F.);
#1293=ORIENTED_EDGE('',*,*,#1012,.F.);
#1294=ORIENTED_EDGE('',*,*,#1013,.T.);
#1295=ORIENTED_EDGE('',*,*,#1014,.F.);
#1296=ORIENTED_EDGE('',*,*,#1015,.F.);
#1297=ORIENTED_EDGE('',*,*,#1016,.F.);
#1298=ORIENTED_EDGE('',*,*,#1017,.F.);
#1299=ORIENTED_EDGE('',*,*,#1018,.F.);
#1300=ORIENTED_EDGE('',*,*,#1019,.F.);
#1301=ORIENTED_EDGE('',*,*,#1020,.F.);
#1302=ORIENTED_EDGE('',*,*,#1021,.F.);
#1303=ORIENTED_EDGE('',*,*,#1022,.F.);
#1304=ORIENTED_EDGE('',*,*,#991,.T.);
#1305=ORIENTED_EDGE('',*,*,#1023,.T.);
#1306=ORIENTED_EDGE('',*,*,#1024,.T.);
#1307=ORIENTED_EDGE('',*,*,#1025,.T.);
#1308=ORIENTED_EDGE('',*,*,#1026,.F.);
#1309=ORIENTED_EDGE('',*,*,#1024,.F.);
#1310=ORIENTED_EDGE('',*,*,#1027,.F.);
#1311=ORIENTED_EDGE('',*,*,#1028,.T.);
#1312=ORIENTED_EDGE('',*,*,#1029,.T.);
#1313=ORIENTED_EDGE('',*,*,#1028,.F.);
#1314=ORIENTED_EDGE('',*,*,#1030,.F.);
#1315=ORIENTED_EDGE('',*,*,#1031,.T.);
#1316=ORIENTED_EDGE('',*,*,#1032,.F.);
#1317=ORIENTED_EDGE('',*,*,#1033,.T.);
#1318=ORIENTED_EDGE('',*,*,#1034,.F.);
#1319=ORIENTED_EDGE('',*,*,#1026,.T.);
#1320=ORIENTED_EDGE('',*,*,#1035,.F.);
#1321=ORIENTED_EDGE('',*,*,#1031,.F.);
#1322=ORIENTED_EDGE('',*,*,#1036,.T.);
#1323=ORIENTED_EDGE('',*,*,#1037,.F.);
#1324=ORIENTED_EDGE('',*,*,#1038,.T.);
#1325=ORIENTED_EDGE('',*,*,#1039,.T.);
#1326=ORIENTED_EDGE('',*,*,#1040,.F.);
#1327=ORIENTED_EDGE('',*,*,#1041,.T.);
#1328=ORIENTED_EDGE('',*,*,#1042,.T.);
#1329=ORIENTED_EDGE('',*,*,#1043,.F.);
#1330=ORIENTED_EDGE('',*,*,#1044,.F.);
#1331=ORIENTED_EDGE('',*,*,#1039,.F.);
#1332=ORIENTED_EDGE('',*,*,#1045,.T.);
#1333=ORIENTED_EDGE('',*,*,#1043,.T.);
#1334=ORIENTED_EDGE('',*,*,#1046,.T.);
#1335=ORIENTED_EDGE('',*,*,#1020,.T.);
#1336=ORIENTED_EDGE('',*,*,#1047,.T.);
#1337=ORIENTED_EDGE('',*,*,#1048,.F.);
#1338=ORIENTED_EDGE('',*,*,#1049,.F.);
#1339=ORIENTED_EDGE('',*,*,#1050,.F.);
#1340=ORIENTED_EDGE('',*,*,#1051,.F.);
#1341=ORIENTED_EDGE('',*,*,#1005,.F.);
#1342=ORIENTED_EDGE('',*,*,#1052,.T.);
#1343=ORIENTED_EDGE('',*,*,#989,.T.);
#1344=ORIENTED_EDGE('',*,*,#1053,.F.);
#1345=ORIENTED_EDGE('',*,*,#1054,.T.);
#1346=ORIENTED_EDGE('',*,*,#1055,.T.);
#1347=ORIENTED_EDGE('',*,*,#1056,.F.);
#1348=ORIENTED_EDGE('',*,*,#1057,.F.);
#1349=ORIENTED_EDGE('',*,*,#1058,.F.);
#1350=ORIENTED_EDGE('',*,*,#1013,.F.);
#1351=ORIENTED_EDGE('',*,*,#1059,.T.);
#1352=ORIENTED_EDGE('',*,*,#1003,.T.);
#1353=ORIENTED_EDGE('',*,*,#1060,.T.);
#1354=ORIENTED_EDGE('',*,*,#1061,.F.);
#1355=ORIENTED_EDGE('',*,*,#985,.F.);
#1356=ORIENTED_EDGE('',*,*,#978,.F.);
#1357=ORIENTED_EDGE('',*,*,#1062,.T.);
#1358=ORIENTED_EDGE('',*,*,#1063,.F.);
#1359=ORIENTED_EDGE('',*,*,#1064,.F.);
#1360=ORIENTED_EDGE('',*,*,#977,.F.);
#1361=ORIENTED_EDGE('',*,*,#1065,.T.);
#1362=ORIENTED_EDGE('',*,*,#1066,.F.);
#1363=ORIENTED_EDGE('',*,*,#1062,.F.);
#1364=ORIENTED_EDGE('',*,*,#976,.F.);
#1365=ORIENTED_EDGE('',*,*,#1067,.T.);
#1366=ORIENTED_EDGE('',*,*,#1068,.T.);
#1367=ORIENTED_EDGE('',*,*,#1069,.T.);
#1368=ORIENTED_EDGE('',*,*,#1070,.F.);
#1369=ORIENTED_EDGE('',*,*,#1071,.T.);
#1370=ORIENTED_EDGE('',*,*,#1072,.T.);
#1371=ORIENTED_EDGE('',*,*,#1073,.F.);
#1372=ORIENTED_EDGE('',*,*,#1065,.F.);
#1373=ORIENTED_EDGE('',*,*,#975,.F.);
#1374=ORIENTED_EDGE('',*,*,#1061,.T.);
#1375=ORIENTED_EDGE('',*,*,#1074,.F.);
#1376=ORIENTED_EDGE('',*,*,#1067,.F.);
#1377=ORIENTED_EDGE('',*,*,#1075,.F.);
#1378=ORIENTED_EDGE('',*,*,#1076,.F.);
#1379=ORIENTED_EDGE('',*,*,#1077,.T.);
#1380=ORIENTED_EDGE('',*,*,#1078,.F.);
#1381=ORIENTED_EDGE('',*,*,#1079,.F.);
#1382=ORIENTED_EDGE('',*,*,#1080,.F.);
#1383=ORIENTED_EDGE('',*,*,#1081,.T.);
#1384=ORIENTED_EDGE('',*,*,#1009,.F.);
#1385=ORIENTED_EDGE('',*,*,#1075,.T.);
#1386=ORIENTED_EDGE('',*,*,#1008,.F.);
#1387=ORIENTED_EDGE('',*,*,#1082,.F.);
#1388=ORIENTED_EDGE('',*,*,#1083,.T.);
#1389=ORIENTED_EDGE('',*,*,#1084,.F.);
#1390=ORIENTED_EDGE('',*,*,#1085,.T.);
#1391=ORIENTED_EDGE('',*,*,#1086,.T.);
#1392=ORIENTED_EDGE('',*,*,#1087,.F.);
#1393=ORIENTED_EDGE('',*,*,#1088,.F.);
#1394=ORIENTED_EDGE('',*,*,#1089,.T.);
#1395=ORIENTED_EDGE('',*,*,#1090,.T.);
#1396=ORIENTED_EDGE('',*,*,#1091,.F.);
#1397=ORIENTED_EDGE('',*,*,#1081,.F.);
#1398=ORIENTED_EDGE('',*,*,#1092,.F.);
#1399=ORIENTED_EDGE('',*,*,#1093,.T.);
#1400=ORIENTED_EDGE('',*,*,#1010,.T.);
#1401=ORIENTED_EDGE('',*,*,#1094,.T.);
#1402=ORIENTED_EDGE('',*,*,#1095,.T.);
#1403=ORIENTED_EDGE('',*,*,#1096,.F.);
#1404=ORIENTED_EDGE('',*,*,#1097,.F.);
#1405=ORIENTED_EDGE('',*,*,#1098,.T.);
#1406=ORIENTED_EDGE('',*,*,#1099,.T.);
#1407=ORIENTED_EDGE('',*,*,#1100,.F.);
#1408=ORIENTED_EDGE('',*,*,#1101,.F.);
#1409=ORIENTED_EDGE('',*,*,#1102,.F.);
#1410=ORIENTED_EDGE('',*,*,#1092,.T.);
#1411=ORIENTED_EDGE('',*,*,#1080,.T.);
#1412=ORIENTED_EDGE('',*,*,#1103,.F.);
#1413=ORIENTED_EDGE('',*,*,#1104,.F.);
#1414=ORIENTED_EDGE('',*,*,#1105,.T.);
#1415=ORIENTED_EDGE('',*,*,#1106,.F.);
#1416=ORIENTED_EDGE('',*,*,#979,.T.);
#1417=ORIENTED_EDGE('',*,*,#1064,.T.);
#1418=ORIENTED_EDGE('',*,*,#1107,.T.);
#1419=ORIENTED_EDGE('',*,*,#1108,.F.);
#1420=ORIENTED_EDGE('',*,*,#1109,.F.);
#1421=ORIENTED_EDGE('',*,*,#995,.F.);
#1422=ORIENTED_EDGE('',*,*,#1110,.T.);
#1423=ORIENTED_EDGE('',*,*,#1111,.F.);
#1424=ORIENTED_EDGE('',*,*,#1112,.T.);
#1425=ORIENTED_EDGE('',*,*,#1076,.T.);
#1426=ORIENTED_EDGE('',*,*,#1083,.F.);
#1427=ORIENTED_EDGE('',*,*,#1023,.F.);
#1428=ORIENTED_EDGE('',*,*,#1036,.F.);
#1429=ORIENTED_EDGE('',*,*,#1030,.T.);
#1430=ORIENTED_EDGE('',*,*,#1027,.T.);
#1431=ORIENTED_EDGE('',*,*,#1044,.T.);
#1432=ORIENTED_EDGE('',*,*,#1045,.F.);
#1433=ORIENTED_EDGE('',*,*,#1038,.F.);
#1434=ORIENTED_EDGE('',*,*,#1113,.T.);
#1435=ORIENTED_EDGE('',*,*,#1103,.T.);
#1436=ORIENTED_EDGE('',*,*,#1079,.T.);
#1437=ORIENTED_EDGE('',*,*,#1114,.F.);
#1438=ORIENTED_EDGE('',*,*,#1115,.T.);
#1439=ORIENTED_EDGE('',*,*,#1116,.F.);
#1440=ORIENTED_EDGE('',*,*,#1117,.T.);
#1441=ORIENTED_EDGE('',*,*,#1118,.T.);
#1442=ORIENTED_EDGE('',*,*,#1119,.T.);
#1443=ORIENTED_EDGE('',*,*,#1114,.T.);
#1444=ORIENTED_EDGE('',*,*,#1078,.T.);
#1445=ORIENTED_EDGE('',*,*,#1120,.F.);
#1446=ORIENTED_EDGE('',*,*,#1112,.F.);
#1447=ORIENTED_EDGE('',*,*,#1121,.T.);
#1448=ORIENTED_EDGE('',*,*,#1122,.F.);
#1449=ORIENTED_EDGE('',*,*,#1120,.T.);
#1450=ORIENTED_EDGE('',*,*,#1077,.F.);
#1451=ORIENTED_EDGE('',*,*,#1007,.T.);
#1452=ORIENTED_EDGE('',*,*,#1123,.F.);
#1453=ORIENTED_EDGE('',*,*,#1124,.F.);
#1454=ORIENTED_EDGE('',*,*,#1125,.T.);
#1455=ORIENTED_EDGE('',*,*,#1011,.T.);
#1456=ORIENTED_EDGE('',*,*,#1093,.F.);
#1457=ORIENTED_EDGE('',*,*,#1102,.T.);
#1458=ORIENTED_EDGE('',*,*,#1082,.T.);
#1459=ORIENTED_EDGE('',*,*,#1126,.F.);
#1460=ORIENTED_EDGE('',*,*,#1127,.F.);
#1461=ORIENTED_EDGE('',*,*,#1128,.F.);
#1462=ORIENTED_EDGE('',*,*,#1129,.F.);
#1463=ORIENTED_EDGE('',*,*,#1130,.F.);
#1464=ORIENTED_EDGE('',*,*,#1131,.F.);
#1465=ORIENTED_EDGE('',*,*,#1132,.F.);
#1466=ORIENTED_EDGE('',*,*,#1133,.F.);
#1467=ORIENTED_EDGE('',*,*,#1134,.F.);
#1468=ORIENTED_EDGE('',*,*,#1084,.T.);
#1469=ORIENTED_EDGE('',*,*,#1135,.T.);
#1470=ORIENTED_EDGE('',*,*,#1136,.T.);
#1471=ORIENTED_EDGE('',*,*,#1134,.T.);
#1472=ORIENTED_EDGE('',*,*,#1137,.T.);
#1473=ORIENTED_EDGE('',*,*,#1138,.F.);
#1474=ORIENTED_EDGE('',*,*,#1085,.F.);
#1475=ORIENTED_EDGE('',*,*,#1135,.F.);
#1476=ORIENTED_EDGE('',*,*,#1087,.T.);
#1477=ORIENTED_EDGE('',*,*,#1139,.T.);
#1478=ORIENTED_EDGE('',*,*,#1140,.F.);
#1479=ORIENTED_EDGE('',*,*,#1138,.T.);
#1480=ORIENTED_EDGE('',*,*,#1141,.F.);
#1481=ORIENTED_EDGE('',*,*,#1139,.F.);
#1482=ORIENTED_EDGE('',*,*,#1086,.F.);
#1483=ORIENTED_EDGE('',*,*,#1142,.F.);
#1484=ORIENTED_EDGE('',*,*,#1088,.T.);
#1485=ORIENTED_EDGE('',*,*,#1143,.T.);
#1486=ORIENTED_EDGE('',*,*,#1144,.T.);
#1487=ORIENTED_EDGE('',*,*,#1142,.T.);
#1488=ORIENTED_EDGE('',*,*,#1145,.T.);
#1489=ORIENTED_EDGE('',*,*,#1146,.F.);
#1490=ORIENTED_EDGE('',*,*,#1089,.F.);
#1491=ORIENTED_EDGE('',*,*,#1143,.F.);
#1492=ORIENTED_EDGE('',*,*,#1091,.T.);
#1493=ORIENTED_EDGE('',*,*,#1147,.T.);
#1494=ORIENTED_EDGE('',*,*,#1148,.F.);
#1495=ORIENTED_EDGE('',*,*,#1146,.T.);
#1496=ORIENTED_EDGE('',*,*,#1149,.F.);
#1497=ORIENTED_EDGE('',*,*,#1147,.F.);
#1498=ORIENTED_EDGE('',*,*,#1090,.F.);
#1499=ORIENTED_EDGE('',*,*,#1056,.T.);
#1500=ORIENTED_EDGE('',*,*,#1150,.T.);
#1501=ORIENTED_EDGE('',*,*,#1151,.F.);
#1502=ORIENTED_EDGE('',*,*,#1123,.T.);
#1503=ORIENTED_EDGE('',*,*,#1006,.F.);
#1504=ORIENTED_EDGE('',*,*,#1060,.F.);
#1505=ORIENTED_EDGE('',*,*,#1002,.F.);
#1506=ORIENTED_EDGE('',*,*,#1152,.T.);
#1507=ORIENTED_EDGE('',*,*,#1153,.T.);
#1508=ORIENTED_EDGE('',*,*,#1154,.T.);
#1509=ORIENTED_EDGE('',*,*,#1074,.T.);
#1510=ORIENTED_EDGE('',*,*,#1155,.T.);
#1511=ORIENTED_EDGE('',*,*,#1152,.F.);
#1512=ORIENTED_EDGE('',*,*,#1001,.T.);
#1513=ORIENTED_EDGE('',*,*,#1156,.F.);
#1514=ORIENTED_EDGE('',*,*,#992,.F.);
#1515=ORIENTED_EDGE('',*,*,#1022,.T.);
#1516=ORIENTED_EDGE('',*,*,#1157,.F.);
#1517=ORIENTED_EDGE('',*,*,#1158,.F.);
#1518=ORIENTED_EDGE('',*,*,#1021,.T.);
#1519=ORIENTED_EDGE('',*,*,#1051,.T.);
#1520=ORIENTED_EDGE('',*,*,#1159,.T.);
#1521=ORIENTED_EDGE('',*,*,#1157,.T.);
#1522=ORIENTED_EDGE('',*,*,#1160,.F.);
#1523=ORIENTED_EDGE('',*,*,#1016,.T.);
#1524=ORIENTED_EDGE('',*,*,#1161,.F.);
#1525=ORIENTED_EDGE('',*,*,#987,.F.);
#1526=ORIENTED_EDGE('',*,*,#1015,.T.);
#1527=ORIENTED_EDGE('',*,*,#1162,.F.);
#1528=ORIENTED_EDGE('',*,*,#1163,.F.);
#1529=ORIENTED_EDGE('',*,*,#1161,.T.);
#1530=ORIENTED_EDGE('',*,*,#1164,.T.);
#1531=ORIENTED_EDGE('',*,*,#1163,.T.);
#1532=ORIENTED_EDGE('',*,*,#1162,.T.);
#1533=ORIENTED_EDGE('',*,*,#1014,.T.);
#1534=ORIENTED_EDGE('',*,*,#1058,.T.);
#1535=ORIENTED_EDGE('',*,*,#1165,.F.);
#1536=ORIENTED_EDGE('',*,*,#1166,.T.);
#1537=ORIENTED_EDGE('',*,*,#1059,.F.);
#1538=ORIENTED_EDGE('',*,*,#1012,.T.);
#1539=ORIENTED_EDGE('',*,*,#1125,.F.);
#1540=ORIENTED_EDGE('',*,*,#1167,.F.);
#1541=ORIENTED_EDGE('',*,*,#1168,.F.);
#1542=ORIENTED_EDGE('',*,*,#1169,.T.);
#1543=ORIENTED_EDGE('',*,*,#1094,.F.);
#1544=ORIENTED_EDGE('',*,*,#1167,.T.);
#1545=ORIENTED_EDGE('',*,*,#1097,.T.);
#1546=ORIENTED_EDGE('',*,*,#1170,.F.);
#1547=ORIENTED_EDGE('',*,*,#1171,.F.);
#1548=ORIENTED_EDGE('',*,*,#1169,.F.);
#1549=ORIENTED_EDGE('',*,*,#1172,.T.);
#1550=ORIENTED_EDGE('',*,*,#1173,.T.);
#1551=ORIENTED_EDGE('',*,*,#1095,.F.);
#1552=ORIENTED_EDGE('',*,*,#1170,.T.);
#1553=ORIENTED_EDGE('',*,*,#1096,.T.);
#1554=ORIENTED_EDGE('',*,*,#1173,.F.);
#1555=ORIENTED_EDGE('',*,*,#1174,.T.);
#1556=ORIENTED_EDGE('',*,*,#1175,.F.);
#1557=ORIENTED_EDGE('',*,*,#1176,.F.);
#1558=ORIENTED_EDGE('',*,*,#1177,.T.);
#1559=ORIENTED_EDGE('',*,*,#1098,.F.);
#1560=ORIENTED_EDGE('',*,*,#1175,.T.);
#1561=ORIENTED_EDGE('',*,*,#1101,.T.);
#1562=ORIENTED_EDGE('',*,*,#1178,.F.);
#1563=ORIENTED_EDGE('',*,*,#1179,.F.);
#1564=ORIENTED_EDGE('',*,*,#1177,.F.);
#1565=ORIENTED_EDGE('',*,*,#1180,.T.);
#1566=ORIENTED_EDGE('',*,*,#1181,.T.);
#1567=ORIENTED_EDGE('',*,*,#1099,.F.);
#1568=ORIENTED_EDGE('',*,*,#1178,.T.);
#1569=ORIENTED_EDGE('',*,*,#1100,.T.);
#1570=ORIENTED_EDGE('',*,*,#1181,.F.);
#1571=ORIENTED_EDGE('',*,*,#1182,.T.);
#1572=ORIENTED_EDGE('',*,*,#1183,.T.);
#1573=ORIENTED_EDGE('',*,*,#1184,.T.);
#1574=ORIENTED_EDGE('',*,*,#1185,.F.);
#1575=ORIENTED_EDGE('',*,*,#1105,.F.);
#1576=ORIENTED_EDGE('',*,*,#1186,.F.);
#1577=ORIENTED_EDGE('',*,*,#1107,.F.);
#1578=ORIENTED_EDGE('',*,*,#1063,.T.);
#1579=ORIENTED_EDGE('',*,*,#1066,.T.);
#1580=ORIENTED_EDGE('',*,*,#1073,.T.);
#1581=ORIENTED_EDGE('',*,*,#1187,.F.);
#1582=ORIENTED_EDGE('',*,*,#1188,.F.);
#1583=ORIENTED_EDGE('',*,*,#1189,.T.);
#1584=ORIENTED_EDGE('',*,*,#1108,.T.);
#1585=ORIENTED_EDGE('',*,*,#1186,.T.);
#1586=ORIENTED_EDGE('',*,*,#1190,.F.);
#1587=ORIENTED_EDGE('',*,*,#1191,.F.);
#1588=ORIENTED_EDGE('',*,*,#1192,.T.);
#1589=ORIENTED_EDGE('',*,*,#1193,.F.);
#1590=ORIENTED_EDGE('',*,*,#1110,.F.);
#1591=ORIENTED_EDGE('',*,*,#994,.T.);
#1592=ORIENTED_EDGE('',*,*,#1193,.T.);
#1593=ORIENTED_EDGE('',*,*,#1194,.T.);
#1594=ORIENTED_EDGE('',*,*,#1121,.F.);
#1595=ORIENTED_EDGE('',*,*,#1111,.T.);
#1596=ORIENTED_EDGE('',*,*,#1116,.T.);
#1597=ORIENTED_EDGE('',*,*,#1195,.T.);
#1598=ORIENTED_EDGE('',*,*,#1183,.F.);
#1599=ORIENTED_EDGE('',*,*,#1104,.T.);
#1600=ORIENTED_EDGE('',*,*,#1115,.F.);
#1601=ORIENTED_EDGE('',*,*,#1196,.T.);
#1602=ORIENTED_EDGE('',*,*,#1197,.F.);
#1603=ORIENTED_EDGE('',*,*,#1195,.F.);
#1604=ORIENTED_EDGE('',*,*,#1198,.T.);
#1605=ORIENTED_EDGE('',*,*,#1199,.F.);
#1606=ORIENTED_EDGE('',*,*,#1117,.F.);
#1607=ORIENTED_EDGE('',*,*,#1200,.F.);
#1608=ORIENTED_EDGE('',*,*,#1201,.T.);
#1609=ORIENTED_EDGE('',*,*,#1202,.T.);
#1610=ORIENTED_EDGE('',*,*,#1071,.F.);
#1611=ORIENTED_EDGE('',*,*,#1118,.F.);
#1612=ORIENTED_EDGE('',*,*,#1203,.T.);
#1613=ORIENTED_EDGE('',*,*,#1070,.T.);
#1614=ORIENTED_EDGE('',*,*,#1204,.T.);
#1615=ORIENTED_EDGE('',*,*,#1205,.F.);
#1616=ORIENTED_EDGE('',*,*,#1196,.F.);
#1617=ORIENTED_EDGE('',*,*,#1119,.F.);
#1618=ORIENTED_EDGE('',*,*,#1206,.T.);
#1619=ORIENTED_EDGE('',*,*,#1200,.T.);
#1620=ORIENTED_EDGE('',*,*,#1122,.T.);
#1621=ORIENTED_EDGE('',*,*,#1194,.F.);
#1622=ORIENTED_EDGE('',*,*,#1166,.F.);
#1623=ORIENTED_EDGE('',*,*,#1124,.T.);
#1624=ORIENTED_EDGE('',*,*,#1151,.T.);
#1625=ORIENTED_EDGE('',*,*,#1207,.F.);
#1626=ORIENTED_EDGE('',*,*,#1208,.T.);
#1627=ORIENTED_EDGE('',*,*,#1209,.T.);
#1628=ORIENTED_EDGE('',*,*,#1126,.T.);
#1629=ORIENTED_EDGE('',*,*,#1209,.F.);
#1630=ORIENTED_EDGE('',*,*,#1210,.T.);
#1631=ORIENTED_EDGE('',*,*,#1211,.T.);
#1632=ORIENTED_EDGE('',*,*,#1033,.F.);
#1633=ORIENTED_EDGE('',*,*,#1212,.F.);
#1634=ORIENTED_EDGE('',*,*,#1213,.T.);
#1635=ORIENTED_EDGE('',*,*,#1214,.T.);
#1636=ORIENTED_EDGE('',*,*,#1127,.T.);
#1637=ORIENTED_EDGE('',*,*,#1214,.F.);
#1638=ORIENTED_EDGE('',*,*,#1215,.T.);
#1639=ORIENTED_EDGE('',*,*,#1216,.T.);
#1640=ORIENTED_EDGE('',*,*,#1217,.F.);
#1641=ORIENTED_EDGE('',*,*,#1218,.F.);
#1642=ORIENTED_EDGE('',*,*,#1219,.T.);
#1643=ORIENTED_EDGE('',*,*,#1220,.T.);
#1644=ORIENTED_EDGE('',*,*,#1128,.T.);
#1645=ORIENTED_EDGE('',*,*,#1220,.F.);
#1646=ORIENTED_EDGE('',*,*,#1221,.F.);
#1647=ORIENTED_EDGE('',*,*,#997,.T.);
#1648=ORIENTED_EDGE('',*,*,#1222,.F.);
#1649=ORIENTED_EDGE('',*,*,#1223,.T.);
#1650=ORIENTED_EDGE('',*,*,#1129,.T.);
#1651=ORIENTED_EDGE('',*,*,#1223,.F.);
#1652=ORIENTED_EDGE('',*,*,#1224,.F.);
#1653=ORIENTED_EDGE('',*,*,#999,.F.);
#1654=ORIENTED_EDGE('',*,*,#1225,.T.);
#1655=ORIENTED_EDGE('',*,*,#1226,.T.);
#1656=ORIENTED_EDGE('',*,*,#1130,.T.);
#1657=ORIENTED_EDGE('',*,*,#1226,.F.);
#1658=ORIENTED_EDGE('',*,*,#1227,.T.);
#1659=ORIENTED_EDGE('',*,*,#1228,.T.);
#1660=ORIENTED_EDGE('',*,*,#1131,.T.);
#1661=ORIENTED_EDGE('',*,*,#1228,.F.);
#1662=ORIENTED_EDGE('',*,*,#982,.T.);
#1663=ORIENTED_EDGE('',*,*,#1229,.T.);
#1664=ORIENTED_EDGE('',*,*,#1132,.T.);
#1665=ORIENTED_EDGE('',*,*,#1229,.F.);
#1666=ORIENTED_EDGE('',*,*,#981,.T.);
#1667=ORIENTED_EDGE('',*,*,#1230,.F.);
#1668=ORIENTED_EDGE('',*,*,#1231,.T.);
#1669=ORIENTED_EDGE('',*,*,#1232,.T.);
#1670=ORIENTED_EDGE('',*,*,#1233,.T.);
#1671=ORIENTED_EDGE('',*,*,#1234,.T.);
#1672=ORIENTED_EDGE('',*,*,#1133,.T.);
#1673=ORIENTED_EDGE('',*,*,#1234,.F.);
#1674=ORIENTED_EDGE('',*,*,#1140,.T.);
#1675=ORIENTED_EDGE('',*,*,#1141,.T.);
#1676=ORIENTED_EDGE('',*,*,#1137,.F.);
#1677=ORIENTED_EDGE('',*,*,#1136,.F.);
#1678=ORIENTED_EDGE('',*,*,#1148,.T.);
#1679=ORIENTED_EDGE('',*,*,#1149,.T.);
#1680=ORIENTED_EDGE('',*,*,#1145,.F.);
#1681=ORIENTED_EDGE('',*,*,#1144,.F.);
#1682=ORIENTED_EDGE('',*,*,#1164,.F.);
#1683=ORIENTED_EDGE('',*,*,#1235,.F.);
#1684=ORIENTED_EDGE('',*,*,#1053,.T.);
#1685=ORIENTED_EDGE('',*,*,#988,.F.);
#1686=ORIENTED_EDGE('',*,*,#1054,.F.);
#1687=ORIENTED_EDGE('',*,*,#1235,.T.);
#1688=ORIENTED_EDGE('',*,*,#1165,.T.);
#1689=ORIENTED_EDGE('',*,*,#1236,.F.);
#1690=ORIENTED_EDGE('',*,*,#1154,.F.);
#1691=ORIENTED_EDGE('',*,*,#1237,.T.);
#1692=ORIENTED_EDGE('',*,*,#1049,.T.);
#1693=ORIENTED_EDGE('',*,*,#1068,.F.);
#1694=ORIENTED_EDGE('',*,*,#1238,.T.);
#1695=ORIENTED_EDGE('',*,*,#1239,.T.);
#1696=ORIENTED_EDGE('',*,*,#1153,.F.);
#1697=ORIENTED_EDGE('',*,*,#1155,.F.);
#1698=ORIENTED_EDGE('',*,*,#1158,.T.);
#1699=ORIENTED_EDGE('',*,*,#1201,.F.);
#1700=ORIENTED_EDGE('',*,*,#1206,.F.);
#1701=ORIENTED_EDGE('',*,*,#1192,.F.);
#1702=ORIENTED_EDGE('',*,*,#993,.F.);
#1703=ORIENTED_EDGE('',*,*,#1050,.T.);
#1704=ORIENTED_EDGE('',*,*,#1240,.T.);
#1705=ORIENTED_EDGE('',*,*,#1198,.F.);
#1706=ORIENTED_EDGE('',*,*,#1159,.F.);
#1707=ORIENTED_EDGE('',*,*,#1019,.T.);
#1708=ORIENTED_EDGE('',*,*,#1241,.F.);
#1709=ORIENTED_EDGE('',*,*,#1242,.F.);
#1710=ORIENTED_EDGE('',*,*,#1047,.F.);
#1711=ORIENTED_EDGE('',*,*,#1048,.T.);
#1712=ORIENTED_EDGE('',*,*,#1242,.T.);
#1713=ORIENTED_EDGE('',*,*,#1204,.F.);
#1714=ORIENTED_EDGE('',*,*,#1069,.F.);
#1715=ORIENTED_EDGE('',*,*,#1172,.F.);
#1716=ORIENTED_EDGE('',*,*,#1168,.T.);
#1717=ORIENTED_EDGE('',*,*,#1171,.T.);
#1718=ORIENTED_EDGE('',*,*,#1174,.F.);
#1719=ORIENTED_EDGE('',*,*,#1180,.F.);
#1720=ORIENTED_EDGE('',*,*,#1176,.T.);
#1721=ORIENTED_EDGE('',*,*,#1179,.T.);
#1722=ORIENTED_EDGE('',*,*,#1182,.F.);
#1723=ORIENTED_EDGE('',*,*,#1197,.T.);
#1724=ORIENTED_EDGE('',*,*,#1205,.T.);
#1725=ORIENTED_EDGE('',*,*,#1243,.T.);
#1726=ORIENTED_EDGE('',*,*,#1244,.F.);
#1727=ORIENTED_EDGE('',*,*,#1184,.F.);
#1728=ORIENTED_EDGE('',*,*,#1185,.T.);
#1729=ORIENTED_EDGE('',*,*,#1244,.T.);
#1730=ORIENTED_EDGE('',*,*,#1245,.T.);
#1731=ORIENTED_EDGE('',*,*,#1017,.T.);
#1732=ORIENTED_EDGE('',*,*,#1160,.T.);
#1733=ORIENTED_EDGE('',*,*,#986,.T.);
#1734=ORIENTED_EDGE('',*,*,#1052,.F.);
#1735=ORIENTED_EDGE('',*,*,#1004,.T.);
#1736=ORIENTED_EDGE('',*,*,#983,.F.);
#1737=ORIENTED_EDGE('',*,*,#1232,.F.);
#1738=ORIENTED_EDGE('',*,*,#1246,.F.);
#1739=ORIENTED_EDGE('',*,*,#1230,.T.);
#1740=ORIENTED_EDGE('',*,*,#980,.F.);
#1741=ORIENTED_EDGE('',*,*,#1106,.T.);
#1742=ORIENTED_EDGE('',*,*,#1247,.F.);
#1743=ORIENTED_EDGE('',*,*,#1190,.T.);
#1744=ORIENTED_EDGE('',*,*,#1189,.F.);
#1745=ORIENTED_EDGE('',*,*,#1248,.F.);
#1746=ORIENTED_EDGE('',*,*,#1248,.T.);
#1747=ORIENTED_EDGE('',*,*,#1188,.T.);
#1748=ORIENTED_EDGE('',*,*,#1249,.F.);
#1749=ORIENTED_EDGE('',*,*,#1203,.F.);
#1750=ORIENTED_EDGE('',*,*,#1199,.T.);
#1751=ORIENTED_EDGE('',*,*,#1240,.F.);
#1752=ORIENTED_EDGE('',*,*,#1237,.F.);
#1753=ORIENTED_EDGE('',*,*,#1239,.F.);
#1754=ORIENTED_EDGE('',*,*,#1250,.F.);
#1755=ORIENTED_EDGE('',*,*,#1187,.T.);
#1756=ORIENTED_EDGE('',*,*,#1072,.F.);
#1757=ORIENTED_EDGE('',*,*,#1202,.F.);
#1758=ORIENTED_EDGE('',*,*,#1249,.T.);
#1759=ORIENTED_EDGE('',*,*,#1037,.T.);
#1760=ORIENTED_EDGE('',*,*,#1251,.F.);
#1761=ORIENTED_EDGE('',*,*,#1217,.T.);
#1762=ORIENTED_EDGE('',*,*,#1252,.F.);
#1763=ORIENTED_EDGE('',*,*,#1041,.F.);
#1764=ORIENTED_EDGE('',*,*,#1113,.F.);
#1765=ORIENTED_EDGE('',*,*,#1057,.T.);
#1766=ORIENTED_EDGE('',*,*,#1207,.T.);
#1767=ORIENTED_EDGE('',*,*,#1150,.F.);
#1768=ORIENTED_EDGE('',*,*,#1055,.F.);
#1769=ORIENTED_EDGE('',*,*,#1236,.T.);
#1770=ORIENTED_EDGE('',*,*,#1208,.F.);
#1771=ORIENTED_EDGE('',*,*,#1253,.F.);
#1772=ORIENTED_EDGE('',*,*,#1210,.F.);
#1773=ORIENTED_EDGE('',*,*,#1034,.T.);
#1774=ORIENTED_EDGE('',*,*,#1211,.F.);
#1775=ORIENTED_EDGE('',*,*,#1253,.T.);
#1776=ORIENTED_EDGE('',*,*,#1212,.T.);
#1777=ORIENTED_EDGE('',*,*,#1032,.T.);
#1778=ORIENTED_EDGE('',*,*,#1035,.T.);
#1779=ORIENTED_EDGE('',*,*,#1025,.F.);
#1780=ORIENTED_EDGE('',*,*,#1029,.F.);
#1781=ORIENTED_EDGE('',*,*,#1213,.F.);
#1782=ORIENTED_EDGE('',*,*,#1254,.F.);
#1783=ORIENTED_EDGE('',*,*,#1215,.F.);
#1784=ORIENTED_EDGE('',*,*,#1252,.T.);
#1785=ORIENTED_EDGE('',*,*,#1216,.F.);
#1786=ORIENTED_EDGE('',*,*,#1254,.T.);
#1787=ORIENTED_EDGE('',*,*,#1218,.T.);
#1788=ORIENTED_EDGE('',*,*,#1251,.T.);
#1789=ORIENTED_EDGE('',*,*,#1040,.T.);
#1790=ORIENTED_EDGE('',*,*,#1046,.F.);
#1791=ORIENTED_EDGE('',*,*,#1042,.F.);
#1792=ORIENTED_EDGE('',*,*,#1219,.F.);
#1793=ORIENTED_EDGE('',*,*,#1221,.T.);
#1794=ORIENTED_EDGE('',*,*,#998,.T.);
#1795=ORIENTED_EDGE('',*,*,#1225,.F.);
#1796=ORIENTED_EDGE('',*,*,#1227,.F.);
#1797=ORIENTED_EDGE('',*,*,#1231,.F.);
#1798=ORIENTED_EDGE('',*,*,#1246,.T.);
#1799=ORIENTED_EDGE('',*,*,#1233,.F.);
#1800=ORIENTED_EDGE('',*,*,#990,.T.);
#1801=ORIENTED_EDGE('',*,*,#1224,.T.);
#1802=ORIENTED_EDGE('',*,*,#1222,.T.);
#1803=ORIENTED_EDGE('',*,*,#996,.F.);
#1804=ORIENTED_EDGE('',*,*,#1109,.T.);
#1805=ORIENTED_EDGE('',*,*,#1191,.T.);
#1806=ORIENTED_EDGE('',*,*,#1247,.T.);
#1807=ORIENTED_EDGE('',*,*,#1250,.T.);
#1808=ORIENTED_EDGE('',*,*,#1238,.F.);
#1809=ORIENTED_EDGE('',*,*,#1156,.T.);
#1810=ORIENTED_EDGE('',*,*,#1000,.F.);
#1811=ORIENTED_EDGE('',*,*,#1018,.T.);
#1812=ORIENTED_EDGE('',*,*,#1245,.F.);
#1813=ORIENTED_EDGE('',*,*,#1243,.F.);
#1814=ORIENTED_EDGE('',*,*,#1241,.T.);
#1815=PLANE('',#2027);
#1816=PLANE('',#2030);
#1817=PLANE('',#2031);
#1818=PLANE('',#2032);
#1819=PLANE('',#2034);
#1820=PLANE('',#2035);
#1821=PLANE('',#2036);
#1822=PLANE('',#2038);
#1823=PLANE('',#2039);
#1824=PLANE('',#2040);
#1825=PLANE('',#2041);
#1826=PLANE('',#2042);
#1827=PLANE('',#2043);
#1828=PLANE('',#2046);
#1829=PLANE('',#2047);
#1830=PLANE('',#2048);
#1831=PLANE('',#2049);
#1832=PLANE('',#2050);
#1833=PLANE('',#2051);
#1834=PLANE('',#2052);
#1835=PLANE('',#2053);
#1836=PLANE('',#2054);
#1837=PLANE('',#2055);
#1838=PLANE('',#2056);
#1839=PLANE('',#2057);
#1840=PLANE('',#2058);
#1841=PLANE('',#2067);
#1842=PLANE('',#2068);
#1843=PLANE('',#2069);
#1844=PLANE('',#2070);
#1845=PLANE('',#2071);
#1846=PLANE('',#2072);
#1847=PLANE('',#2073);
#1848=PLANE('',#2074);
#1849=PLANE('',#2075);
#1850=PLANE('',#2076);
#1851=PLANE('',#2077);
#1852=PLANE('',#2078);
#1853=PLANE('',#2079);
#1854=PLANE('',#2080);
#1855=PLANE('',#2081);
#1856=PLANE('',#2082);
#1857=PLANE('',#2083);
#1858=PLANE('',#2084);
#1859=PLANE('',#2085);
#1860=PLANE('',#2086);
#1861=PLANE('',#2087);
#1862=PLANE('',#2088);
#1863=PLANE('',#2089);
#1864=PLANE('',#2090);
#1865=PLANE('',#2091);
#1866=PLANE('',#2092);
#1867=PLANE('',#2093);
#1868=PLANE('',#2094);
#1869=PLANE('',#2095);
#1870=PLANE('',#2096);
#1871=PLANE('',#2097);
#1872=PLANE('',#2098);
#1873=PLANE('',#2099);
#1874=PLANE('',#2100);
#1875=PLANE('',#2101);
#1876=PLANE('',#2102);
#1877=PLANE('',#2103);
#1878=PLANE('',#2126);
#1879=PLANE('',#2127);
#1880=PLANE('',#2128);
#1881=PLANE('',#2129);
#1882=PLANE('',#2131);
#1883=PLANE('',#2132);
#1884=PLANE('',#2133);
#1885=PLANE('',#2134);
#1886=PLANE('',#2135);
#1887=PLANE('',#2136);
#1888=PLANE('',#2137);
#1889=PLANE('',#2138);
#1890=PLANE('',#2139);
#1891=PLANE('',#2140);
#1892=PLANE('',#2141);
#1893=PLANE('',#2142);
#1894=PLANE('',#2143);
#1895=PLANE('',#2144);
#1896=PLANE('',#2145);
#1897=PLANE('',#2146);
#1898=PLANE('',#2147);
#1899=PLANE('',#2148);
#1900=PLANE('',#2149);
#1901=PLANE('',#2150);
#1902=PLANE('',#2151);
#1903=PLANE('',#2152);
#1904=PLANE('',#2153);
#1905=PLANE('',#2154);
#1906=PLANE('',#2155);
#1907=PLANE('',#2156);
#1908=PLANE('',#2157);
#1909=ADVANCED_FACE('',(#42),#1815,.T.);
#1910=ADVANCED_FACE('',(#43),#1816,.T.);
#1911=ADVANCED_FACE('',(#44),#1817,.T.);
#1912=ADVANCED_FACE('',(#45),#1818,.T.);
#1913=ADVANCED_FACE('',(#46),#1819,.F.);
#1914=ADVANCED_FACE('',(#47),#1820,.T.);
#1915=ADVANCED_FACE('',(#48),#1821,.T.);
#1916=ADVANCED_FACE('',(#49),#1822,.F.);
#1917=ADVANCED_FACE('',(#50),#1823,.F.);
#1918=ADVANCED_FACE('',(#51),#1824,.T.);
#1919=ADVANCED_FACE('',(#52),#1825,.F.);
#1920=ADVANCED_FACE('',(#53),#1826,.F.);
#1921=ADVANCED_FACE('',(#54),#1827,.T.);
#1922=ADVANCED_FACE('',(#55),#33,.F.);
#1923=ADVANCED_FACE('',(#56),#1828,.T.);
#1924=ADVANCED_FACE('',(#57),#1829,.T.);
#1925=ADVANCED_FACE('',(#58),#1830,.T.);
#1926=ADVANCED_FACE('',(#59),#1831,.T.);
#1927=ADVANCED_FACE('',(#60),#1832,.F.);
#1928=ADVANCED_FACE('',(#61),#1833,.T.);
#1929=ADVANCED_FACE('',(#62,#19,#20),#1834,.F.);
#1930=ADVANCED_FACE('',(#63,#21,#22),#1835,.T.);
#1931=ADVANCED_FACE('',(#64,#23,#24),#1836,.F.);
#1932=ADVANCED_FACE('',(#65),#1837,.F.);
#1933=ADVANCED_FACE('',(#66),#1838,.F.);
#1934=ADVANCED_FACE('',(#67),#1839,.T.);
#1935=ADVANCED_FACE('',(#68,#25,#26,#27,#28,#29,#30,#31,#32),#1840,.F.);
#1936=ADVANCED_FACE('',(#69),#1841,.T.);
#1937=ADVANCED_FACE('',(#70),#1842,.F.);
#1938=ADVANCED_FACE('',(#71),#1843,.T.);
#1939=ADVANCED_FACE('',(#72),#1844,.F.);
#1940=ADVANCED_FACE('',(#73),#1845,.T.);
#1941=ADVANCED_FACE('',(#74),#1846,.F.);
#1942=ADVANCED_FACE('',(#75),#1847,.T.);
#1943=ADVANCED_FACE('',(#76),#1848,.F.);
#1944=ADVANCED_FACE('',(#77),#1849,.T.);
#1945=ADVANCED_FACE('',(#78),#1850,.T.);
#1946=ADVANCED_FACE('',(#79),#1851,.F.);
#1947=ADVANCED_FACE('',(#80),#1852,.F.);
#1948=ADVANCED_FACE('',(#81),#1853,.F.);
#1949=ADVANCED_FACE('',(#82),#1854,.F.);
#1950=ADVANCED_FACE('',(#83),#1855,.F.);
#1951=ADVANCED_FACE('',(#84),#1856,.F.);
#1952=ADVANCED_FACE('',(#85),#1857,.F.);
#1953=ADVANCED_FACE('',(#86),#1858,.T.);
#1954=ADVANCED_FACE('',(#87),#1859,.F.);
#1955=ADVANCED_FACE('',(#88),#1860,.T.);
#1956=ADVANCED_FACE('',(#89),#1861,.F.);
#1957=ADVANCED_FACE('',(#90),#1862,.T.);
#1958=ADVANCED_FACE('',(#91),#1863,.F.);
#1959=ADVANCED_FACE('',(#92),#1864,.T.);
#1960=ADVANCED_FACE('',(#93),#1865,.F.);
#1961=ADVANCED_FACE('',(#94),#1866,.F.);
#1962=ADVANCED_FACE('',(#95),#1867,.T.);
#1963=ADVANCED_FACE('',(#96),#1868,.F.);
#1964=ADVANCED_FACE('',(#97),#1869,.F.);
#1965=ADVANCED_FACE('',(#98),#1870,.F.);
#1966=ADVANCED_FACE('',(#99),#1871,.F.);
#1967=ADVANCED_FACE('',(#100),#1872,.F.);
#1968=ADVANCED_FACE('',(#101),#1873,.F.);
#1969=ADVANCED_FACE('',(#102),#1874,.F.);
#1970=ADVANCED_FACE('',(#103),#1875,.F.);
#1971=ADVANCED_FACE('',(#104),#1876,.F.);
#1972=ADVANCED_FACE('',(#105),#1877,.T.);
#1973=ADVANCED_FACE('',(#106),#34,.F.);
#1974=ADVANCED_FACE('',(#107),#35,.F.);
#1975=ADVANCED_FACE('',(#108),#36,.F.);
#1976=ADVANCED_FACE('',(#109),#37,.F.);
#1977=ADVANCED_FACE('',(#110),#38,.F.);
#1978=ADVANCED_FACE('',(#111),#39,.F.);
#1979=ADVANCED_FACE('',(#112),#40,.F.);
#1980=ADVANCED_FACE('',(#113),#41,.F.);
#1981=ADVANCED_FACE('',(#114),#1878,.F.);
#1982=ADVANCED_FACE('',(#115),#1879,.F.);
#1983=ADVANCED_FACE('',(#116),#1880,.T.);
#1984=ADVANCED_FACE('',(#117),#1881,.T.);
#1985=ADVANCED_FACE('',(#118),#1882,.T.);
#1986=ADVANCED_FACE('',(#119),#1883,.F.);
#1987=ADVANCED_FACE('',(#120),#1884,.F.);
#1988=ADVANCED_FACE('',(#121),#1885,.F.);
#1989=ADVANCED_FACE('',(#122),#1886,.T.);
#1990=ADVANCED_FACE('',(#123),#1887,.F.);
#1991=ADVANCED_FACE('',(#124),#1888,.T.);
#1992=ADVANCED_FACE('',(#125),#1889,.T.);
#1993=ADVANCED_FACE('',(#126),#1890,.F.);
#1994=ADVANCED_FACE('',(#127),#1891,.F.);
#1995=ADVANCED_FACE('',(#128),#1892,.T.);
#1996=ADVANCED_FACE('',(#129),#1893,.F.);
#1997=ADVANCED_FACE('',(#130),#1894,.F.);
#1998=ADVANCED_FACE('',(#131),#1895,.T.);
#1999=ADVANCED_FACE('',(#132),#1896,.T.);
#2000=ADVANCED_FACE('',(#133),#1897,.F.);
#2001=ADVANCED_FACE('',(#134),#1898,.F.);
#2002=ADVANCED_FACE('',(#135),#1899,.F.);
#2003=ADVANCED_FACE('',(#136),#1900,.F.);
#2004=ADVANCED_FACE('',(#137),#1901,.F.);
#2005=ADVANCED_FACE('',(#138),#1902,.F.);
#2006=ADVANCED_FACE('',(#139),#1903,.F.);
#2007=ADVANCED_FACE('',(#140),#1904,.F.);
#2008=ADVANCED_FACE('',(#141),#1905,.F.);
#2009=ADVANCED_FACE('',(#142),#1906,.F.);
#2010=ADVANCED_FACE('',(#143),#1907,.T.);
#2011=ADVANCED_FACE('',(#144),#1908,.F.);
#2012=CLOSED_SHELL('',(#1909,#1910,#1911,#1912,#1913,#1914,#1915,#1916,
#1917,#1918,#1919,#1920,#1921,#1922,#1923,#1924,#1925,#1926,#1927,#1928,
#1929,#1930,#1931,#1932,#1933,#1934,#1935,#1936,#1937,#1938,#1939,#1940,
#1941,#1942,#1943,#1944,#1945,#1946,#1947,#1948,#1949,#1950,#1951,#1952,
#1953,#1954,#1955,#1956,#1957,#1958,#1959,#1960,#1961,#1962,#1963,#1964,
#1965,#1966,#1967,#1968,#1969,#1970,#1971,#1972,#1973,#1974,#1975,#1976,
#1977,#1978,#1979,#1980,#1981,#1982,#1983,#1984,#1985,#1986,#1987,#1988,
#1989,#1990,#1991,#1992,#1993,#1994,#1995,#1996,#1997,#1998,#1999,#2000,
#2001,#2002,#2003,#2004,#2005,#2006,#2007,#2008,#2009,#2010,#2011));
#2013=DERIVED_UNIT_ELEMENT(#2015,1.);
#2014=DERIVED_UNIT_ELEMENT(#3253,-3.);
#2015=(
MASS_UNIT()
NAMED_UNIT(*)
SI_UNIT(.KILO.,.GRAM.)
);
#2016=DERIVED_UNIT((#2013,#2014));
#2017=MEASURE_REPRESENTATION_ITEM('density measure',
POSITIVE_RATIO_MEASURE(7850.),#2016);
#2018=PROPERTY_DEFINITION_REPRESENTATION(#2023,#2020);
#2019=PROPERTY_DEFINITION_REPRESENTATION(#2024,#2021);
#2020=REPRESENTATION('material name',(#2022),#3250);
#2021=REPRESENTATION('density',(#2017),#3250);
#2022=DESCRIPTIVE_REPRESENTATION_ITEM('Stahl','Stahl');
#2023=PROPERTY_DEFINITION('material property','material name',#3265);
#2024=PROPERTY_DEFINITION('material property','density of part',#3265);
#2025=AXIS2_PLACEMENT_3D('',#2679,#2159,#2160);
#2026=AXIS2_PLACEMENT_3D('',#2680,#2161,#2162);
#2027=AXIS2_PLACEMENT_3D('',#2681,#2163,#2164);
#2028=AXIS2_PLACEMENT_3D('',#2696,#2171,#2172);
#2029=AXIS2_PLACEMENT_3D('',#2698,#2173,#2174);
#2030=AXIS2_PLACEMENT_3D('',#2704,#2178,#2179);
#2031=AXIS2_PLACEMENT_3D('',#2713,#2184,#2185);
#2032=AXIS2_PLACEMENT_3D('',#2734,#2196,#2197);
#2033=AXIS2_PLACEMENT_3D('',#2761,#2211,#2212);
#2034=AXIS2_PLACEMENT_3D('',#2779,#2222,#2223);
#2035=AXIS2_PLACEMENT_3D('',#2788,#2228,#2229);
#2036=AXIS2_PLACEMENT_3D('',#2794,#2233,#2234);
#2037=AXIS2_PLACEMENT_3D('',#2802,#2238,#2239);
#2038=AXIS2_PLACEMENT_3D('',#2804,#2241,#2242);
#2039=AXIS2_PLACEMENT_3D('',#2807,#2245,#2246);
#2040=AXIS2_PLACEMENT_3D('',#2816,#2251,#2252);
#2041=AXIS2_PLACEMENT_3D('',#2825,#2257,#2258);
#2042=AXIS2_PLACEMENT_3D('',#2828,#2261,#2262);
#2043=AXIS2_PLACEMENT_3D('',#2838,#2268,#2269);
#2044=AXIS2_PLACEMENT_3D('',#2847,#2275,#2276);
#2045=AXIS2_PLACEMENT_3D('',#2850,#2277,#2278);
#2046=AXIS2_PLACEMENT_3D('',#2853,#2281,#2282);
#2047=AXIS2_PLACEMENT_3D('',#2857,#2285,#2286);
#2048=AXIS2_PLACEMENT_3D('',#2863,#2290,#2291);
#2049=AXIS2_PLACEMENT_3D('',#2867,#2294,#2295);
#2050=AXIS2_PLACEMENT_3D('',#2880,#2303,#2304);
#2051=AXIS2_PLACEMENT_3D('',#2882,#2306,#2307);
#2052=AXIS2_PLACEMENT_3D('',#2896,#2315,#2316);
#2053=AXIS2_PLACEMENT_3D('',#2916,#2327,#2328);
#2054=AXIS2_PLACEMENT_3D('',#2936,#2339,#2340);
#2055=AXIS2_PLACEMENT_3D('',#2956,#2353,#2354);
#2056=AXIS2_PLACEMENT_3D('',#2962,#2358,#2359);
#2057=AXIS2_PLACEMENT_3D('',#2969,#2364,#2365);
#2058=AXIS2_PLACEMENT_3D('',#2973,#2368,#2369);
#2059=AXIS2_PLACEMENT_3D('',#2980,#2373,#2374);
#2060=AXIS2_PLACEMENT_3D('',#2982,#2375,#2376);
#2061=AXIS2_PLACEMENT_3D('',#2984,#2377,#2378);
#2062=AXIS2_PLACEMENT_3D('',#2986,#2379,#2380);
#2063=AXIS2_PLACEMENT_3D('',#2988,#2381,#2382);
#2064=AXIS2_PLACEMENT_3D('',#2990,#2383,#2384);
#2065=AXIS2_PLACEMENT_3D('',#2992,#2385,#2386);
#2066=AXIS2_PLACEMENT_3D('',#2994,#2387,#2388);
#2067=AXIS2_PLACEMENT_3D('',#2995,#2389,#2390);
#2068=AXIS2_PLACEMENT_3D('',#3001,#2394,#2395);
#2069=AXIS2_PLACEMENT_3D('',#3005,#2398,#2399);
#2070=AXIS2_PLACEMENT_3D('',#3009,#2402,#2403);
#2071=AXIS2_PLACEMENT_3D('',#3011,#2405,#2406);
#2072=AXIS2_PLACEMENT_3D('',#3017,#2410,#2411);
#2073=AXIS2_PLACEMENT_3D('',#3021,#2414,#2415);
#2074=AXIS2_PLACEMENT_3D('',#3025,#2418,#2419);
#2075=AXIS2_PLACEMENT_3D('',#3027,#2421,#2422);
#2076=AXIS2_PLACEMENT_3D('',#3031,#2425,#2426);
#2077=AXIS2_PLACEMENT_3D('',#3037,#2430,#2431);
#2078=AXIS2_PLACEMENT_3D('',#3041,#2434,#2435);
#2079=AXIS2_PLACEMENT_3D('',#3045,#2438,#2439);
#2080=AXIS2_PLACEMENT_3D('',#3047,#2441,#2442);
#2081=AXIS2_PLACEMENT_3D('',#3050,#2445,#2446);
#2082=AXIS2_PLACEMENT_3D('',#3054,#2449,#2450);
#2083=AXIS2_PLACEMENT_3D('',#3058,#2453,#2454);
#2084=AXIS2_PLACEMENT_3D('',#3060,#2456,#2457);
#2085=AXIS2_PLACEMENT_3D('',#3066,#2461,#2462);
#2086=AXIS2_PLACEMENT_3D('',#3070,#2465,#2466);
#2087=AXIS2_PLACEMENT_3D('',#3074,#2469,#2470);
#2088=AXIS2_PLACEMENT_3D('',#3076,#2472,#2473);
#2089=AXIS2_PLACEMENT_3D('',#3082,#2477,#2478);
#2090=AXIS2_PLACEMENT_3D('',#3086,#2481,#2482);
#2091=AXIS2_PLACEMENT_3D('',#3090,#2485,#2486);
#2092=AXIS2_PLACEMENT_3D('',#3092,#2488,#2489);
#2093=AXIS2_PLACEMENT_3D('',#3098,#2493,#2494);
#2094=AXIS2_PLACEMENT_3D('',#3106,#2499,#2500);
#2095=AXIS2_PLACEMENT_3D('',#3110,#2503,#2504);
#2096=AXIS2_PLACEMENT_3D('',#3114,#2507,#2508);
#2097=AXIS2_PLACEMENT_3D('',#3116,#2510,#2511);
#2098=AXIS2_PLACEMENT_3D('',#3118,#2513,#2514);
#2099=AXIS2_PLACEMENT_3D('',#3122,#2517,#2518);
#2100=AXIS2_PLACEMENT_3D('',#3129,#2523,#2524);
#2101=AXIS2_PLACEMENT_3D('',#3133,#2527,#2528);
#2102=AXIS2_PLACEMENT_3D('',#3137,#2531,#2532);
#2103=AXIS2_PLACEMENT_3D('',#3139,#2534,#2535);
#2104=AXIS2_PLACEMENT_3D('',#3140,#2536,#2537);
#2105=AXIS2_PLACEMENT_3D('',#3141,#2538,#2539);
#2106=AXIS2_PLACEMENT_3D('',#3144,#2540,#2541);
#2107=AXIS2_PLACEMENT_3D('',#3147,#2543,#2544);
#2108=AXIS2_PLACEMENT_3D('',#3150,#2547,#2548);
#2109=AXIS2_PLACEMENT_3D('',#3153,#2549,#2550);
#2110=AXIS2_PLACEMENT_3D('',#3156,#2552,#2553);
#2111=AXIS2_PLACEMENT_3D('',#3160,#2555,#2556);
#2112=AXIS2_PLACEMENT_3D('',#3162,#2558,#2559);
#2113=AXIS2_PLACEMENT_3D('',#3164,#2560,#2561);
#2114=AXIS2_PLACEMENT_3D('',#3166,#2563,#2564);
#2115=AXIS2_PLACEMENT_3D('',#3167,#2565,#2566);
#2116=AXIS2_PLACEMENT_3D('',#3169,#2567,#2568);
#2117=AXIS2_PLACEMENT_3D('',#3171,#2570,#2571);
#2118=AXIS2_PLACEMENT_3D('',#3172,#2572,#2573);
#2119=AXIS2_PLACEMENT_3D('',#3174,#2574,#2575);
#2120=AXIS2_PLACEMENT_3D('',#3176,#2577,#2578);
#2121=AXIS2_PLACEMENT_3D('',#3178,#2579,#2580);
#2122=AXIS2_PLACEMENT_3D('',#3180,#2582,#2583);
#2123=AXIS2_PLACEMENT_3D('',#3185,#2586,#2587);
#2124=AXIS2_PLACEMENT_3D('',#3187,#2589,#2590);
#2125=AXIS2_PLACEMENT_3D('',#3189,#2591,#2592);
#2126=AXIS2_PLACEMENT_3D('',#3191,#2594,#2595);
#2127=AXIS2_PLACEMENT_3D('',#3192,#2596,#2597);
#2128=AXIS2_PLACEMENT_3D('',#3193,#2598,#2599);
#2129=AXIS2_PLACEMENT_3D('',#3195,#2601,#2602);
#2130=AXIS2_PLACEMENT_3D('',#3196,#2603,#2604);
#2131=AXIS2_PLACEMENT_3D('',#3197,#2605,#2606);
#2132=AXIS2_PLACEMENT_3D('',#3199,#2608,#2609);
#2133=AXIS2_PLACEMENT_3D('',#3203,#2612,#2613);
#2134=AXIS2_PLACEMENT_3D('',#3204,#2614,#2615);
#2135=AXIS2_PLACEMENT_3D('',#3206,#2617,#2618);
#2136=AXIS2_PLACEMENT_3D('',#3209,#2621,#2622);
#2137=AXIS2_PLACEMENT_3D('',#3210,#2623,#2624);
#2138=AXIS2_PLACEMENT_3D('',#3211,#2625,#2626);
#2139=AXIS2_PLACEMENT_3D('',#3212,#2627,#2628);
#2140=AXIS2_PLACEMENT_3D('',#3216,#2631,#2632);
#2141=AXIS2_PLACEMENT_3D('',#3219,#2635,#2636);
#2142=AXIS2_PLACEMENT_3D('',#3223,#2639,#2640);
#2143=AXIS2_PLACEMENT_3D('',#3226,#2643,#2644);
#2144=AXIS2_PLACEMENT_3D('',#3227,#2645,#2646);
#2145=AXIS2_PLACEMENT_3D('',#3230,#2649,#2650);
#2146=AXIS2_PLACEMENT_3D('',#3231,#2651,#2652);
#2147=AXIS2_PLACEMENT_3D('',#3233,#2654,#2655);
#2148=AXIS2_PLACEMENT_3D('',#3234,#2656,#2657);
#2149=AXIS2_PLACEMENT_3D('',#3236,#2659,#2660);
#2150=AXIS2_PLACEMENT_3D('',#3237,#2661,#2662);
#2151=AXIS2_PLACEMENT_3D('',#3238,#2663,#2664);
#2152=AXIS2_PLACEMENT_3D('',#3239,#2665,#2666);
#2153=AXIS2_PLACEMENT_3D('',#3240,#2667,#2668);
#2154=AXIS2_PLACEMENT_3D('',#3241,#2669,#2670);
#2155=AXIS2_PLACEMENT_3D('',#3242,#2671,#2672);
#2156=AXIS2_PLACEMENT_3D('',#3243,#2673,#2674);
#2157=AXIS2_PLACEMENT_3D('',#3244,#2675,#2676);
#2158=AXIS2_PLACEMENT_3D('',#3245,#2677,#2678);
#2159=DIRECTION('axis',(0.,0.,1.));
#2160=DIRECTION('refdir',(1.,0.,0.));
#2161=DIRECTION('axis',(0.,0.,1.));
#2162=DIRECTION('refdir',(1.,0.,0.));
#2163=DIRECTION('center_axis',(0.,0.,1.));
#2164=DIRECTION('ref_axis',(1.,0.,0.));
#2165=DIRECTION('',(-1.,0.,0.));
#2166=DIRECTION('',(0.,-1.,0.));
#2167=DIRECTION('',(1.,0.,0.));
#2168=DIRECTION('',(0.,-1.,0.));
#2169=DIRECTION('',(-1.,0.,0.));
#2170=DIRECTION('',(0.,1.,0.));
#2171=DIRECTION('center_axis',(0.,0.,1.));
#2172=DIRECTION('ref_axis',(1.,0.,0.));
#2173=DIRECTION('center_axis',(0.,0.,1.));
#2174=DIRECTION('ref_axis',(1.,0.,0.));
#2175=DIRECTION('',(0.,1.,0.));
#2176=DIRECTION('',(-1.,0.,0.));
#2177=DIRECTION('',(0.,-1.,0.));
#2178=DIRECTION('center_axis',(0.,1.,0.));
#2179=DIRECTION('ref_axis',(0.,0.,1.));
#2180=DIRECTION('',(0.,0.,-1.));
#2181=DIRECTION('',(1.,0.,0.));
#2182=DIRECTION('',(0.,0.,-1.));
#2183=DIRECTION('',(1.,0.,0.));
#2184=DIRECTION('center_axis',(1.,0.,0.));
#2185=DIRECTION('ref_axis',(0.,0.,1.));
#2186=DIRECTION('',(0.,-1.,0.));
#2187=DIRECTION('',(0.,0.,-1.));
#2188=DIRECTION('',(0.,-1.,0.));
#2189=DIRECTION('',(0.,-1.,0.));
#2190=DIRECTION('',(0.,1.,0.));
#2191=DIRECTION('',(0.,0.,-1.));
#2192=DIRECTION('',(0.,1.,0.));
#2193=DIRECTION('',(0.,0.,-1.));
#2194=DIRECTION('',(0.,-1.,0.));
#2195=DIRECTION('',(0.,0.,-1.));
#2196=DIRECTION('center_axis',(0.,1.,0.));
#2197=DIRECTION('ref_axis',(0.,0.,1.));
#2198=DIRECTION('',(1.,0.,0.));
#2199=DIRECTION('',(0.,0.,-1.));
#2200=DIRECTION('',(1.,0.,0.));
#2201=DIRECTION('',(0.,0.,1.));
#2202=DIRECTION('',(0.,0.,-1.));
#2203=DIRECTION('',(1.,0.,0.));
#2204=DIRECTION('',(0.,0.,-1.));
#2205=DIRECTION('',(1.,0.,0.));
#2206=DIRECTION('',(0.,0.,1.));
#2207=DIRECTION('',(1.,0.,0.));
#2208=DIRECTION('',(0.,0.,1.));
#2209=DIRECTION('',(1.,0.,0.));
#2210=DIRECTION('',(0.,0.,-1.));
#2211=DIRECTION('center_axis',(0.,-1.,2.22044604925E-16));
#2212=DIRECTION('ref_axis',(1.,0.,0.));
#2213=DIRECTION('',(1.,0.,0.));
#2214=DIRECTION('',(1.,0.,0.));
#2215=DIRECTION('',(1.,0.,0.));
#2216=DIRECTION('',(0.,0.,-1.));
#2217=DIRECTION('',(1.,0.,0.));
#2218=DIRECTION('',(0.,0.,1.));
#2219=DIRECTION('',(1.,0.,0.));
#2220=DIRECTION('',(0.,0.,-1.));
#2221=DIRECTION('',(1.,0.,0.));
#2222=DIRECTION('center_axis',(0.,0.,1.));
#2223=DIRECTION('ref_axis',(1.,0.,0.));
#2224=DIRECTION('',(-1.,0.,0.));
#2225=DIRECTION('',(0.,1.,0.));
#2226=DIRECTION('',(1.,0.,0.));
#2227=DIRECTION('',(0.,1.,0.));
#2228=DIRECTION('center_axis',(1.,0.,0.));
#2229=DIRECTION('ref_axis',(0.,0.,1.));
#2230=DIRECTION('',(0.,0.,1.));
#2231=DIRECTION('',(0.,1.,0.));
#2232=DIRECTION('',(0.,0.,1.));
#2233=DIRECTION('center_axis',(0.,0.,1.));
#2234=DIRECTION('ref_axis',(1.,0.,0.));
#2235=DIRECTION('',(-1.,0.,0.));
#2236=DIRECTION('',(0.,1.,0.));
#2237=DIRECTION('',(1.,0.,0.));
#2238=DIRECTION('center_axis',(0.,0.,-1.));
#2239=DIRECTION('ref_axis',(1.,0.,0.));
#2240=DIRECTION('',(1.,0.,0.));
#2241=DIRECTION('center_axis',(1.,0.,0.));
#2242=DIRECTION('ref_axis',(0.,0.,1.));
#2243=DIRECTION('',(0.,0.,1.));
#2244=DIRECTION('',(0.,0.,1.));
#2245=DIRECTION('center_axis',(1.,0.,0.));
#2246=DIRECTION('ref_axis',(0.,0.,1.));
#2247=DIRECTION('',(0.,1.,0.));
#2248=DIRECTION('',(0.,0.,1.));
#2249=DIRECTION('',(0.,1.,0.));
#2250=DIRECTION('',(0.,0.,1.));
#2251=DIRECTION('center_axis',(1.,0.,0.));
#2252=DIRECTION('ref_axis',(0.,0.,1.));
#2253=DIRECTION('',(0.,1.,0.));
#2254=DIRECTION('',(0.,0.,1.));
#2255=DIRECTION('',(0.,1.,0.));
#2256=DIRECTION('',(0.,0.,1.));
#2257=DIRECTION('center_axis',(0.,0.,1.));
#2258=DIRECTION('ref_axis',(1.,0.,0.));
#2259=DIRECTION('',(-1.,0.,0.));
#2260=DIRECTION('',(1.,0.,0.));
#2261=DIRECTION('center_axis',(0.,0.,1.));
#2262=DIRECTION('ref_axis',(1.,0.,0.));
#2263=DIRECTION('',(0.,-1.,0.));
#2264=DIRECTION('',(1.,0.,0.));
#2265=DIRECTION('',(1.,0.,0.));
#2266=DIRECTION('',(1.,0.,0.));
#2267=DIRECTION('',(0.,-1.,0.));
#2268=DIRECTION('center_axis',(0.,0.,1.));
#2269=DIRECTION('ref_axis',(1.,0.,0.));
#2270=DIRECTION('',(0.,-1.,0.));
#2271=DIRECTION('',(0.,1.,0.));
#2272=DIRECTION('',(1.,0.,0.));
#2273=DIRECTION('',(1.,0.,0.));
#2274=DIRECTION('',(0.,-1.,0.));
#2275=DIRECTION('center_axis',(0.,-1.,2.22044604925E-16));
#2276=DIRECTION('ref_axis',(1.,0.,0.));
#2277=DIRECTION('center_axis',(0.,1.,-2.22044604925E-16));
#2278=DIRECTION('ref_axis',(1.,0.,0.));
#2279=DIRECTION('',(0.,-1.,2.22044604925E-16));
#2280=DIRECTION('',(0.,-1.,2.22044604925E-16));
#2281=DIRECTION('center_axis',(1.,0.,0.));
#2282=DIRECTION('ref_axis',(0.,0.,1.));
#2283=DIRECTION('',(0.,-1.,0.));
#2284=DIRECTION('',(0.,0.,1.));
#2285=DIRECTION('center_axis',(1.,0.,0.));
#2286=DIRECTION('ref_axis',(0.,0.,1.));
#2287=DIRECTION('',(0.,0.,1.));
#2288=DIRECTION('',(0.,1.,0.));
#2289=DIRECTION('',(0.,0.,1.));
#2290=DIRECTION('center_axis',(0.,1.,0.));
#2291=DIRECTION('ref_axis',(0.,0.,1.));
#2292=DIRECTION('',(0.,0.,1.));
#2293=DIRECTION('',(-1.,0.,0.));
#2294=DIRECTION('center_axis',(1.,0.,0.));
#2295=DIRECTION('ref_axis',(0.,0.,1.));
#2296=DIRECTION('',(0.,0.,1.));
#2297=DIRECTION('',(0.,0.,1.));
#2298=DIRECTION('',(0.,0.,1.));
#2299=DIRECTION('',(0.,1.,0.));
#2300=DIRECTION('',(0.,0.,-1.));
#2301=DIRECTION('',(0.,0.,-1.));
#2302=DIRECTION('',(0.,1.,0.));
#2303=DIRECTION('center_axis',(0.,1.,0.));
#2304=DIRECTION('ref_axis',(0.,0.,1.));
#2305=DIRECTION('',(1.,0.,0.));
#2306=DIRECTION('center_axis',(0.,0.,1.));
#2307=DIRECTION('ref_axis',(1.,0.,0.));
#2308=DIRECTION('',(0.,1.,0.));
#2309=DIRECTION('',(-1.,0.,0.));
#2310=DIRECTION('',(0.,1.,0.));
#2311=DIRECTION('',(-1.,0.,0.));
#2312=DIRECTION('',(0.,1.,0.));
#2313=DIRECTION('',(-1.,0.,0.));
#2314=DIRECTION('',(0.,1.,0.));
#2315=DIRECTION('center_axis',(1.,0.,0.));
#2316=DIRECTION('ref_axis',(0.,0.,1.));
#2317=DIRECTION('',(0.,1.,0.));
#2318=DIRECTION('',(0.,0.,1.));
#2319=DIRECTION('',(0.,-1.,0.));
#2320=DIRECTION('',(0.,0.,-1.));
#2321=DIRECTION('',(0.,-1.,0.));
#2322=DIRECTION('',(0.,0.,1.));
#2323=DIRECTION('',(0.,-1.,0.));
#2324=DIRECTION('',(0.,0.,-1.));
#2325=DIRECTION('',(0.,-1.,0.));
#2326=DIRECTION('',(0.,0.,1.));
#2327=DIRECTION('center_axis',(1.,0.,0.));
#2328=DIRECTION('ref_axis',(0.,0.,1.));
#2329=DIRECTION('',(0.,0.,1.));
#2330=DIRECTION('',(0.,1.,0.));
#2331=DIRECTION('',(0.,-1.,0.));
#2332=DIRECTION('',(0.,0.,-1.));
#2333=DIRECTION('',(0.,-1.,0.));
#2334=DIRECTION('',(0.,0.,1.));
#2335=DIRECTION('',(0.,-1.,0.));
#2336=DIRECTION('',(0.,0.,-1.));
#2337=DIRECTION('',(0.,-1.,0.));
#2338=DIRECTION('',(0.,0.,1.));
#2339=DIRECTION('center_axis',(0.,1.,0.));
#2340=DIRECTION('ref_axis',(0.,0.,1.));
#2341=DIRECTION('',(-1.,0.,0.));
#2342=DIRECTION('',(0.,0.,1.));
#2343=DIRECTION('',(-1.,0.,0.));
#2344=DIRECTION('',(1.,0.,0.));
#2345=DIRECTION('',(0.,0.,1.));
#2346=DIRECTION('',(-1.,0.,0.));
#2347=DIRECTION('',(0.,0.,1.));
#2348=DIRECTION('',(1.,0.,0.));
#2349=DIRECTION('',(1.,0.,0.));
#2350=DIRECTION('',(-1.,0.,0.));
#2351=DIRECTION('',(0.,0.,1.));
#2352=DIRECTION('',(-1.,0.,0.));
#2353=DIRECTION('center_axis',(1.,0.,0.));
#2354=DIRECTION('ref_axis',(0.,0.,1.));
#2355=DIRECTION('',(0.,0.,1.));
#2356=DIRECTION('',(0.,-1.,0.));
#2357=DIRECTION('',(0.,1.,0.));
#2358=DIRECTION('center_axis',(0.,1.,0.));
#2359=DIRECTION('ref_axis',(0.,0.,1.));
#2360=DIRECTION('',(1.,0.,0.));
#2361=DIRECTION('',(1.,0.,0.));
#2362=DIRECTION('',(1.,0.,0.));
#2363=DIRECTION('',(0.,0.,1.));
#2364=DIRECTION('center_axis',(1.,0.,0.));
#2365=DIRECTION('ref_axis',(0.,0.,1.));
#2366=DIRECTION('',(0.,1.,0.));
#2367=DIRECTION('',(0.,-1.,0.));
#2368=DIRECTION('center_axis',(0.,0.,1.));
#2369=DIRECTION('ref_axis',(1.,0.,0.));
#2370=DIRECTION('',(0.,1.,0.));
#2371=DIRECTION('',(-1.,0.,0.));
#2372=DIRECTION('',(0.,1.,0.));
#2373=DIRECTION('center_axis',(0.,0.,-1.));
#2374=DIRECTION('ref_axis',(1.,0.,0.));
#2375=DIRECTION('center_axis',(0.,0.,-1.));
#2376=DIRECTION('ref_axis',(1.,0.,0.));
#2377=DIRECTION('center_axis',(0.,0.,-1.));
#2378=DIRECTION('ref_axis',(1.,0.,0.));
#2379=DIRECTION('center_axis',(0.,0.,-1.));
#2380=DIRECTION('ref_axis',(-1.,0.,0.));
#2381=DIRECTION('center_axis',(0.,0.,-1.));
#2382=DIRECTION('ref_axis',(1.,0.,0.));
#2383=DIRECTION('center_axis',(0.,0.,-1.));
#2384=DIRECTION('ref_axis',(1.,0.,0.));
#2385=DIRECTION('center_axis',(0.,0.,-1.));
#2386=DIRECTION('ref_axis',(1.,0.,0.));
#2387=DIRECTION('center_axis',(0.,0.,-1.));
#2388=DIRECTION('ref_axis',(1.,0.,0.));
#2389=DIRECTION('center_axis',(0.,0.,1.));
#2390=DIRECTION('ref_axis',(1.,0.,0.));
#2391=DIRECTION('',(1.,0.,0.));
#2392=DIRECTION('',(1.,0.,0.));
#2393=DIRECTION('',(0.,1.,0.));
#2394=DIRECTION('center_axis',(0.,1.,0.));
#2395=DIRECTION('ref_axis',(0.,0.,1.));
#2396=DIRECTION('',(0.,0.,-1.));
#2397=DIRECTION('',(1.,0.,0.));
#2398=DIRECTION('center_axis',(0.,1.,0.));
#2399=DIRECTION('ref_axis',(0.,0.,1.));
#2400=DIRECTION('',(1.,0.,0.));
#2401=DIRECTION('',(0.,0.,1.));
#2402=DIRECTION('center_axis',(0.,0.,1.));
#2403=DIRECTION('ref_axis',(1.,0.,0.));
#2404=DIRECTION('',(0.,1.,0.));
#2405=DIRECTION('center_axis',(0.,0.,1.));
#2406=DIRECTION('ref_axis',(1.,0.,0.));
#2407=DIRECTION('',(1.,0.,0.));
#2408=DIRECTION('',(1.,0.,0.));
#2409=DIRECTION('',(0.,1.,0.));
#2410=DIRECTION('center_axis',(0.,1.,0.));
#2411=DIRECTION('ref_axis',(0.,0.,1.));
#2412=DIRECTION('',(0.,0.,-1.));
#2413=DIRECTION('',(1.,0.,0.));
#2414=DIRECTION('center_axis',(0.,1.,0.));
#2415=DIRECTION('ref_axis',(0.,0.,1.));
#2416=DIRECTION('',(1.,0.,0.));
#2417=DIRECTION('',(0.,0.,1.));
#2418=DIRECTION('center_axis',(0.,0.,1.));
#2419=DIRECTION('ref_axis',(1.,0.,0.));
#2420=DIRECTION('',(0.,1.,0.));
#2421=DIRECTION('center_axis',(1.,0.,0.));
#2422=DIRECTION('ref_axis',(0.,0.,1.));
#2423=DIRECTION('',(0.,-2.22044604925E-16,-1.));
#2424=DIRECTION('',(0.,0.,1.));
#2425=DIRECTION('center_axis',(0.,0.,1.));
#2426=DIRECTION('ref_axis',(1.,0.,0.));
#2427=DIRECTION('',(0.,-1.,0.));
#2428=DIRECTION('',(1.,0.,0.));
#2429=DIRECTION('',(1.,0.,0.));
#2430=DIRECTION('center_axis',(1.,0.,0.));
#2431=DIRECTION('ref_axis',(0.,0.,1.));
#2432=DIRECTION('',(0.,0.,1.));
#2433=DIRECTION('',(0.,1.,0.));
#2434=DIRECTION('center_axis',(0.,0.,1.));
#2435=DIRECTION('ref_axis',(1.,0.,0.));
#2436=DIRECTION('',(0.,1.,0.));
#2437=DIRECTION('',(1.,0.,0.));
#2438=DIRECTION('center_axis',(1.,0.,0.));
#2439=DIRECTION('ref_axis',(0.,0.,1.));
#2440=DIRECTION('',(0.,0.,1.));
#2441=DIRECTION('center_axis',(0.,0.,1.));
#2442=DIRECTION('ref_axis',(1.,0.,0.));
#2443=DIRECTION('',(0.,-1.,0.));
#2444=DIRECTION('',(0.,1.,0.));
#2445=DIRECTION('center_axis',(0.,0.,1.));
#2446=DIRECTION('ref_axis',(1.,0.,0.));
#2447=DIRECTION('',(0.,1.,0.));
#2448=DIRECTION('',(1.,0.,0.));
#2449=DIRECTION('center_axis',(0.,0.,1.));
#2450=DIRECTION('ref_axis',(1.,0.,0.));
#2451=DIRECTION('',(0.,1.,0.));
#2452=DIRECTION('',(1.,0.,0.));
#2453=DIRECTION('center_axis',(1.,0.,0.));
#2454=DIRECTION('ref_axis',(0.,0.,1.));
#2455=DIRECTION('',(0.,0.,1.));
#2456=DIRECTION('center_axis',(0.,0.,1.));
#2457=DIRECTION('ref_axis',(1.,0.,0.));
#2458=DIRECTION('',(1.,0.,0.));
#2459=DIRECTION('',(0.,1.,0.));
#2460=DIRECTION('',(1.,0.,0.));
#2461=DIRECTION('center_axis',(0.,1.,0.));
#2462=DIRECTION('ref_axis',(0.,0.,1.));
#2463=DIRECTION('',(1.,0.,0.));
#2464=DIRECTION('',(0.,0.,1.));
#2465=DIRECTION('center_axis',(0.,1.,0.));
#2466=DIRECTION('ref_axis',(0.,0.,1.));
#2467=DIRECTION('',(0.,0.,-1.));
#2468=DIRECTION('',(1.,0.,0.));
#2469=DIRECTION('center_axis',(0.,0.,1.));
#2470=DIRECTION('ref_axis',(1.,0.,0.));
#2471=DIRECTION('',(0.,1.,0.));
#2472=DIRECTION('center_axis',(0.,0.,1.));
#2473=DIRECTION('ref_axis',(1.,0.,0.));
#2474=DIRECTION('',(1.,0.,0.));
#2475=DIRECTION('',(0.,1.,0.));
#2476=DIRECTION('',(1.,0.,0.));
#2477=DIRECTION('center_axis',(0.,1.,0.));
#2478=DIRECTION('ref_axis',(0.,0.,1.));
#2479=DIRECTION('',(1.,0.,0.));
#2480=DIRECTION('',(0.,0.,1.));
#2481=DIRECTION('center_axis',(0.,1.,0.));
#2482=DIRECTION('ref_axis',(0.,0.,1.));
#2483=DIRECTION('',(0.,0.,-1.));
#2484=DIRECTION('',(1.,0.,0.));
#2485=DIRECTION('center_axis',(0.,0.,1.));
#2486=DIRECTION('ref_axis',(1.,0.,0.));
#2487=DIRECTION('',(0.,1.,0.));
#2488=DIRECTION('center_axis',(0.,0.,1.));
#2489=DIRECTION('ref_axis',(1.,0.,0.));
#2490=DIRECTION('',(0.,1.,0.));
#2491=DIRECTION('',(1.,0.,0.));
#2492=DIRECTION('',(0.,1.,0.));
#2493=DIRECTION('center_axis',(0.,0.,1.));
#2494=DIRECTION('ref_axis',(1.,0.,0.));
#2495=DIRECTION('',(0.,1.,0.));
#2496=DIRECTION('',(1.,0.,0.));
#2497=DIRECTION('',(0.,1.,0.));
#2498=DIRECTION('',(-1.,0.,0.));
#2499=DIRECTION('center_axis',(1.,0.,0.));
#2500=DIRECTION('ref_axis',(0.,0.,1.));
#2501=DIRECTION('',(0.,0.,1.));
#2502=DIRECTION('',(0.,1.,0.));
#2503=DIRECTION('center_axis',(0.,0.,1.));
#2504=DIRECTION('ref_axis',(1.,0.,0.));
#2505=DIRECTION('',(1.,0.,0.));
#2506=DIRECTION('',(0.,1.,0.));
#2507=DIRECTION('center_axis',(0.,0.,1.));
#2508=DIRECTION('ref_axis',(1.,0.,0.));
#2509=DIRECTION('',(1.,0.,0.));
#2510=DIRECTION('center_axis',(0.,0.,1.));
#2511=DIRECTION('ref_axis',(1.,0.,0.));
#2512=DIRECTION('',(1.,0.,0.));
#2513=DIRECTION('center_axis',(0.,0.,1.));
#2514=DIRECTION('ref_axis',(1.,0.,0.));
#2515=DIRECTION('',(1.,0.,0.));
#2516=DIRECTION('',(0.,1.,0.));
#2517=DIRECTION('center_axis',(0.,0.,1.));
#2518=DIRECTION('ref_axis',(1.,0.,0.));
#2519=DIRECTION('',(1.,0.,0.));
#2520=DIRECTION('',(0.,1.,0.));
#2521=DIRECTION('',(1.,0.,0.));
#2522=DIRECTION('',(0.,1.,0.));
#2523=DIRECTION('center_axis',(0.,1.,0.));
#2524=DIRECTION('ref_axis',(0.,0.,1.));
#2525=DIRECTION('',(1.,0.,0.));
#2526=DIRECTION('',(0.,0.,-1.));
#2527=DIRECTION('center_axis',(0.,0.,1.));
#2528=DIRECTION('ref_axis',(1.,0.,0.));
#2529=DIRECTION('',(1.,0.,0.));
#2530=DIRECTION('',(0.,1.,0.));
#2531=DIRECTION('center_axis',(0.,0.,1.));
#2532=DIRECTION('ref_axis',(1.,0.,0.));
#2533=DIRECTION('',(0.,1.,0.));
#2534=DIRECTION('center_axis',(0.,1.,-2.22044604925E-16));
#2535=DIRECTION('ref_axis',(1.,0.,0.));
#2536=DIRECTION('center_axis',(0.,1.,-2.22044604925E-16));
#2537=DIRECTION('ref_axis',(1.,0.,0.));
#2538=DIRECTION('center_axis',(0.,0.,-1.));
#2539=DIRECTION('ref_axis',(1.,0.,0.));
#2540=DIRECTION('center_axis',(0.,0.,1.));
#2541=DIRECTION('ref_axis',(1.,0.,0.));
#2542=DIRECTION('',(0.,0.,-1.));
#2543=DIRECTION('center_axis',(0.,0.,1.));
#2544=DIRECTION('ref_axis',(1.,0.,0.));
#2545=DIRECTION('',(0.,0.,-1.));
#2546=DIRECTION('',(0.,0.,-1.));
#2547=DIRECTION('center_axis',(0.,0.,-1.));
#2548=DIRECTION('ref_axis',(1.,0.,0.));
#2549=DIRECTION('center_axis',(0.,0.,1.));
#2550=DIRECTION('ref_axis',(1.,0.,0.));
#2551=DIRECTION('',(0.,0.,-1.));
#2552=DIRECTION('center_axis',(0.,0.,1.));
#2553=DIRECTION('ref_axis',(1.,0.,0.));
#2554=DIRECTION('',(0.,0.,-1.));
#2555=DIRECTION('center_axis',(0.,0.,-1.));
#2556=DIRECTION('ref_axis',(1.,0.,0.));
#2557=DIRECTION('',(0.,0.,-1.));
#2558=DIRECTION('center_axis',(0.,0.,-1.));
#2559=DIRECTION('ref_axis',(1.,0.,0.));
#2560=DIRECTION('center_axis',(0.,0.,1.));
#2561=DIRECTION('ref_axis',(1.,0.,0.));
#2562=DIRECTION('',(0.,0.,-1.));
#2563=DIRECTION('center_axis',(0.,0.,-1.));
#2564=DIRECTION('ref_axis',(-1.,0.,0.));
#2565=DIRECTION('center_axis',(0.,0.,-1.));
#2566=DIRECTION('ref_axis',(-1.,0.,0.));
#2567=DIRECTION('center_axis',(0.,0.,-1.));
#2568=DIRECTION('ref_axis',(-1.,0.,0.));
#2569=DIRECTION('',(0.,0.,-1.));
#2570=DIRECTION('center_axis',(0.,0.,-1.));
#2571=DIRECTION('ref_axis',(-1.,0.,0.));
#2572=DIRECTION('center_axis',(0.,0.,-1.));
#2573=DIRECTION('ref_axis',(1.,0.,0.));
#2574=DIRECTION('center_axis',(0.,0.,1.));
#2575=DIRECTION('ref_axis',(1.,0.,0.));
#2576=DIRECTION('',(0.,0.,-1.));
#2577=DIRECTION('center_axis',(0.,0.,-1.));
#2578=DIRECTION('ref_axis',(1.,0.,0.));
#2579=DIRECTION('center_axis',(0.,0.,1.));
#2580=DIRECTION('ref_axis',(1.,0.,0.));
#2581=DIRECTION('',(0.,0.,-1.));
#2582=DIRECTION('center_axis',(0.,0.,-1.));
#2583=DIRECTION('ref_axis',(1.,0.,0.));
#2584=DIRECTION('',(0.,0.,-1.));
#2585=DIRECTION('',(0.,0.,-1.));
#2586=DIRECTION('center_axis',(0.,0.,1.));
#2587=DIRECTION('ref_axis',(1.,0.,0.));
#2588=DIRECTION('',(0.,0.,-1.));
#2589=DIRECTION('center_axis',(0.,0.,-1.));
#2590=DIRECTION('ref_axis',(1.,0.,0.));
#2591=DIRECTION('center_axis',(0.,0.,1.));
#2592=DIRECTION('ref_axis',(1.,0.,0.));
#2593=DIRECTION('',(0.,0.,-1.));
#2594=DIRECTION('center_axis',(1.,0.,0.));
#2595=DIRECTION('ref_axis',(0.,0.,1.));
#2596=DIRECTION('center_axis',(1.,0.,0.));
#2597=DIRECTION('ref_axis',(0.,0.,1.));
#2598=DIRECTION('center_axis',(1.,0.,0.));
#2599=DIRECTION('ref_axis',(0.,0.,1.));
#2600=DIRECTION('',(0.,0.,1.));
#2601=DIRECTION('center_axis',(0.,1.,-2.22044604925E-16));
#2602=DIRECTION('ref_axis',(1.,0.,0.));
#2603=DIRECTION('center_axis',(0.,1.,-2.22044604925E-16));
#2604=DIRECTION('ref_axis',(1.,0.,0.));
#2605=DIRECTION('center_axis',(0.,1.,0.));
#2606=DIRECTION('ref_axis',(0.,0.,1.));
#2607=DIRECTION('',(0.,0.,1.));
#2608=DIRECTION('center_axis',(0.,1.,0.));
#2609=DIRECTION('ref_axis',(0.,0.,1.));
#2610=DIRECTION('',(1.,0.,0.));
#2611=DIRECTION('',(0.,0.,1.));
#2612=DIRECTION('center_axis',(0.,0.,1.));
#2613=DIRECTION('ref_axis',(1.,0.,0.));
#2614=DIRECTION('center_axis',(0.,1.,0.));
#2615=DIRECTION('ref_axis',(0.,0.,1.));
#2616=DIRECTION('',(0.,0.,1.));
#2617=DIRECTION('center_axis',(1.,0.,0.));
#2618=DIRECTION('ref_axis',(0.,0.,1.));
#2619=DIRECTION('',(0.,1.,0.));
#2620=DIRECTION('',(0.,0.,1.));
#2621=DIRECTION('center_axis',(0.,1.,0.));
#2622=DIRECTION('ref_axis',(0.,0.,1.));
#2623=DIRECTION('center_axis',(1.,0.,0.));
#2624=DIRECTION('ref_axis',(0.,0.,1.));
#2625=DIRECTION('center_axis',(1.,0.,0.));
#2626=DIRECTION('ref_axis',(0.,0.,1.));
#2627=DIRECTION('center_axis',(0.,0.,1.));
#2628=DIRECTION('ref_axis',(1.,0.,0.));
#2629=DIRECTION('',(1.,0.,0.));
#2630=DIRECTION('',(0.,1.,0.));
#2631=DIRECTION('center_axis',(1.,0.,0.));
#2632=DIRECTION('ref_axis',(0.,0.,1.));
#2633=DIRECTION('',(0.,1.,0.));
#2634=DIRECTION('',(0.,1.,0.));
#2635=DIRECTION('center_axis',(0.,1.,0.));
#2636=DIRECTION('ref_axis',(0.,0.,1.));
#2637=DIRECTION('',(1.,0.,0.));
#2638=DIRECTION('',(0.,0.,1.));
#2639=DIRECTION('center_axis',(1.,0.,0.));
#2640=DIRECTION('ref_axis',(0.,0.,1.));
#2641=DIRECTION('',(0.,0.,-1.));
#2642=DIRECTION('',(0.,1.,0.));
#2643=DIRECTION('center_axis',(0.,1.,0.));
#2644=DIRECTION('ref_axis',(0.,0.,1.));
#2645=DIRECTION('center_axis',(0.,0.,1.));
#2646=DIRECTION('ref_axis',(1.,0.,0.));
#2647=DIRECTION('',(1.,0.,0.));
#2648=DIRECTION('',(1.,0.,0.));
#2649=DIRECTION('center_axis',(0.,1.,-2.22044604925E-16));
#2650=DIRECTION('ref_axis',(1.,0.,0.));
#2651=DIRECTION('center_axis',(0.,0.,1.));
#2652=DIRECTION('ref_axis',(1.,0.,0.));
#2653=DIRECTION('',(1.,0.,0.));
#2654=DIRECTION('center_axis',(0.,1.,0.));
#2655=DIRECTION('ref_axis',(0.,0.,1.));
#2656=DIRECTION('center_axis',(0.,0.,1.));
#2657=DIRECTION('ref_axis',(1.,0.,0.));
#2658=DIRECTION('',(1.,0.,0.));
#2659=DIRECTION('center_axis',(0.,1.,0.));
#2660=DIRECTION('ref_axis',(0.,0.,1.));
#2661=DIRECTION('center_axis',(0.,0.,1.));
#2662=DIRECTION('ref_axis',(1.,0.,0.));
#2663=DIRECTION('center_axis',(0.,0.,1.));
#2664=DIRECTION('ref_axis',(1.,0.,0.));
#2665=DIRECTION('center_axis',(0.,0.,1.));
#2666=DIRECTION('ref_axis',(1.,0.,0.));
#2667=DIRECTION('center_axis',(0.,0.,1.));
#2668=DIRECTION('ref_axis',(1.,0.,0.));
#2669=DIRECTION('center_axis',(0.,0.,1.));
#2670=DIRECTION('ref_axis',(1.,0.,0.));
#2671=DIRECTION('center_axis',(0.,0.,1.));
#2672=DIRECTION('ref_axis',(1.,0.,0.));
#2673=DIRECTION('center_axis',(0.,0.,1.));
#2674=DIRECTION('ref_axis',(1.,0.,0.));
#2675=DIRECTION('center_axis',(0.,0.,1.));
#2676=DIRECTION('ref_axis',(1.,0.,0.));
#2677=DIRECTION('',(2.05588691707009E-16,-8.93112344209186E-16,0.999999999999997));
#2678=DIRECTION('',(1.00000000000001,3.80771802976909E-16,-3.62015105392909E-16));
#2679=CARTESIAN_POINT('',(0.,0.,0.));
#2680=CARTESIAN_POINT('',(0.,0.,0.));
#2681=CARTESIAN_POINT('Origin',(50.55,-52.5,-5.5));
#2682=CARTESIAN_POINT('',(50.55,57.,-5.5));
#2683=CARTESIAN_POINT('',(48.85,57.,-5.5));
#2684=CARTESIAN_POINT('',(49.7,57.,-5.5));
#2685=CARTESIAN_POINT('',(48.85,45.,-5.5));
#2686=CARTESIAN_POINT('',(48.85,-3.75,-5.5));
#2687=CARTESIAN_POINT('',(50.55,45.,-5.5));
#2688=CARTESIAN_POINT('',(49.7,45.,-5.5));
#2689=CARTESIAN_POINT('',(50.55,-47.5,-5.5));
#2690=CARTESIAN_POINT('',(50.55,-52.5,-5.5));
#2691=CARTESIAN_POINT('',(51.85,-47.5,-5.5));
#2692=CARTESIAN_POINT('',(-7.225,-47.5,-5.5));
#2693=CARTESIAN_POINT('',(51.85,14.139767473295,-5.5));
#2694=CARTESIAN_POINT('',(51.85,-52.5,-5.5));
#2695=CARTESIAN_POINT('',(51.75,15.,-5.5));
#2696=CARTESIAN_POINT('Origin',(55.5,15.,-5.5));
#2697=CARTESIAN_POINT('',(51.85,15.860232526705,-5.5));
#2698=CARTESIAN_POINT('Origin',(55.5,15.,-5.5));
#2699=CARTESIAN_POINT('',(51.85,62.,-5.5));
#2700=CARTESIAN_POINT('',(51.85,-52.5,-5.5));
#2701=CARTESIAN_POINT('',(50.55,62.,-5.5));
#2702=CARTESIAN_POINT('',(-6.725,62.,-5.5));
#2703=CARTESIAN_POINT('',(50.55,-52.5,-5.5));
#2704=CARTESIAN_POINT('Origin',(-52.,57.,-3.));
#2705=CARTESIAN_POINT('',(51.85,57.,3.));
#2706=CARTESIAN_POINT('',(51.85,57.,-3.));
#2707=CARTESIAN_POINT('',(51.85,57.,-4.25));
#2708=CARTESIAN_POINT('',(54.,57.,3.));
#2709=CARTESIAN_POINT('',(-52.,57.,3.));
#2710=CARTESIAN_POINT('',(54.,57.,-3.));
#2711=CARTESIAN_POINT('',(54.,57.,-3.));
#2712=CARTESIAN_POINT('',(-52.,57.,-3.));
#2713=CARTESIAN_POINT('Origin',(-51.85,57.,-3.));
#2714=CARTESIAN_POINT('',(-51.85,62.,-5.5));
#2715=CARTESIAN_POINT('',(-51.85,15.860232526704,-5.5));
#2716=CARTESIAN_POINT('',(-51.85,2.25,-5.5));
#2717=CARTESIAN_POINT('',(-51.85,62.,4.2));
#2718=CARTESIAN_POINT('',(-51.85,62.,-4.5));
#2719=CARTESIAN_POINT('',(-51.85,57.,4.2));
#2720=CARTESIAN_POINT('',(-51.85,2.25,4.2));
#2721=CARTESIAN_POINT('',(-51.85,45.,4.2));
#2722=CARTESIAN_POINT('',(-51.85,2.25,4.2));
#2723=CARTESIAN_POINT('',(-51.85,-47.5,4.2));
#2724=CARTESIAN_POINT('',(-51.85,-52.5,4.2));
#2725=CARTESIAN_POINT('',(-51.85,-47.5,-5.5));
#2726=CARTESIAN_POINT('',(-51.85,-47.5,-5.));
#2727=CARTESIAN_POINT('',(-51.85,14.139767473296,-5.5));
#2728=CARTESIAN_POINT('',(-51.85,-52.5,-5.5));
#2729=CARTESIAN_POINT('',(-51.85,14.139767473296,-1.));
#2730=CARTESIAN_POINT('',(-51.85,14.139767473296,-7.));
#2731=CARTESIAN_POINT('',(-51.85,15.860232526704,-1.));
#2732=CARTESIAN_POINT('',(-51.85,-18.75,-1.));
#2733=CARTESIAN_POINT('',(-51.85,15.860232526704,-7.));
#2734=CARTESIAN_POINT('Origin',(-64.,62.,-6.));
#2735=CARTESIAN_POINT('',(-50.55,62.,-5.5));
#2736=CARTESIAN_POINT('',(-57.925,62.,-5.5));
#2737=CARTESIAN_POINT('',(-50.55,62.,-3.));
#2738=CARTESIAN_POINT('',(-50.55,62.,-5.75));
#2739=CARTESIAN_POINT('',(50.55,62.,-3.));
#2740=CARTESIAN_POINT('',(-58.,62.,-3.));
#2741=CARTESIAN_POINT('',(50.55,62.,-5.75));
#2742=CARTESIAN_POINT('',(51.85,62.,-3.));
#2743=CARTESIAN_POINT('',(51.85,62.,-5.75));
#2744=CARTESIAN_POINT('',(57.5,62.,-3.));
#2745=CARTESIAN_POINT('',(-58.,62.,-3.));
#2746=CARTESIAN_POINT('',(57.5,62.,-6.));
#2747=CARTESIAN_POINT('',(57.5,62.,-7.));
#2748=CARTESIAN_POINT('',(-64.,62.,-6.));
#2749=CARTESIAN_POINT('',(-64.,62.,-6.));
#2750=CARTESIAN_POINT('',(-64.,62.,6.));
#2751=CARTESIAN_POINT('',(-64.,62.,-6.));
#2752=CARTESIAN_POINT('',(64.,62.,6.));
#2753=CARTESIAN_POINT('',(-64.,62.,6.));
#2754=CARTESIAN_POINT('',(64.,62.,-6.));
#2755=CARTESIAN_POINT('',(64.,62.,-6.));
#2756=CARTESIAN_POINT('',(58.5,62.,-6.));
#2757=CARTESIAN_POINT('',(-64.,62.,-6.));
#2758=CARTESIAN_POINT('',(58.5,62.,-3.211308144666));
#2759=CARTESIAN_POINT('',(58.5,62.,-7.));
#2760=CARTESIAN_POINT('',(56.75,62.,3.));
#2761=CARTESIAN_POINT('Origin',(58.,62.,-4.884981308351E-15));
#2762=CARTESIAN_POINT('',(55.,62.,3.));
#2763=CARTESIAN_POINT('',(-5.,62.,3.));
#2764=CARTESIAN_POINT('',(54.,62.,3.));
#2765=CARTESIAN_POINT('',(-58.,62.,3.));
#2766=CARTESIAN_POINT('',(51.85,62.,3.));
#2767=CARTESIAN_POINT('',(-58.,62.,3.));
#2768=CARTESIAN_POINT('',(51.85,62.,4.2));
#2769=CARTESIAN_POINT('',(51.85,62.,-5.75));
#2770=CARTESIAN_POINT('',(50.55,62.,4.2));
#2771=CARTESIAN_POINT('',(-6.725,62.,4.2));
#2772=CARTESIAN_POINT('',(50.55,62.,3.));
#2773=CARTESIAN_POINT('',(50.55,62.,-5.75));
#2774=CARTESIAN_POINT('',(-50.55,62.,3.));
#2775=CARTESIAN_POINT('',(-58.,62.,3.));
#2776=CARTESIAN_POINT('',(-50.55,62.,4.2));
#2777=CARTESIAN_POINT('',(-50.55,62.,-5.75));
#2778=CARTESIAN_POINT('',(-57.925,62.,4.2));
#2779=CARTESIAN_POINT('Origin',(-62.6,-52.65,0.7));
#2780=CARTESIAN_POINT('',(-57.4,-47.5,0.7));
#2781=CARTESIAN_POINT('',(-62.6,-47.5,0.7));
#2782=CARTESIAN_POINT('',(-63.8,-47.5,0.7));
#2783=CARTESIAN_POINT('',(-62.6,-42.35,0.7));
#2784=CARTESIAN_POINT('',(-62.6,-52.65,0.7));
#2785=CARTESIAN_POINT('',(-57.4,-42.35,0.7));
#2786=CARTESIAN_POINT('',(-62.6,-42.35,0.7));
#2787=CARTESIAN_POINT('',(-57.4,-47.65,0.7));
#2788=CARTESIAN_POINT('Origin',(-62.6,-52.65,-4.7));
#2789=CARTESIAN_POINT('',(-62.6,-47.5,-4.7));
#2790=CARTESIAN_POINT('',(-62.6,-47.5,-5.85));
#2791=CARTESIAN_POINT('',(-62.6,-42.35,-4.7));
#2792=CARTESIAN_POINT('',(-62.6,-47.65,-4.7));
#2793=CARTESIAN_POINT('',(-62.6,-42.35,-4.7));
#2794=CARTESIAN_POINT('Origin',(-62.6,-47.65,-4.7));
#2795=CARTESIAN_POINT('',(-57.4,-47.5,-4.7));
#2796=CARTESIAN_POINT('',(-63.8,-47.5,-4.7));
#2797=CARTESIAN_POINT('',(-57.4,-42.35,-4.7));
#2798=CARTESIAN_POINT('',(-57.4,-47.65,-4.7));
#2799=CARTESIAN_POINT('',(-58.03086313324,-42.35,-4.7));
#2800=CARTESIAN_POINT('',(-62.6,-42.35,-4.7));
#2801=CARTESIAN_POINT('',(-61.96913686675,-42.35,-4.7));
#2802=CARTESIAN_POINT('Origin',(-60.,-42.,-4.7));
#2803=CARTESIAN_POINT('',(-62.6,-42.35,-4.7));
#2804=CARTESIAN_POINT('Origin',(-57.4,-52.65,-4.7));
#2805=CARTESIAN_POINT('',(-57.4,-42.35,-4.7));
#2806=CARTESIAN_POINT('',(-57.4,-47.5,-5.85));
#2807=CARTESIAN_POINT('Origin',(62.6,-52.65,-4.7));
#2808=CARTESIAN_POINT('',(62.6,-47.5,-4.7));
#2809=CARTESIAN_POINT('',(62.6,-42.35,-4.7));
#2810=CARTESIAN_POINT('',(62.6,-47.65,-4.7));
#2811=CARTESIAN_POINT('',(62.6,-47.5,0.7));
#2812=CARTESIAN_POINT('',(62.6,-47.5,-5.85));
#2813=CARTESIAN_POINT('',(62.6,-42.35,0.7));
#2814=CARTESIAN_POINT('',(62.6,-50.15,0.7));
#2815=CARTESIAN_POINT('',(62.6,-42.35,-4.7));
#2816=CARTESIAN_POINT('Origin',(57.4,-52.65,-4.7));
#2817=CARTESIAN_POINT('',(57.4,-47.5,-4.7));
#2818=CARTESIAN_POINT('',(57.4,-42.35,-4.7));
#2819=CARTESIAN_POINT('',(57.4,-47.65,-4.7));
#2820=CARTESIAN_POINT('',(57.4,-42.35,0.7));
#2821=CARTESIAN_POINT('',(57.4,-42.35,-4.7));
#2822=CARTESIAN_POINT('',(57.4,-47.5,0.7));
#2823=CARTESIAN_POINT('',(57.4,-47.65,0.7));
#2824=CARTESIAN_POINT('',(57.4,-47.5,-5.85));
#2825=CARTESIAN_POINT('Origin',(57.4,-47.65,0.7));
#2826=CARTESIAN_POINT('',(-3.8,-47.5,0.7));
#2827=CARTESIAN_POINT('',(57.4,-42.35,0.7));
#2828=CARTESIAN_POINT('Origin',(-52.,57.,3.));
#2829=CARTESIAN_POINT('',(50.55,57.,3.));
#2830=CARTESIAN_POINT('',(50.55,2.25,3.));
#2831=CARTESIAN_POINT('',(48.85,57.,3.));
#2832=CARTESIAN_POINT('',(-52.,57.,3.));
#2833=CARTESIAN_POINT('',(-48.85,57.,3.));
#2834=CARTESIAN_POINT('',(-52.,57.,3.));
#2835=CARTESIAN_POINT('',(-50.55,57.,3.));
#2836=CARTESIAN_POINT('',(-52.,57.,3.));
#2837=CARTESIAN_POINT('',(-50.55,2.25,3.));
#2838=CARTESIAN_POINT('Origin',(54.,40.,-3.));
#2839=CARTESIAN_POINT('',(51.85,2.25,-3.));
#2840=CARTESIAN_POINT('',(54.,40.,-3.));
#2841=CARTESIAN_POINT('',(54.,40.,-3.));
#2842=CARTESIAN_POINT('',(56.75,40.,-3.));
#2843=CARTESIAN_POINT('',(54.,40.,-3.));
#2844=CARTESIAN_POINT('',(57.5,40.,-3.));
#2845=CARTESIAN_POINT('',(56.,40.,-3.));
#2846=CARTESIAN_POINT('',(57.5,40.,-3.));
#2847=CARTESIAN_POINT('Origin',(58.,40.,0.));
#2848=CARTESIAN_POINT('',(56.75,40.,3.));
#2849=CARTESIAN_POINT('',(58.5,40.,-3.211308144666));
#2850=CARTESIAN_POINT('Origin',(58.,40.,0.));
#2851=CARTESIAN_POINT('',(56.75,40.,3.));
#2852=CARTESIAN_POINT('',(58.5,40.,-3.211308144666));
#2853=CARTESIAN_POINT('Origin',(50.55,-52.5,-5.5));
#2854=CARTESIAN_POINT('',(50.55,57.,-3.));
#2855=CARTESIAN_POINT('',(50.55,2.25,-3.));
#2856=CARTESIAN_POINT('',(50.55,57.,-5.5));
#2857=CARTESIAN_POINT('Origin',(50.55,-52.5,-5.5));
#2858=CARTESIAN_POINT('',(50.55,45.,-3.));
#2859=CARTESIAN_POINT('',(50.55,45.,-5.5));
#2860=CARTESIAN_POINT('',(50.55,-47.5,-3.));
#2861=CARTESIAN_POINT('',(50.55,-52.5,-3.));
#2862=CARTESIAN_POINT('',(50.55,-47.5,-5.5));
#2863=CARTESIAN_POINT('Origin',(48.85,45.,-5.5));
#2864=CARTESIAN_POINT('',(48.85,45.,-3.));
#2865=CARTESIAN_POINT('',(48.85,45.,-5.5));
#2866=CARTESIAN_POINT('',(-0.85,45.,-3.));
#2867=CARTESIAN_POINT('Origin',(48.85,45.,-5.5));
#2868=CARTESIAN_POINT('',(48.85,57.,-3.));
#2869=CARTESIAN_POINT('',(48.85,57.,-5.5));
#2870=CARTESIAN_POINT('',(48.85,57.,-5.5));
#2871=CARTESIAN_POINT('',(48.85,57.,4.2));
#2872=CARTESIAN_POINT('',(48.85,57.,-5.5));
#2873=CARTESIAN_POINT('',(48.85,48.5,4.2));
#2874=CARTESIAN_POINT('',(48.85,45.,4.2));
#2875=CARTESIAN_POINT('',(48.85,48.5,4.));
#2876=CARTESIAN_POINT('',(48.85,48.5,-0.75));
#2877=CARTESIAN_POINT('',(48.85,48.5,-3.));
#2878=CARTESIAN_POINT('',(48.85,48.5,-4.25));
#2879=CARTESIAN_POINT('',(48.85,-3.75,-3.));
#2880=CARTESIAN_POINT('Origin',(48.85,57.,-5.5));
#2881=CARTESIAN_POINT('',(-52.,57.,-3.));
#2882=CARTESIAN_POINT('Origin',(-64.,-62.,6.));
#2883=CARTESIAN_POINT('',(-64.,-47.5,6.));
#2884=CARTESIAN_POINT('',(-64.,-62.,6.));
#2885=CARTESIAN_POINT('',(-50.5,-47.5,6.));
#2886=CARTESIAN_POINT('',(-64.5,-47.5,6.));
#2887=CARTESIAN_POINT('',(-50.5,48.5,6.));
#2888=CARTESIAN_POINT('',(-50.5,-57.25,6.));
#2889=CARTESIAN_POINT('',(50.5,48.5,6.));
#2890=CARTESIAN_POINT('',(-57.25,48.5,6.));
#2891=CARTESIAN_POINT('',(50.5,-47.5,6.));
#2892=CARTESIAN_POINT('',(50.5,-57.25,6.));
#2893=CARTESIAN_POINT('',(64.,-47.5,6.));
#2894=CARTESIAN_POINT('',(-64.5,-47.5,6.));
#2895=CARTESIAN_POINT('',(64.,-62.,6.));
#2896=CARTESIAN_POINT('Origin',(-64.,-62.,-6.));
#2897=CARTESIAN_POINT('',(-64.,-47.5,-6.));
#2898=CARTESIAN_POINT('',(-64.,-62.,-6.));
#2899=CARTESIAN_POINT('',(-64.,-47.5,-6.5));
#2900=CARTESIAN_POINT('',(-64.,35.1,-4.55));
#2901=CARTESIAN_POINT('',(-64.,27.,-4.55));
#2902=CARTESIAN_POINT('',(-64.,-17.5,-4.55));
#2903=CARTESIAN_POINT('',(-64.,35.1,-1.45));
#2904=CARTESIAN_POINT('',(-64.,35.1,-5.275));
#2905=CARTESIAN_POINT('',(-64.,27.,-1.45));
#2906=CARTESIAN_POINT('',(-64.,-17.5,-1.45));
#2907=CARTESIAN_POINT('',(-64.,27.,-5.275));
#2908=CARTESIAN_POINT('',(-64.,-22.9,-4.55));
#2909=CARTESIAN_POINT('',(-64.,-31.,-4.55));
#2910=CARTESIAN_POINT('',(-64.,-46.5,-4.55));
#2911=CARTESIAN_POINT('',(-64.,-22.9,-1.45));
#2912=CARTESIAN_POINT('',(-64.,-22.9,-5.275));
#2913=CARTESIAN_POINT('',(-64.,-31.,-1.45));
#2914=CARTESIAN_POINT('',(-64.,-46.5,-1.45));
#2915=CARTESIAN_POINT('',(-64.,-31.,-5.275));
#2916=CARTESIAN_POINT('Origin',(64.,-62.,-6.));
#2917=CARTESIAN_POINT('',(64.,-47.5,-6.));
#2918=CARTESIAN_POINT('',(64.,-47.5,-6.5));
#2919=CARTESIAN_POINT('',(64.,-62.,-6.));
#2920=CARTESIAN_POINT('',(64.,35.,-4.55));
#2921=CARTESIAN_POINT('',(64.,26.9,-4.55));
#2922=CARTESIAN_POINT('',(64.,-17.5,-4.55));
#2923=CARTESIAN_POINT('',(64.,26.9,-1.45));
#2924=CARTESIAN_POINT('',(64.,26.9,-5.275));
#2925=CARTESIAN_POINT('',(64.,35.,-1.45));
#2926=CARTESIAN_POINT('',(64.,-17.5,-1.45));
#2927=CARTESIAN_POINT('',(64.,35.,-5.275));
#2928=CARTESIAN_POINT('',(64.,-23.,-4.55));
#2929=CARTESIAN_POINT('',(64.,-31.1,-4.55));
#2930=CARTESIAN_POINT('',(64.,-46.5,-4.55));
#2931=CARTESIAN_POINT('',(64.,-31.1,-1.45));
#2932=CARTESIAN_POINT('',(64.,-31.1,-5.275));
#2933=CARTESIAN_POINT('',(64.,-23.,-1.45));
#2934=CARTESIAN_POINT('',(64.,-46.5,-1.45));
#2935=CARTESIAN_POINT('',(64.,-23.,-5.275));
#2936=CARTESIAN_POINT('Origin',(-65.,-47.5,-7.));
#2937=CARTESIAN_POINT('',(-64.5,-47.5,-6.));
#2938=CARTESIAN_POINT('',(50.5,-47.5,4.2));
#2939=CARTESIAN_POINT('',(50.5,-47.5,-1.5));
#2940=CARTESIAN_POINT('',(50.55,-47.5,4.2));
#2941=CARTESIAN_POINT('',(-57.775,-47.5,4.2));
#2942=CARTESIAN_POINT('',(51.85,-47.5,4.2));
#2943=CARTESIAN_POINT('',(50.55,-47.5,4.2));
#2944=CARTESIAN_POINT('',(51.85,-47.5,-6.25));
#2945=CARTESIAN_POINT('',(-50.55,-47.5,-3.));
#2946=CARTESIAN_POINT('',(-57.775,-47.5,-3.));
#2947=CARTESIAN_POINT('',(-50.55,-47.5,-5.5));
#2948=CARTESIAN_POINT('',(-50.55,-47.5,-5.5));
#2949=CARTESIAN_POINT('',(-52.35,-47.5,-5.5));
#2950=CARTESIAN_POINT('',(-50.55,-47.5,4.2));
#2951=CARTESIAN_POINT('',(-52.35,-47.5,4.2));
#2952=CARTESIAN_POINT('',(-50.5,-47.5,4.2));
#2953=CARTESIAN_POINT('',(-57.775,-47.5,4.2));
#2954=CARTESIAN_POINT('',(-50.5,-47.5,-1.5));
#2955=CARTESIAN_POINT('',(-3.8,-47.5,-4.7));
#2956=CARTESIAN_POINT('Origin',(50.5,-52.5,4.));
#2957=CARTESIAN_POINT('',(50.5,48.5,4.2));
#2958=CARTESIAN_POINT('',(50.5,48.5,4.));
#2959=CARTESIAN_POINT('',(50.5,45.,4.2));
#2960=CARTESIAN_POINT('',(50.5,-3.75,4.2));
#2961=CARTESIAN_POINT('',(50.5,-52.5,4.2));
#2962=CARTESIAN_POINT('Origin',(-50.5,48.5,4.));
#2963=CARTESIAN_POINT('',(-50.5,48.5,4.2));
#2964=CARTESIAN_POINT('',(-48.85,48.5,4.2));
#2965=CARTESIAN_POINT('',(-50.55,48.5,4.2));
#2966=CARTESIAN_POINT('',(-50.55,48.5,4.2));
#2967=CARTESIAN_POINT('',(-50.55,48.5,4.2));
#2968=CARTESIAN_POINT('',(-50.5,48.5,4.));
#2969=CARTESIAN_POINT('Origin',(-50.5,-52.5,4.));
#2970=CARTESIAN_POINT('',(-50.5,45.,4.2));
#2971=CARTESIAN_POINT('',(-50.5,-52.5,4.2));
#2972=CARTESIAN_POINT('',(-50.5,-3.75,4.2));
#2973=CARTESIAN_POINT('Origin',(-64.,-62.,-6.));
#2974=CARTESIAN_POINT('',(57.5,40.,-6.));
#2975=CARTESIAN_POINT('',(57.5,-11.,-6.));
#2976=CARTESIAN_POINT('',(58.5,40.,-6.));
#2977=CARTESIAN_POINT('',(-3.25,40.,-6.));
#2978=CARTESIAN_POINT('',(58.5,-11.,-6.));
#2979=CARTESIAN_POINT('',(-62.,-42.,-6.));
#2980=CARTESIAN_POINT('Origin',(-60.,-42.,-6.));
#2981=CARTESIAN_POINT('',(58.,-42.,-6.));
#2982=CARTESIAN_POINT('Origin',(60.,-42.,-6.));
#2983=CARTESIAN_POINT('',(-57.,7.,-6.));
#2984=CARTESIAN_POINT('Origin',(-55.,7.,-6.));
#2985=CARTESIAN_POINT('',(-51.75,15.,-6.));
#2986=CARTESIAN_POINT('Origin',(-55.5,15.,-6.));
#2987=CARTESIAN_POINT('',(-57.,38.,-6.));
#2988=CARTESIAN_POINT('Origin',(-55.,38.,-6.));
#2989=CARTESIAN_POINT('',(53.,7.,-6.));
#2990=CARTESIAN_POINT('Origin',(55.,7.,-6.));
#2991=CARTESIAN_POINT('',(51.75,15.,-6.));
#2992=CARTESIAN_POINT('Origin',(55.5,15.,-6.));
#2993=CARTESIAN_POINT('',(53.,38.,-6.));
#2994=CARTESIAN_POINT('Origin',(55.,38.,-6.));
#2995=CARTESIAN_POINT('Origin',(-65.,27.,-4.55));
#2996=CARTESIAN_POINT('',(-55.,35.1,-4.55));
#2997=CARTESIAN_POINT('',(-65.,35.1,-4.55));
#2998=CARTESIAN_POINT('',(-55.,27.,-4.55));
#2999=CARTESIAN_POINT('',(-65.,27.,-4.55));
#3000=CARTESIAN_POINT('',(-55.,27.,-4.55));
#3001=CARTESIAN_POINT('Origin',(-65.,35.1,-4.55));
#3002=CARTESIAN_POINT('',(-55.,35.1,-1.45));
#3003=CARTESIAN_POINT('',(-55.,35.1,-4.55));
#3004=CARTESIAN_POINT('',(-65.,35.1,-1.45));
#3005=CARTESIAN_POINT('Origin',(-65.,27.,-4.55));
#3006=CARTESIAN_POINT('',(-55.,27.,-1.45));
#3007=CARTESIAN_POINT('',(-65.,27.,-1.45));
#3008=CARTESIAN_POINT('',(-55.,27.,-4.55));
#3009=CARTESIAN_POINT('Origin',(-65.,27.,-1.45));
#3010=CARTESIAN_POINT('',(-55.,27.,-1.45));
#3011=CARTESIAN_POINT('Origin',(-65.,-31.,-4.55));
#3012=CARTESIAN_POINT('',(-55.,-22.9,-4.55));
#3013=CARTESIAN_POINT('',(-65.,-22.9,-4.55));
#3014=CARTESIAN_POINT('',(-55.,-31.,-4.55));
#3015=CARTESIAN_POINT('',(-65.,-31.,-4.55));
#3016=CARTESIAN_POINT('',(-55.,-31.,-4.55));
#3017=CARTESIAN_POINT('Origin',(-65.,-22.9,-4.55));
#3018=CARTESIAN_POINT('',(-55.,-22.9,-1.45));
#3019=CARTESIAN_POINT('',(-55.,-22.9,-4.55));
#3020=CARTESIAN_POINT('',(-65.,-22.9,-1.45));
#3021=CARTESIAN_POINT('Origin',(-65.,-31.,-4.55));
#3022=CARTESIAN_POINT('',(-55.,-31.,-1.45));
#3023=CARTESIAN_POINT('',(-65.,-31.,-1.45));
#3024=CARTESIAN_POINT('',(-55.,-31.,-4.55));
#3025=CARTESIAN_POINT('Origin',(-65.,-31.,-1.45));
#3026=CARTESIAN_POINT('',(-55.,-31.,-1.45));
#3027=CARTESIAN_POINT('Origin',(57.5,40.,-8.));
#3028=CARTESIAN_POINT('',(57.5,40.,-3.211308144666));
#3029=CARTESIAN_POINT('',(57.5,40.,-4.));
#3030=CARTESIAN_POINT('',(57.5,40.,-8.));
#3031=CARTESIAN_POINT('Origin',(54.,40.,-3.));
#3032=CARTESIAN_POINT('',(-50.55,57.,-3.));
#3033=CARTESIAN_POINT('',(-50.55,2.25,-3.));
#3034=CARTESIAN_POINT('',(-48.85,57.,-3.));
#3035=CARTESIAN_POINT('',(-52.,57.,-3.));
#3036=CARTESIAN_POINT('',(-52.,57.,-3.));
#3037=CARTESIAN_POINT('Origin',(-50.55,-52.5,-5.5));
#3038=CARTESIAN_POINT('',(-50.55,57.,-5.5));
#3039=CARTESIAN_POINT('',(-50.55,57.,-5.5));
#3040=CARTESIAN_POINT('',(-50.55,-52.5,-5.5));
#3041=CARTESIAN_POINT('Origin',(-51.85,-52.5,4.2));
#3042=CARTESIAN_POINT('',(-50.55,57.,4.2));
#3043=CARTESIAN_POINT('',(-50.55,-52.5,4.2));
#3044=CARTESIAN_POINT('',(-51.85,57.,4.2));
#3045=CARTESIAN_POINT('Origin',(-50.55,-52.5,-5.5));
#3046=CARTESIAN_POINT('',(-50.55,57.,-5.5));
#3047=CARTESIAN_POINT('Origin',(-52.,57.,3.));
#3048=CARTESIAN_POINT('',(51.85,2.25,3.));
#3049=CARTESIAN_POINT('',(54.,40.,3.));
#3050=CARTESIAN_POINT('Origin',(-52.,57.,3.));
#3051=CARTESIAN_POINT('',(55.,57.,3.));
#3052=CARTESIAN_POINT('',(55.,57.,3.));
#3053=CARTESIAN_POINT('',(-52.,57.,3.));
#3054=CARTESIAN_POINT('Origin',(54.,40.,3.));
#3055=CARTESIAN_POINT('',(54.,40.,3.));
#3056=CARTESIAN_POINT('',(54.,40.,3.));
#3057=CARTESIAN_POINT('',(54.,40.,3.));
#3058=CARTESIAN_POINT('Origin',(58.5,40.,-8.));
#3059=CARTESIAN_POINT('',(58.5,40.,-8.));
#3060=CARTESIAN_POINT('Origin',(55.,27.,-4.55));
#3061=CARTESIAN_POINT('',(55.,35.,-4.55));
#3062=CARTESIAN_POINT('',(55.,35.,-4.55));
#3063=CARTESIAN_POINT('',(55.,26.9,-4.55));
#3064=CARTESIAN_POINT('',(55.,27.,-4.55));
#3065=CARTESIAN_POINT('',(55.,26.9,-4.55));
#3066=CARTESIAN_POINT('Origin',(55.,35.,-4.55));
#3067=CARTESIAN_POINT('',(55.,35.,-1.45));
#3068=CARTESIAN_POINT('',(55.,35.,-1.45));
#3069=CARTESIAN_POINT('',(55.,35.,-4.55));
#3070=CARTESIAN_POINT('Origin',(55.,26.9,-4.55));
#3071=CARTESIAN_POINT('',(55.,26.9,-1.45));
#3072=CARTESIAN_POINT('',(55.,26.9,-4.55));
#3073=CARTESIAN_POINT('',(55.,26.9,-1.45));
#3074=CARTESIAN_POINT('Origin',(55.,27.,-1.45));
#3075=CARTESIAN_POINT('',(55.,27.,-1.45));
#3076=CARTESIAN_POINT('Origin',(55.,-31.,-4.55));
#3077=CARTESIAN_POINT('',(55.,-23.,-4.55));
#3078=CARTESIAN_POINT('',(55.,-23.,-4.55));
#3079=CARTESIAN_POINT('',(55.,-31.1,-4.55));
#3080=CARTESIAN_POINT('',(55.,-31.,-4.55));
#3081=CARTESIAN_POINT('',(55.,-31.1,-4.55));
#3082=CARTESIAN_POINT('Origin',(55.,-23.,-4.55));
#3083=CARTESIAN_POINT('',(55.,-23.,-1.45));
#3084=CARTESIAN_POINT('',(55.,-23.,-1.45));
#3085=CARTESIAN_POINT('',(55.,-23.,-4.55));
#3086=CARTESIAN_POINT('Origin',(55.,-31.1,-4.55));
#3087=CARTESIAN_POINT('',(55.,-31.1,-1.45));
#3088=CARTESIAN_POINT('',(55.,-31.1,-4.55));
#3089=CARTESIAN_POINT('',(55.,-31.1,-1.45));
#3090=CARTESIAN_POINT('Origin',(55.,-31.,-1.45));
#3091=CARTESIAN_POINT('',(55.,-31.,-1.45));
#3092=CARTESIAN_POINT('Origin',(50.55,-52.5,4.2));
#3093=CARTESIAN_POINT('',(50.55,45.,4.2));
#3094=CARTESIAN_POINT('',(50.55,-52.5,4.2));
#3095=CARTESIAN_POINT('',(51.85,45.,4.2));
#3096=CARTESIAN_POINT('',(48.85,45.,4.2));
#3097=CARTESIAN_POINT('',(51.85,-52.5,4.2));
#3098=CARTESIAN_POINT('Origin',(-50.55,-52.5,-3.));
#3099=CARTESIAN_POINT('',(-50.55,45.,-3.));
#3100=CARTESIAN_POINT('',(-50.55,-52.5,-3.));
#3101=CARTESIAN_POINT('',(-48.85,48.5,-3.));
#3102=CARTESIAN_POINT('',(-50.55,48.5,-3.));
#3103=CARTESIAN_POINT('',(-48.85,45.,-3.));
#3104=CARTESIAN_POINT('',(-48.85,-3.75,-3.));
#3105=CARTESIAN_POINT('',(-51.2,45.,-3.));
#3106=CARTESIAN_POINT('Origin',(-50.55,-52.5,-5.5));
#3107=CARTESIAN_POINT('',(-50.55,45.,-5.5));
#3108=CARTESIAN_POINT('',(-50.55,45.,-5.5));
#3109=CARTESIAN_POINT('',(-50.55,-52.5,-5.5));
#3110=CARTESIAN_POINT('Origin',(-51.85,-52.5,4.2));
#3111=CARTESIAN_POINT('',(-50.55,45.,4.2));
#3112=CARTESIAN_POINT('',(-51.85,45.,4.2));
#3113=CARTESIAN_POINT('',(-50.55,-52.5,4.2));
#3114=CARTESIAN_POINT('Origin',(-51.85,-52.5,4.2));
#3115=CARTESIAN_POINT('',(-51.85,45.,4.2));
#3116=CARTESIAN_POINT('Origin',(50.55,-52.5,4.2));
#3117=CARTESIAN_POINT('',(48.85,45.,4.2));
#3118=CARTESIAN_POINT('Origin',(50.55,-52.5,4.2));
#3119=CARTESIAN_POINT('',(50.55,48.5,4.2));
#3120=CARTESIAN_POINT('',(-50.55,48.5,4.2));
#3121=CARTESIAN_POINT('',(50.55,-52.5,4.2));
#3122=CARTESIAN_POINT('Origin',(-51.85,-52.5,4.2));
#3123=CARTESIAN_POINT('',(-48.85,57.,4.2));
#3124=CARTESIAN_POINT('',(-51.85,57.,4.2));
#3125=CARTESIAN_POINT('',(-48.85,45.,4.2));
#3126=CARTESIAN_POINT('',(-50.55,48.5,4.2));
#3127=CARTESIAN_POINT('',(-50.55,48.5,4.2));
#3128=CARTESIAN_POINT('',(-50.55,-52.5,4.2));
#3129=CARTESIAN_POINT('Origin',(-50.55,48.5,-3.));
#3130=CARTESIAN_POINT('',(-48.85,48.5,4.));
#3131=CARTESIAN_POINT('',(-50.5,48.5,4.));
#3132=CARTESIAN_POINT('',(-48.85,48.5,-0.75));
#3133=CARTESIAN_POINT('Origin',(50.55,-52.5,4.2));
#3134=CARTESIAN_POINT('',(50.55,57.,4.2));
#3135=CARTESIAN_POINT('',(-0.725000000000002,57.,4.2));
#3136=CARTESIAN_POINT('',(50.55,-52.5,4.2));
#3137=CARTESIAN_POINT('Origin',(-51.85,-52.5,4.2));
#3138=CARTESIAN_POINT('',(-50.55,-52.5,4.2));
#3139=CARTESIAN_POINT('Origin',(58.,40.,0.));
#3140=CARTESIAN_POINT('Origin',(58.,40.,0.));
#3141=CARTESIAN_POINT('Origin',(-60.,-42.,-7.));
#3142=CARTESIAN_POINT('',(-58.03086313324,-42.35,-4.));
#3143=CARTESIAN_POINT('',(-62.,-42.,-4.));
#3144=CARTESIAN_POINT('Origin',(-60.,-42.,-4.));
#3145=CARTESIAN_POINT('',(-62.,-42.,-7.));
#3146=CARTESIAN_POINT('',(-61.96913686675,-42.35,-4.));
#3147=CARTESIAN_POINT('Origin',(-60.,-42.,-4.));
#3148=CARTESIAN_POINT('',(-61.96913686675,-42.35,-7.));
#3149=CARTESIAN_POINT('',(-58.03086313324,-42.35,-7.));
#3150=CARTESIAN_POINT('Origin',(60.,-42.,-7.));
#3151=CARTESIAN_POINT('',(61.969136866752,-42.35,-4.));
#3152=CARTESIAN_POINT('',(58.,-42.,-4.));
#3153=CARTESIAN_POINT('Origin',(60.,-42.,-4.));
#3154=CARTESIAN_POINT('',(58.,-42.,-7.));
#3155=CARTESIAN_POINT('',(58.030863133248,-42.35,-4.));
#3156=CARTESIAN_POINT('Origin',(60.,-42.,-4.));
#3157=CARTESIAN_POINT('',(58.030863133249,-42.35,-4.7));
#3158=CARTESIAN_POINT('',(58.030863133248,-42.35,-7.));
#3159=CARTESIAN_POINT('',(61.969136866751,-42.35,-4.7));
#3160=CARTESIAN_POINT('Origin',(60.,-42.,-4.7));
#3161=CARTESIAN_POINT('',(61.969136866752,-42.35,-7.));
#3162=CARTESIAN_POINT('Origin',(-55.,7.,-7.));
#3163=CARTESIAN_POINT('',(-57.,7.,-4.));
#3164=CARTESIAN_POINT('Origin',(-55.,7.,-4.));
#3165=CARTESIAN_POINT('',(-57.,7.,-7.));
#3166=CARTESIAN_POINT('Origin',(-55.5,15.,-7.));
#3167=CARTESIAN_POINT('Origin',(-55.5,15.,-1.));
#3168=CARTESIAN_POINT('',(-51.75,15.,-5.5));
#3169=CARTESIAN_POINT('Origin',(-55.5,15.,-5.5));
#3170=CARTESIAN_POINT('',(-51.75,15.,-7.));
#3171=CARTESIAN_POINT('Origin',(-55.5,15.,-5.5));
#3172=CARTESIAN_POINT('Origin',(-55.,38.,-7.));
#3173=CARTESIAN_POINT('',(-57.,38.,-4.));
#3174=CARTESIAN_POINT('Origin',(-55.,38.,-4.));
#3175=CARTESIAN_POINT('',(-57.,38.,-7.));
#3176=CARTESIAN_POINT('Origin',(55.,7.,-7.));
#3177=CARTESIAN_POINT('',(53.,7.,-4.));
#3178=CARTESIAN_POINT('Origin',(55.,7.,-4.));
#3179=CARTESIAN_POINT('',(53.,7.,-7.));
#3180=CARTESIAN_POINT('Origin',(55.5,15.,-7.));
#3181=CARTESIAN_POINT('',(51.75,15.,-7.));
#3182=CARTESIAN_POINT('',(51.85,14.139767473296,-1.));
#3183=CARTESIAN_POINT('',(51.85,14.139767473296,-7.));
#3184=CARTESIAN_POINT('',(51.85,15.860232526704,-1.));
#3185=CARTESIAN_POINT('Origin',(55.5,15.,-1.));
#3186=CARTESIAN_POINT('',(51.85,15.860232526704,-7.));
#3187=CARTESIAN_POINT('Origin',(55.,38.,-7.));
#3188=CARTESIAN_POINT('',(53.,38.,-4.));
#3189=CARTESIAN_POINT('Origin',(55.,38.,-4.));
#3190=CARTESIAN_POINT('',(53.,38.,-7.));
#3191=CARTESIAN_POINT('Origin',(-55.,27.,-4.55));
#3192=CARTESIAN_POINT('Origin',(-55.,-31.,-4.55));
#3193=CARTESIAN_POINT('Origin',(54.,40.,-3.));
#3194=CARTESIAN_POINT('',(54.,40.,-3.));
#3195=CARTESIAN_POINT('Origin',(58.,40.,0.));
#3196=CARTESIAN_POINT('Origin',(58.,40.,0.));
#3197=CARTESIAN_POINT('Origin',(-52.,57.,-3.));
#3198=CARTESIAN_POINT('',(-48.85,57.,-5.5));
#3199=CARTESIAN_POINT('Origin',(-51.85,57.,-5.5));
#3200=CARTESIAN_POINT('',(-48.85,57.,-5.5));
#3201=CARTESIAN_POINT('',(-51.85,57.,-5.5));
#3202=CARTESIAN_POINT('',(-48.85,57.,-5.5));
#3203=CARTESIAN_POINT('Origin',(-51.85,-52.5,4.2));
#3204=CARTESIAN_POINT('Origin',(-51.85,57.,-5.5));
#3205=CARTESIAN_POINT('',(-48.85,57.,-5.5));
#3206=CARTESIAN_POINT('Origin',(50.55,-52.5,-5.5));
#3207=CARTESIAN_POINT('',(50.55,-52.5,4.2));
#3208=CARTESIAN_POINT('',(50.55,57.,-5.5));
#3209=CARTESIAN_POINT('Origin',(48.85,57.,-5.5));
#3210=CARTESIAN_POINT('Origin',(55.,27.,-4.55));
#3211=CARTESIAN_POINT('Origin',(55.,-31.,-4.55));
#3212=CARTESIAN_POINT('Origin',(50.55,-52.5,4.2));
#3213=CARTESIAN_POINT('',(51.85,57.,4.2));
#3214=CARTESIAN_POINT('',(-0.725000000000002,57.,4.2));
#3215=CARTESIAN_POINT('',(51.85,-52.5,4.2));
#3216=CARTESIAN_POINT('Origin',(51.85,-52.5,-5.5));
#3217=CARTESIAN_POINT('',(51.85,-52.5,4.2));
#3218=CARTESIAN_POINT('',(51.85,-18.75,-1.));
#3219=CARTESIAN_POINT('Origin',(-51.85,45.,-5.5));
#3220=CARTESIAN_POINT('',(-48.85,45.,-5.5));
#3221=CARTESIAN_POINT('',(-51.85,45.,-5.5));
#3222=CARTESIAN_POINT('',(-48.85,45.,-5.5));
#3223=CARTESIAN_POINT('Origin',(-48.85,45.,-5.5));
#3224=CARTESIAN_POINT('',(-48.85,48.5,-4.25));
#3225=CARTESIAN_POINT('',(-48.85,45.,-5.5));
#3226=CARTESIAN_POINT('Origin',(-50.55,48.5,-3.));
#3227=CARTESIAN_POINT('Origin',(57.4,-52.65,-4.7));
#3228=CARTESIAN_POINT('',(57.4,-42.35,-4.7));
#3229=CARTESIAN_POINT('',(57.4,-42.35,-4.7));
#3230=CARTESIAN_POINT('Origin',(58.,40.,0.));
#3231=CARTESIAN_POINT('Origin',(-60.,-42.,-4.));
#3232=CARTESIAN_POINT('',(-61.3,-42.35,-4.));
#3233=CARTESIAN_POINT('Origin',(-62.6,-42.35,-4.7));
#3234=CARTESIAN_POINT('Origin',(60.,-42.,-4.));
#3235=CARTESIAN_POINT('',(58.7,-42.35,-4.));
#3236=CARTESIAN_POINT('Origin',(57.4,-42.35,-4.7));
#3237=CARTESIAN_POINT('Origin',(-55.,7.,-4.));
#3238=CARTESIAN_POINT('Origin',(-55.5,15.,-1.));
#3239=CARTESIAN_POINT('Origin',(-55.,38.,-4.));
#3240=CARTESIAN_POINT('Origin',(55.,7.,-4.));
#3241=CARTESIAN_POINT('Origin',(55.5,15.,-1.));
#3242=CARTESIAN_POINT('Origin',(55.,38.,-4.));
#3243=CARTESIAN_POINT('Origin',(-51.85,-52.5,-5.5));
#3244=CARTESIAN_POINT('Origin',(50.55,-52.5,4.2));
#3245=CARTESIAN_POINT('',(11.1652636959888,31.1251997349819,23.7068079233305));
#3246=UNCERTAINTY_MEASURE_WITH_UNIT(LENGTH_MEASURE(0.01),#3252,
'DISTANCE_ACCURACY_VALUE',
'Maximum model space distance between geometric entities at asserted c
onnectivities');
#3247=UNCERTAINTY_MEASURE_WITH_UNIT(LENGTH_MEASURE(0.01),#3252,
'DISTANCE_ACCURACY_VALUE',
'Maximum model space distance between geometric entities at asserted c
onnectivities');
#3248=UNCERTAINTY_MEASURE_WITH_UNIT(LENGTH_MEASURE(0.01),#3252,
'DISTANCE_ACCURACY_VALUE',
'Maximum model space distance between geometric entities at asserted c
onnectivities');
#3249=(
GEOMETRIC_REPRESENTATION_CONTEXT(3)
GLOBAL_UNCERTAINTY_ASSIGNED_CONTEXT((#3246))
GLOBAL_UNIT_ASSIGNED_CONTEXT((#3252,#3254,#3255))
REPRESENTATION_CONTEXT('','3D')
);
#3250=(
GEOMETRIC_REPRESENTATION_CONTEXT(3)
GLOBAL_UNCERTAINTY_ASSIGNED_CONTEXT((#3247))
GLOBAL_UNIT_ASSIGNED_CONTEXT((#3252,#3254,#3255))
REPRESENTATION_CONTEXT('','3D')
);
#3251=(
GEOMETRIC_REPRESENTATION_CONTEXT(3)
GLOBAL_UNCERTAINTY_ASSIGNED_CONTEXT((#3248))
GLOBAL_UNIT_ASSIGNED_CONTEXT((#3252,#3254,#3255))
REPRESENTATION_CONTEXT('','3D')
);
#3252=(
LENGTH_UNIT()
NAMED_UNIT(*)
SI_UNIT(.MILLI.,.METRE.)
);
#3253=(
LENGTH_UNIT()
NAMED_UNIT(*)
SI_UNIT($,.METRE.)
);
#3254=(
NAMED_UNIT(*)
PLANE_ANGLE_UNIT()
SI_UNIT($,.RADIAN.)
);
#3255=(
NAMED_UNIT(*)
SI_UNIT($,.STERADIAN.)
SOLID_ANGLE_UNIT()
);
#3256=SHAPE_DEFINITION_REPRESENTATION(#3258,#3261);
#3257=SHAPE_DEFINITION_REPRESENTATION(#3259,#3262);
#3258=PRODUCT_DEFINITION_SHAPE('',$,#3264);
#3259=PRODUCT_DEFINITION_SHAPE('',$,#3265);
#3260=PRODUCT_DEFINITION_SHAPE($,$,#14);
#3261=SHAPE_REPRESENTATION('',(#2025,#2158),#3249);
#3262=SHAPE_REPRESENTATION('',(#2026),#3250);
#3263=PRODUCT_DEFINITION_CONTEXT('part definition',#3271,'design');
#3264=PRODUCT_DEFINITION('plate holder','plate holder v76',#3266,#3263);
#3265=PRODUCT_DEFINITION('plate-holder_backlight',
'plate-holder_backlight',#3267,#3263);
#3266=PRODUCT_DEFINITION_FORMATION('',$,#3273);
#3267=PRODUCT_DEFINITION_FORMATION('',$,#3274);
#3268=PRODUCT_RELATED_PRODUCT_CATEGORY('plate holder v76',
'plate holder v76',(#3273));
#3269=PRODUCT_RELATED_PRODUCT_CATEGORY('plate-holder_backlight',
'plate-holder_backlight',(#3274));
#3270=APPLICATION_PROTOCOL_DEFINITION('international standard',
'automotive_design',2009,#3271);
#3271=APPLICATION_CONTEXT(
'Core Data for Automotive Mechanical Design Process');
#3272=PRODUCT_CONTEXT('part definition',#3271,'mechanical');
#3273=PRODUCT('plate holder','plate holder v76',$,(#3272));
#3274=PRODUCT('plate-holder_backlight','plate-holder_backlight',$,(#3272));
#3275=PRESENTATION_STYLE_ASSIGNMENT((#3277));
#3276=PRESENTATION_STYLE_ASSIGNMENT((#3278));
#3277=SURFACE_STYLE_USAGE(.BOTH.,#3279);
#3278=SURFACE_STYLE_USAGE(.BOTH.,#3280);
#3279=SURFACE_SIDE_STYLE('',(#3281));
#3280=SURFACE_SIDE_STYLE('',(#3282));
#3281=SURFACE_STYLE_FILL_AREA(#3283);
#3282=SURFACE_STYLE_FILL_AREA(#3284);
#3283=FILL_AREA_STYLE('Stahl - satiniert',(#3285));
#3284=FILL_AREA_STYLE('Opaque(204,204,204)',(#3286));
#3285=FILL_AREA_STYLE_COLOUR('Stahl - satiniert',#3287);
#3286=FILL_AREA_STYLE_COLOUR('Opaque(204,204,204)',#3288);
#3287=COLOUR_RGB('Stahl - satiniert',0.627450980392157,0.627450980392157,
0.627450980392157);
#3288=COLOUR_RGB('Opaque(204,204,204)',0.8,0.8,0.8);
ENDSEC;
END-ISO-10303-21;
