ISO-10303-21;
HEADER;
/* Generated by software containing ST-Developer
 * from STEP Tools, Inc. (www.steptools.com) 
 */

FILE_DESCRIPTION(
/* description */ ('FreeCAD Model'),
/* implementation_level */ '2;1');

FILE_NAME(
/* name */ 'y-axis_cart_tensioner.step',
/* time_stamp */ '2026-09-03T09:21:02+02:00',
/* author */ (''),
/* organization */ (''),
/* preprocessor_version */ 'ST-DEVELOPER v20.1',
/* originating_system */ 'Autodesk Translation Framework v15.8.0.0',
/* authorisation */ '');

FILE_SCHEMA (('AUTOMOTIVE_DESIGN { 1 0 10303 214 3 1 1 }'));
ENDSEC;

DATA;
#10=MECHANICAL_DESIGN_GEOMETRIC_PRESENTATION_REPRESENTATION('',(#13),#4816);
#11=SHAPE_REPRESENTATION_RELATIONSHIP('SRR','None',#4823,#12);
#12=ADVANCED_BREP_SHAPE_REPRESENTATION('',(#14),#4815);
#13=STYLED_ITEM('',(#4833),#14);
#14=MANIFOLD_SOLID_BREP('K\X\F6rper1',#2970);
#15=CYLINDRICAL_SURFACE('',#3032,2.);
#16=CYLINDRICAL_SURFACE('',#3048,1.35);
#17=CYLINDRICAL_SURFACE('',#3050,2.);
#18=CYLINDRICAL_SURFACE('',#3052,7.75);
#19=CYLINDRICAL_SURFACE('',#3077,1.65);
#20=CYLINDRICAL_SURFACE('',#3110,7.75);
#21=CYLINDRICAL_SURFACE('',#3117,5.8);
#22=CYLINDRICAL_SURFACE('',#3119,5.8);
#23=CYLINDRICAL_SURFACE('',#3125,2.8);
#24=CYLINDRICAL_SURFACE('',#3129,2.8);
#25=FACE_BOUND('',#343,.T.);
#26=FACE_BOUND('',#344,.T.);
#27=FACE_BOUND('',#345,.T.);
#28=FACE_BOUND('',#346,.T.);
#29=FACE_BOUND('',#359,.T.);
#30=FACE_BOUND('',#360,.T.);
#31=FACE_BOUND('',#364,.T.);
#32=FACE_BOUND('',#367,.T.);
#33=FACE_BOUND('',#374,.T.);
#34=FACE_BOUND('',#375,.T.);
#35=FACE_BOUND('',#391,.T.);
#36=FACE_BOUND('',#392,.T.);
#37=FACE_BOUND('',#393,.T.);
#38=FACE_BOUND('',#394,.T.);
#39=FACE_BOUND('',#395,.T.);
#40=FACE_BOUND('',#396,.T.);
#41=FACE_BOUND('',#456,.T.);
#42=PLANE('',#2993);
#43=PLANE('',#2994);
#44=PLANE('',#2995);
#45=PLANE('',#2996);
#46=PLANE('',#2997);
#47=PLANE('',#3001);
#48=PLANE('',#3003);
#49=PLANE('',#3004);
#50=PLANE('',#3005);
#51=PLANE('',#3006);
#52=PLANE('',#3007);
#53=PLANE('',#3009);
#54=PLANE('',#3011);
#55=PLANE('',#3012);
#56=PLANE('',#3014);
#57=PLANE('',#3016);
#58=PLANE('',#3018);
#59=PLANE('',#3019);
#60=PLANE('',#3020);
#61=PLANE('',#3021);
#62=PLANE('',#3022);
#63=PLANE('',#3023);
#64=PLANE('',#3025);
#65=PLANE('',#3026);
#66=PLANE('',#3028);
#67=PLANE('',#3029);
#68=PLANE('',#3030);
#69=PLANE('',#3031);
#70=PLANE('',#3034);
#71=PLANE('',#3036);
#72=PLANE('',#3037);
#73=PLANE('',#3039);
#74=PLANE('',#3041);
#75=PLANE('',#3043);
#76=PLANE('',#3045);
#77=PLANE('',#3046);
#78=PLANE('',#3053);
#79=PLANE('',#3054);
#80=PLANE('',#3055);
#81=PLANE('',#3058);
#82=PLANE('',#3059);
#83=PLANE('',#3060);
#84=PLANE('',#3061);
#85=PLANE('',#3062);
#86=PLANE('',#3063);
#87=PLANE('',#3064);
#88=PLANE('',#3065);
#89=PLANE('',#3066);
#90=PLANE('',#3067);
#91=PLANE('',#3068);
#92=PLANE('',#3069);
#93=PLANE('',#3070);
#94=PLANE('',#3071);
#95=PLANE('',#3072);
#96=PLANE('',#3073);
#97=PLANE('',#3074);
#98=PLANE('',#3075);
#99=PLANE('',#3076);
#100=PLANE('',#3079);
#101=PLANE('',#3080);
#102=PLANE('',#3081);
#103=PLANE('',#3084);
#104=PLANE('',#3085);
#105=PLANE('',#3086);
#106=PLANE('',#3090);
#107=PLANE('',#3091);
#108=PLANE('',#3092);
#109=PLANE('',#3093);
#110=PLANE('',#3094);
#111=PLANE('',#3095);
#112=PLANE('',#3096);
#113=PLANE('',#3097);
#114=PLANE('',#3100);
#115=PLANE('',#3101);
#116=PLANE('',#3102);
#117=PLANE('',#3103);
#118=PLANE('',#3104);
#119=PLANE('',#3105);
#120=PLANE('',#3106);
#121=PLANE('',#3107);
#122=PLANE('',#3108);
#123=PLANE('',#3109);
#124=PLANE('',#3111);
#125=PLANE('',#3112);
#126=PLANE('',#3113);
#127=PLANE('',#3114);
#128=PLANE('',#3115);
#129=PLANE('',#3116);
#130=PLANE('',#3121);
#131=PLANE('',#3122);
#132=PLANE('',#3123);
#133=PLANE('',#3124);
#134=PLANE('',#3127);
#135=PLANE('',#3133);
#136=PLANE('',#3135);
#137=PLANE('',#3136);
#138=PLANE('',#3137);
#139=PLANE('',#3138);
#140=PLANE('',#3139);
#141=PLANE('',#3140);
#142=PLANE('',#3141);
#143=PLANE('',#3142);
#144=PLANE('',#3143);
#145=PLANE('',#3144);
#146=PLANE('',#3145);
#147=PLANE('',#3146);
#148=PLANE('',#3147);
#149=PLANE('',#3148);
#150=PLANE('',#3149);
#151=PLANE('',#3150);
#152=PLANE('',#3151);
#153=PLANE('',#3152);
#154=PLANE('',#3153);
#155=PLANE('',#3154);
#156=PLANE('',#3155);
#157=PLANE('',#3156);
#158=PLANE('',#3157);
#159=PLANE('',#3158);
#160=PLANE('',#3159);
#161=PLANE('',#3160);
#162=PLANE('',#3161);
#163=PLANE('',#3162);
#164=PLANE('',#3163);
#165=PLANE('',#3164);
#166=PLANE('',#3165);
#167=PLANE('',#3166);
#168=PLANE('',#3167);
#169=PLANE('',#3168);
#170=PLANE('',#3169);
#171=PLANE('',#3170);
#172=PLANE('',#3171);
#173=PLANE('',#3172);
#174=PLANE('',#3173);
#175=PLANE('',#3174);
#176=PLANE('',#3175);
#177=PLANE('',#3176);
#178=PLANE('',#3177);
#179=PLANE('',#3178);
#180=PLANE('',#3179);
#181=PLANE('',#3180);
#182=PLANE('',#3181);
#183=FACE_OUTER_BOUND('',#337,.T.);
#184=FACE_OUTER_BOUND('',#338,.T.);
#185=FACE_OUTER_BOUND('',#339,.T.);
#186=FACE_OUTER_BOUND('',#340,.T.);
#187=FACE_OUTER_BOUND('',#341,.T.);
#188=FACE_OUTER_BOUND('',#342,.T.);
#189=FACE_OUTER_BOUND('',#347,.T.);
#190=FACE_OUTER_BOUND('',#348,.T.);
#191=FACE_OUTER_BOUND('',#349,.T.);
#192=FACE_OUTER_BOUND('',#350,.T.);
#193=FACE_OUTER_BOUND('',#351,.T.);
#194=FACE_OUTER_BOUND('',#352,.T.);
#195=FACE_OUTER_BOUND('',#353,.T.);
#196=FACE_OUTER_BOUND('',#354,.T.);
#197=FACE_OUTER_BOUND('',#355,.T.);
#198=FACE_OUTER_BOUND('',#356,.T.);
#199=FACE_OUTER_BOUND('',#357,.T.);
#200=FACE_OUTER_BOUND('',#358,.T.);
#201=FACE_OUTER_BOUND('',#361,.T.);
#202=FACE_OUTER_BOUND('',#362,.T.);
#203=FACE_OUTER_BOUND('',#363,.T.);
#204=FACE_OUTER_BOUND('',#365,.T.);
#205=FACE_OUTER_BOUND('',#366,.T.);
#206=FACE_OUTER_BOUND('',#368,.T.);
#207=FACE_OUTER_BOUND('',#369,.T.);
#208=FACE_OUTER_BOUND('',#370,.T.);
#209=FACE_OUTER_BOUND('',#371,.T.);
#210=FACE_OUTER_BOUND('',#372,.T.);
#211=FACE_OUTER_BOUND('',#373,.T.);
#212=FACE_OUTER_BOUND('',#376,.T.);
#213=FACE_OUTER_BOUND('',#377,.T.);
#214=FACE_OUTER_BOUND('',#378,.T.);
#215=FACE_OUTER_BOUND('',#379,.T.);
#216=FACE_OUTER_BOUND('',#380,.T.);
#217=FACE_OUTER_BOUND('',#381,.T.);
#218=FACE_OUTER_BOUND('',#382,.T.);
#219=FACE_OUTER_BOUND('',#383,.T.);
#220=FACE_OUTER_BOUND('',#384,.T.);
#221=FACE_OUTER_BOUND('',#385,.T.);
#222=FACE_OUTER_BOUND('',#386,.T.);
#223=FACE_OUTER_BOUND('',#387,.T.);
#224=FACE_OUTER_BOUND('',#388,.T.);
#225=FACE_OUTER_BOUND('',#389,.T.);
#226=FACE_OUTER_BOUND('',#390,.T.);
#227=FACE_OUTER_BOUND('',#397,.T.);
#228=FACE_OUTER_BOUND('',#398,.T.);
#229=FACE_OUTER_BOUND('',#399,.T.);
#230=FACE_OUTER_BOUND('',#400,.T.);
#231=FACE_OUTER_BOUND('',#401,.T.);
#232=FACE_OUTER_BOUND('',#402,.T.);
#233=FACE_OUTER_BOUND('',#403,.T.);
#234=FACE_OUTER_BOUND('',#404,.T.);
#235=FACE_OUTER_BOUND('',#405,.T.);
#236=FACE_OUTER_BOUND('',#406,.T.);
#237=FACE_OUTER_BOUND('',#407,.T.);
#238=FACE_OUTER_BOUND('',#408,.T.);
#239=FACE_OUTER_BOUND('',#409,.T.);
#240=FACE_OUTER_BOUND('',#410,.T.);
#241=FACE_OUTER_BOUND('',#411,.T.);
#242=FACE_OUTER_BOUND('',#412,.T.);
#243=FACE_OUTER_BOUND('',#413,.T.);
#244=FACE_OUTER_BOUND('',#414,.T.);
#245=FACE_OUTER_BOUND('',#415,.T.);
#246=FACE_OUTER_BOUND('',#416,.T.);
#247=FACE_OUTER_BOUND('',#417,.T.);
#248=FACE_OUTER_BOUND('',#418,.T.);
#249=FACE_OUTER_BOUND('',#419,.T.);
#250=FACE_OUTER_BOUND('',#420,.T.);
#251=FACE_OUTER_BOUND('',#421,.T.);
#252=FACE_OUTER_BOUND('',#422,.T.);
#253=FACE_OUTER_BOUND('',#423,.T.);
#254=FACE_OUTER_BOUND('',#424,.T.);
#255=FACE_OUTER_BOUND('',#425,.T.);
#256=FACE_OUTER_BOUND('',#426,.T.);
#257=FACE_OUTER_BOUND('',#427,.T.);
#258=FACE_OUTER_BOUND('',#428,.T.);
#259=FACE_OUTER_BOUND('',#429,.T.);
#260=FACE_OUTER_BOUND('',#430,.T.);
#261=FACE_OUTER_BOUND('',#431,.T.);
#262=FACE_OUTER_BOUND('',#432,.T.);
#263=FACE_OUTER_BOUND('',#433,.T.);
#264=FACE_OUTER_BOUND('',#434,.T.);
#265=FACE_OUTER_BOUND('',#435,.T.);
#266=FACE_OUTER_BOUND('',#436,.T.);
#267=FACE_OUTER_BOUND('',#437,.T.);
#268=FACE_OUTER_BOUND('',#438,.T.);
#269=FACE_OUTER_BOUND('',#439,.T.);
#270=FACE_OUTER_BOUND('',#440,.T.);
#271=FACE_OUTER_BOUND('',#441,.T.);
#272=FACE_OUTER_BOUND('',#442,.T.);
#273=FACE_OUTER_BOUND('',#443,.T.);
#274=FACE_OUTER_BOUND('',#444,.T.);
#275=FACE_OUTER_BOUND('',#445,.T.);
#276=FACE_OUTER_BOUND('',#446,.T.);
#277=FACE_OUTER_BOUND('',#447,.T.);
#278=FACE_OUTER_BOUND('',#448,.T.);
#279=FACE_OUTER_BOUND('',#449,.T.);
#280=FACE_OUTER_BOUND('',#450,.T.);
#281=FACE_OUTER_BOUND('',#451,.T.);
#282=FACE_OUTER_BOUND('',#452,.T.);
#283=FACE_OUTER_BOUND('',#453,.T.);
#284=FACE_OUTER_BOUND('',#454,.T.);
#285=FACE_OUTER_BOUND('',#455,.T.);
#286=FACE_OUTER_BOUND('',#457,.T.);
#287=FACE_OUTER_BOUND('',#458,.T.);
#288=FACE_OUTER_BOUND('',#459,.T.);
#289=FACE_OUTER_BOUND('',#460,.T.);
#290=FACE_OUTER_BOUND('',#461,.T.);
#291=FACE_OUTER_BOUND('',#462,.T.);
#292=FACE_OUTER_BOUND('',#463,.T.);
#293=FACE_OUTER_BOUND('',#464,.T.);
#294=FACE_OUTER_BOUND('',#465,.T.);
#295=FACE_OUTER_BOUND('',#466,.T.);
#296=FACE_OUTER_BOUND('',#467,.T.);
#297=FACE_OUTER_BOUND('',#468,.T.);
#298=FACE_OUTER_BOUND('',#469,.T.);
#299=FACE_OUTER_BOUND('',#470,.T.);
#300=FACE_OUTER_BOUND('',#471,.T.);
#301=FACE_OUTER_BOUND('',#472,.T.);
#302=FACE_OUTER_BOUND('',#473,.T.);
#303=FACE_OUTER_BOUND('',#474,.T.);
#304=FACE_OUTER_BOUND('',#475,.T.);
#305=FACE_OUTER_BOUND('',#476,.T.);
#306=FACE_OUTER_BOUND('',#477,.T.);
#307=FACE_OUTER_BOUND('',#478,.T.);
#308=FACE_OUTER_BOUND('',#479,.T.);
#309=FACE_OUTER_BOUND('',#480,.T.);
#310=FACE_OUTER_BOUND('',#481,.T.);
#311=FACE_OUTER_BOUND('',#482,.T.);
#312=FACE_OUTER_BOUND('',#483,.T.);
#313=FACE_OUTER_BOUND('',#484,.T.);
#314=FACE_OUTER_BOUND('',#485,.T.);
#315=FACE_OUTER_BOUND('',#486,.T.);
#316=FACE_OUTER_BOUND('',#487,.T.);
#317=FACE_OUTER_BOUND('',#488,.T.);
#318=FACE_OUTER_BOUND('',#489,.T.);
#319=FACE_OUTER_BOUND('',#490,.T.);
#320=FACE_OUTER_BOUND('',#491,.T.);
#321=FACE_OUTER_BOUND('',#492,.T.);
#322=FACE_OUTER_BOUND('',#493,.T.);
#323=FACE_OUTER_BOUND('',#494,.T.);
#324=FACE_OUTER_BOUND('',#495,.T.);
#325=FACE_OUTER_BOUND('',#496,.T.);
#326=FACE_OUTER_BOUND('',#497,.T.);
#327=FACE_OUTER_BOUND('',#498,.T.);
#328=FACE_OUTER_BOUND('',#499,.T.);
#329=FACE_OUTER_BOUND('',#500,.T.);
#330=FACE_OUTER_BOUND('',#501,.T.);
#331=FACE_OUTER_BOUND('',#502,.T.);
#332=FACE_OUTER_BOUND('',#503,.T.);
#333=FACE_OUTER_BOUND('',#504,.T.);
#334=FACE_OUTER_BOUND('',#505,.T.);
#335=FACE_OUTER_BOUND('',#506,.T.);
#336=FACE_OUTER_BOUND('',#507,.T.);
#337=EDGE_LOOP('',(#1979,#1980,#1981,#1982,#1983,#1984,#1985,#1986,#1987,
#1988,#1989,#1990,#1991,#1992,#1993));
#338=EDGE_LOOP('',(#1994,#1995,#1996,#1997,#1998,#1999));
#339=EDGE_LOOP('',(#2000,#2001,#2002,#2003,#2004));
#340=EDGE_LOOP('',(#2005,#2006,#2007,#2008));
#341=EDGE_LOOP('',(#2009,#2010,#2011,#2012));
#342=EDGE_LOOP('',(#2013,#2014,#2015,#2016,#2017,#2018,#2019,#2020,#2021,
#2022,#2023,#2024,#2025,#2026,#2027,#2028,#2029,#2030,#2031,#2032,#2033,
#2034,#2035,#2036));
#343=EDGE_LOOP('',(#2037));
#344=EDGE_LOOP('',(#2038,#2039,#2040,#2041,#2042,#2043,#2044,#2045));
#345=EDGE_LOOP('',(#2046));
#346=EDGE_LOOP('',(#2047));
#347=EDGE_LOOP('',(#2048,#2049,#2050,#2051));
#348=EDGE_LOOP('',(#2052,#2053,#2054,#2055,#2056));
#349=EDGE_LOOP('',(#2057,#2058,#2059,#2060));
#350=EDGE_LOOP('',(#2061,#2062,#2063,#2064));
#351=EDGE_LOOP('',(#2065,#2066,#2067,#2068,#2069));
#352=EDGE_LOOP('',(#2070,#2071));
#353=EDGE_LOOP('',(#2072,#2073,#2074,#2075));
#354=EDGE_LOOP('',(#2076,#2077,#2078,#2079));
#355=EDGE_LOOP('',(#2080,#2081,#2082,#2083));
#356=EDGE_LOOP('',(#2084,#2085));
#357=EDGE_LOOP('',(#2086,#2087,#2088,#2089));
#358=EDGE_LOOP('',(#2090,#2091,#2092,#2093,#2094,#2095));
#359=EDGE_LOOP('',(#2096,#2097,#2098,#2099));
#360=EDGE_LOOP('',(#2100,#2101,#2102,#2103));
#361=EDGE_LOOP('',(#2104,#2105,#2106,#2107,#2108,#2109,#2110,#2111));
#362=EDGE_LOOP('',(#2112,#2113,#2114,#2115));
#363=EDGE_LOOP('',(#2116,#2117,#2118,#2119,#2120,#2121));
#364=EDGE_LOOP('',(#2122,#2123,#2124,#2125,#2126,#2127));
#365=EDGE_LOOP('',(#2128,#2129,#2130,#2131));
#366=EDGE_LOOP('',(#2132,#2133,#2134,#2135));
#367=EDGE_LOOP('',(#2136));
#368=EDGE_LOOP('',(#2137,#2138,#2139,#2140));
#369=EDGE_LOOP('',(#2141,#2142,#2143,#2144,#2145,#2146,#2147,#2148,#2149,
#2150,#2151,#2152,#2153,#2154,#2155,#2156,#2157));
#370=EDGE_LOOP('',(#2158,#2159,#2160,#2161,#2162));
#371=EDGE_LOOP('',(#2163,#2164,#2165,#2166,#2167,#2168,#2169));
#372=EDGE_LOOP('',(#2170,#2171,#2172,#2173));
#373=EDGE_LOOP('',(#2174,#2175,#2176,#2177,#2178));
#374=EDGE_LOOP('',(#2179,#2180,#2181,#2182));
#375=EDGE_LOOP('',(#2183,#2184,#2185,#2186));
#376=EDGE_LOOP('',(#2187,#2188,#2189,#2190));
#377=EDGE_LOOP('',(#2191,#2192,#2193,#2194));
#378=EDGE_LOOP('',(#2195,#2196,#2197,#2198));
#379=EDGE_LOOP('',(#2199,#2200));
#380=EDGE_LOOP('',(#2201,#2202,#2203,#2204));
#381=EDGE_LOOP('',(#2205,#2206,#2207,#2208));
#382=EDGE_LOOP('',(#2209,#2210));
#383=EDGE_LOOP('',(#2211,#2212,#2213,#2214));
#384=EDGE_LOOP('',(#2215,#2216,#2217,#2218));
#385=EDGE_LOOP('',(#2219,#2220,#2221,#2222));
#386=EDGE_LOOP('',(#2223,#2224,#2225,#2226));
#387=EDGE_LOOP('',(#2227,#2228,#2229,#2230,#2231,#2232,#2233,#2234));
#388=EDGE_LOOP('',(#2235,#2236,#2237,#2238,#2239,#2240,#2241,#2242));
#389=EDGE_LOOP('',(#2243,#2244,#2245,#2246));
#390=EDGE_LOOP('',(#2247,#2248,#2249,#2250));
#391=EDGE_LOOP('',(#2251));
#392=EDGE_LOOP('',(#2252));
#393=EDGE_LOOP('',(#2253,#2254,#2255,#2256));
#394=EDGE_LOOP('',(#2257));
#395=EDGE_LOOP('',(#2258));
#396=EDGE_LOOP('',(#2259));
#397=EDGE_LOOP('',(#2260,#2261,#2262,#2263));
#398=EDGE_LOOP('',(#2264,#2265,#2266,#2267));
#399=EDGE_LOOP('',(#2268,#2269,#2270,#2271));
#400=EDGE_LOOP('',(#2272,#2273,#2274,#2275));
#401=EDGE_LOOP('',(#2276,#2277,#2278,#2279));
#402=EDGE_LOOP('',(#2280,#2281,#2282,#2283));
#403=EDGE_LOOP('',(#2284,#2285,#2286,#2287));
#404=EDGE_LOOP('',(#2288,#2289,#2290,#2291));
#405=EDGE_LOOP('',(#2292,#2293,#2294,#2295));
#406=EDGE_LOOP('',(#2296,#2297,#2298,#2299));
#407=EDGE_LOOP('',(#2300,#2301,#2302,#2303));
#408=EDGE_LOOP('',(#2304,#2305,#2306,#2307,#2308));
#409=EDGE_LOOP('',(#2309,#2310,#2311,#2312));
#410=EDGE_LOOP('',(#2313,#2314,#2315,#2316));
#411=EDGE_LOOP('',(#2317,#2318,#2319,#2320));
#412=EDGE_LOOP('',(#2321,#2322,#2323,#2324));
#413=EDGE_LOOP('',(#2325,#2326,#2327,#2328));
#414=EDGE_LOOP('',(#2329,#2330,#2331,#2332));
#415=EDGE_LOOP('',(#2333,#2334,#2335,#2336));
#416=EDGE_LOOP('',(#2337,#2338,#2339,#2340));
#417=EDGE_LOOP('',(#2341,#2342,#2343,#2344,#2345));
#418=EDGE_LOOP('',(#2346,#2347,#2348,#2349,#2350,#2351));
#419=EDGE_LOOP('',(#2352,#2353,#2354,#2355));
#420=EDGE_LOOP('',(#2356,#2357,#2358,#2359));
#421=EDGE_LOOP('',(#2360,#2361,#2362,#2363,#2364,#2365));
#422=EDGE_LOOP('',(#2366,#2367,#2368,#2369));
#423=EDGE_LOOP('',(#2370,#2371,#2372,#2373,#2374,#2375));
#424=EDGE_LOOP('',(#2376,#2377,#2378,#2379));
#425=EDGE_LOOP('',(#2380,#2381,#2382,#2383));
#426=EDGE_LOOP('',(#2384,#2385,#2386,#2387,#2388,#2389,#2390,#2391,#2392,
#2393,#2394,#2395,#2396,#2397,#2398,#2399,#2400,#2401,#2402,#2403,#2404,
#2405,#2406,#2407,#2408,#2409,#2410,#2411,#2412,#2413,#2414,#2415,#2416,
#2417,#2418,#2419,#2420,#2421,#2422,#2423));
#427=EDGE_LOOP('',(#2424,#2425,#2426,#2427));
#428=EDGE_LOOP('',(#2428,#2429,#2430,#2431,#2432,#2433,#2434,#2435,#2436,
#2437,#2438,#2439,#2440,#2441,#2442,#2443,#2444,#2445,#2446,#2447,#2448,
#2449,#2450,#2451,#2452,#2453,#2454,#2455,#2456,#2457,#2458,#2459,#2460,
#2461,#2462,#2463,#2464,#2465));
#429=EDGE_LOOP('',(#2466,#2467,#2468,#2469));
#430=EDGE_LOOP('',(#2470,#2471,#2472,#2473,#2474,#2475));
#431=EDGE_LOOP('',(#2476,#2477,#2478,#2479));
#432=EDGE_LOOP('',(#2480,#2481,#2482,#2483,#2484,#2485,#2486,#2487,#2488,
#2489,#2490,#2491,#2492));
#433=EDGE_LOOP('',(#2493,#2494,#2495,#2496));
#434=EDGE_LOOP('',(#2497,#2498,#2499,#2500));
#435=EDGE_LOOP('',(#2501,#2502,#2503,#2504));
#436=EDGE_LOOP('',(#2505,#2506,#2507,#2508));
#437=EDGE_LOOP('',(#2509,#2510,#2511,#2512));
#438=EDGE_LOOP('',(#2513,#2514,#2515,#2516));
#439=EDGE_LOOP('',(#2517,#2518,#2519,#2520));
#440=EDGE_LOOP('',(#2521,#2522,#2523,#2524));
#441=EDGE_LOOP('',(#2525,#2526,#2527,#2528));
#442=EDGE_LOOP('',(#2529,#2530,#2531,#2532));
#443=EDGE_LOOP('',(#2533,#2534,#2535,#2536,#2537,#2538,#2539,#2540));
#444=EDGE_LOOP('',(#2541,#2542,#2543,#2544));
#445=EDGE_LOOP('',(#2545,#2546,#2547,#2548,#2549,#2550,#2551,#2552));
#446=EDGE_LOOP('',(#2553,#2554,#2555,#2556));
#447=EDGE_LOOP('',(#2557,#2558,#2559,#2560));
#448=EDGE_LOOP('',(#2561,#2562,#2563,#2564));
#449=EDGE_LOOP('',(#2565,#2566,#2567,#2568));
#450=EDGE_LOOP('',(#2569,#2570,#2571,#2572));
#451=EDGE_LOOP('',(#2573,#2574,#2575,#2576));
#452=EDGE_LOOP('',(#2577,#2578,#2579,#2580));
#453=EDGE_LOOP('',(#2581,#2582,#2583,#2584));
#454=EDGE_LOOP('',(#2585,#2586,#2587,#2588));
#455=EDGE_LOOP('',(#2589,#2590,#2591,#2592,#2593,#2594));
#456=EDGE_LOOP('',(#2595));
#457=EDGE_LOOP('',(#2596,#2597,#2598,#2599));
#458=EDGE_LOOP('',(#2600,#2601,#2602,#2603,#2604));
#459=EDGE_LOOP('',(#2605,#2606,#2607,#2608,#2609,#2610,#2611));
#460=EDGE_LOOP('',(#2612,#2613,#2614,#2615,#2616,#2617,#2618,#2619,#2620,
#2621,#2622,#2623));
#461=EDGE_LOOP('',(#2624,#2625,#2626,#2627));
#462=EDGE_LOOP('',(#2628,#2629,#2630,#2631));
#463=EDGE_LOOP('',(#2632,#2633,#2634,#2635,#2636,#2637,#2638));
#464=EDGE_LOOP('',(#2639,#2640,#2641,#2642,#2643,#2644));
#465=EDGE_LOOP('',(#2645,#2646,#2647,#2648));
#466=EDGE_LOOP('',(#2649,#2650,#2651,#2652));
#467=EDGE_LOOP('',(#2653,#2654,#2655,#2656));
#468=EDGE_LOOP('',(#2657,#2658,#2659,#2660));
#469=EDGE_LOOP('',(#2661,#2662,#2663,#2664));
#470=EDGE_LOOP('',(#2665,#2666,#2667,#2668));
#471=EDGE_LOOP('',(#2669,#2670,#2671,#2672));
#472=EDGE_LOOP('',(#2673,#2674,#2675,#2676));
#473=EDGE_LOOP('',(#2677,#2678,#2679,#2680));
#474=EDGE_LOOP('',(#2681,#2682,#2683,#2684));
#475=EDGE_LOOP('',(#2685,#2686,#2687,#2688));
#476=EDGE_LOOP('',(#2689,#2690,#2691,#2692));
#477=EDGE_LOOP('',(#2693,#2694,#2695,#2696));
#478=EDGE_LOOP('',(#2697,#2698,#2699,#2700));
#479=EDGE_LOOP('',(#2701,#2702,#2703,#2704));
#480=EDGE_LOOP('',(#2705,#2706,#2707,#2708));
#481=EDGE_LOOP('',(#2709,#2710,#2711,#2712));
#482=EDGE_LOOP('',(#2713,#2714,#2715,#2716));
#483=EDGE_LOOP('',(#2717,#2718,#2719,#2720));
#484=EDGE_LOOP('',(#2721,#2722,#2723,#2724));
#485=EDGE_LOOP('',(#2725,#2726,#2727,#2728));
#486=EDGE_LOOP('',(#2729,#2730,#2731,#2732));
#487=EDGE_LOOP('',(#2733,#2734,#2735,#2736));
#488=EDGE_LOOP('',(#2737,#2738,#2739,#2740));
#489=EDGE_LOOP('',(#2741,#2742,#2743,#2744));
#490=EDGE_LOOP('',(#2745,#2746,#2747,#2748));
#491=EDGE_LOOP('',(#2749,#2750,#2751,#2752));
#492=EDGE_LOOP('',(#2753,#2754,#2755,#2756));
#493=EDGE_LOOP('',(#2757,#2758,#2759,#2760));
#494=EDGE_LOOP('',(#2761,#2762,#2763,#2764));
#495=EDGE_LOOP('',(#2765,#2766,#2767,#2768));
#496=EDGE_LOOP('',(#2769,#2770,#2771,#2772));
#497=EDGE_LOOP('',(#2773,#2774,#2775,#2776));
#498=EDGE_LOOP('',(#2777,#2778,#2779,#2780));
#499=EDGE_LOOP('',(#2781,#2782,#2783,#2784));
#500=EDGE_LOOP('',(#2785,#2786,#2787,#2788));
#501=EDGE_LOOP('',(#2789,#2790,#2791,#2792));
#502=EDGE_LOOP('',(#2793,#2794,#2795,#2796,#2797,#2798));
#503=EDGE_LOOP('',(#2799,#2800,#2801,#2802));
#504=EDGE_LOOP('',(#2803,#2804,#2805,#2806));
#505=EDGE_LOOP('',(#2807,#2808,#2809,#2810));
#506=EDGE_LOOP('',(#2811));
#507=EDGE_LOOP('',(#2812));
#508=B_SPLINE_CURVE_WITH_KNOTS('',6,(#3965,#3966,#3967,#3968,#3969,#3970,
#3971),.UNSPECIFIED.,.F.,.F.,(7,7),(0.,1.),.UNSPECIFIED.);
#509=B_SPLINE_CURVE_WITH_KNOTS('',6,(#3978,#3979,#3980,#3981,#3982,#3983,
#3984),.UNSPECIFIED.,.F.,.F.,(7,7),(0.,1.),.UNSPECIFIED.);
#510=B_SPLINE_CURVE_WITH_KNOTS('',6,(#4416,#4417,#4418,#4419,#4420,#4421,
#4422),.UNSPECIFIED.,.F.,.F.,(7,7),(0.,1.),.UNSPECIFIED.);
#511=B_SPLINE_CURVE_WITH_KNOTS('',6,(#4426,#4427,#4428,#4429,#4430,#4431,
#4432),.UNSPECIFIED.,.F.,.F.,(7,7),(0.,1.),.UNSPECIFIED.);
#512=CIRCLE('',#2985,1.35);
#513=CIRCLE('',#2986,1.35);
#514=CIRCLE('',#2987,1.35);
#515=CIRCLE('',#2988,1.35);
#516=CIRCLE('',#2989,1.35);
#517=CIRCLE('',#2990,1.15);
#518=CIRCLE('',#2991,1.15);
#519=CIRCLE('',#2992,1.347647058824);
#520=CIRCLE('',#2998,2.);
#521=CIRCLE('',#2999,1.35);
#522=CIRCLE('',#3000,2.);
#523=CIRCLE('',#3002,7.75);
#524=CIRCLE('',#3008,7.75);
#525=CIRCLE('',#3010,7.75);
#526=CIRCLE('',#3013,7.75);
#527=CIRCLE('',#3015,7.75);
#528=CIRCLE('',#3017,7.75);
#529=CIRCLE('',#3024,1.65);
#530=CIRCLE('',#3027,1.15);
#531=CIRCLE('',#3033,2.);
#532=CIRCLE('',#3035,7.75);
#533=CIRCLE('',#3038,7.75);
#534=CIRCLE('',#3040,7.75);
#535=CIRCLE('',#3042,7.75);
#536=CIRCLE('',#3044,7.75);
#537=CIRCLE('',#3047,7.75);
#538=CIRCLE('',#3049,1.35);
#539=CIRCLE('',#3051,2.);
#540=CIRCLE('',#3056,5.8);
#541=CIRCLE('',#3057,5.8);
#542=CIRCLE('',#3078,1.65);
#543=CIRCLE('',#3083,1.35);
#544=CIRCLE('',#3088,1.347647058824);
#545=CIRCLE('',#3089,1.35);
#546=CIRCLE('',#3098,2.8);
#547=CIRCLE('',#3099,2.8);
#548=CIRCLE('',#3118,5.8);
#549=CIRCLE('',#3120,5.8);
#550=CIRCLE('',#3126,2.8);
#551=CIRCLE('',#3128,2.8);
#552=CIRCLE('',#3130,2.8);
#553=CIRCLE('',#3131,2.8);
#554=CIRCLE('',#3132,2.8);
#555=CIRCLE('',#3134,1.35);
#556=LINE('',#3953,#925);
#557=LINE('',#3975,#926);
#558=LINE('',#3986,#927);
#559=LINE('',#3991,#928);
#560=LINE('',#3993,#929);
#561=LINE('',#3995,#930);
#562=LINE('',#3997,#931);
#563=LINE('',#3999,#932);
#564=LINE('',#4000,#933);
#565=LINE('',#4004,#934);
#566=LINE('',#4006,#935);
#567=LINE('',#4007,#936);
#568=LINE('',#4008,#937);
#569=LINE('',#4011,#938);
#570=LINE('',#4012,#939);
#571=LINE('',#4015,#940);
#572=LINE('',#4016,#941);
#573=LINE('',#4019,#942);
#574=LINE('',#4021,#943);
#575=LINE('',#4023,#944);
#576=LINE('',#4025,#945);
#577=LINE('',#4027,#946);
#578=LINE('',#4029,#947);
#579=LINE('',#4031,#948);
#580=LINE('',#4033,#949);
#581=LINE('',#4035,#950);
#582=LINE('',#4037,#951);
#583=LINE('',#4039,#952);
#584=LINE('',#4041,#953);
#585=LINE('',#4043,#954);
#586=LINE('',#4044,#955);
#587=LINE('',#4046,#956);
#588=LINE('',#4048,#957);
#589=LINE('',#4050,#958);
#590=LINE('',#4052,#959);
#591=LINE('',#4054,#960);
#592=LINE('',#4056,#961);
#593=LINE('',#4058,#962);
#594=LINE('',#4059,#963);
#595=LINE('',#4064,#964);
#596=LINE('',#4066,#965);
#597=LINE('',#4068,#966);
#598=LINE('',#4070,#967);
#599=LINE('',#4072,#968);
#600=LINE('',#4074,#969);
#601=LINE('',#4076,#970);
#602=LINE('',#4077,#971);
#603=LINE('',#4085,#972);
#604=LINE('',#4088,#973);
#605=LINE('',#4090,#974);
#606=LINE('',#4091,#975);
#607=LINE('',#4093,#976);
#608=LINE('',#4095,#977);
#609=LINE('',#4099,#978);
#610=LINE('',#4100,#979);
#611=LINE('',#4101,#980);
#612=LINE('',#4108,#981);
#613=LINE('',#4109,#982);
#614=LINE('',#4112,#983);
#615=LINE('',#4113,#984);
#616=LINE('',#4117,#985);
#617=LINE('',#4124,#986);
#618=LINE('',#4126,#987);
#619=LINE('',#4127,#988);
#620=LINE('',#4130,#989);
#621=LINE('',#4132,#990);
#622=LINE('',#4134,#991);
#623=LINE('',#4135,#992);
#624=LINE('',#4138,#993);
#625=LINE('',#4140,#994);
#626=LINE('',#4142,#995);
#627=LINE('',#4143,#996);
#628=LINE('',#4146,#997);
#629=LINE('',#4148,#998);
#630=LINE('',#4149,#999);
#631=LINE('',#4151,#1000);
#632=LINE('',#4152,#1001);
#633=LINE('',#4155,#1002);
#634=LINE('',#4156,#1003);
#635=LINE('',#4159,#1004);
#636=LINE('',#4161,#1005);
#637=LINE('',#4163,#1006);
#638=LINE('',#4165,#1007);
#639=LINE('',#4166,#1008);
#640=LINE('',#4169,#1009);
#641=LINE('',#4171,#1010);
#642=LINE('',#4173,#1011);
#643=LINE('',#4175,#1012);
#644=LINE('',#4177,#1013);
#645=LINE('',#4178,#1014);
#646=LINE('',#4181,#1015);
#647=LINE('',#4182,#1016);
#648=LINE('',#4185,#1017);
#649=LINE('',#4186,#1018);
#650=LINE('',#4191,#1019);
#651=LINE('',#4193,#1020);
#652=LINE('',#4194,#1021);
#653=LINE('',#4197,#1022);
#654=LINE('',#4199,#1023);
#655=LINE('',#4201,#1024);
#656=LINE('',#4203,#1025);
#657=LINE('',#4205,#1026);
#658=LINE('',#4207,#1027);
#659=LINE('',#4208,#1028);
#660=LINE('',#4210,#1029);
#661=LINE('',#4212,#1030);
#662=LINE('',#4214,#1031);
#663=LINE('',#4218,#1032);
#664=LINE('',#4220,#1033);
#665=LINE('',#4221,#1034);
#666=LINE('',#4224,#1035);
#667=LINE('',#4226,#1036);
#668=LINE('',#4227,#1037);
#669=LINE('',#4229,#1038);
#670=LINE('',#4230,#1039);
#671=LINE('',#4232,#1040);
#672=LINE('',#4233,#1041);
#673=LINE('',#4235,#1042);
#674=LINE('',#4238,#1043);
#675=LINE('',#4239,#1044);
#676=LINE('',#4242,#1045);
#677=LINE('',#4244,#1046);
#678=LINE('',#4246,#1047);
#679=LINE('',#4247,#1048);
#680=LINE('',#4250,#1049);
#681=LINE('',#4252,#1050);
#682=LINE('',#4254,#1051);
#683=LINE('',#4255,#1052);
#684=LINE('',#4259,#1053);
#685=LINE('',#4262,#1054);
#686=LINE('',#4264,#1055);
#687=LINE('',#4268,#1056);
#688=LINE('',#4269,#1057);
#689=LINE('',#4275,#1058);
#690=LINE('',#4280,#1059);
#691=LINE('',#4281,#1060);
#692=LINE('',#4286,#1061);
#693=LINE('',#4287,#1062);
#694=LINE('',#4291,#1063);
#695=LINE('',#4295,#1064);
#696=LINE('',#4299,#1065);
#697=LINE('',#4301,#1066);
#698=LINE('',#4305,#1067);
#699=LINE('',#4306,#1068);
#700=LINE('',#4308,#1069);
#701=LINE('',#4310,#1070);
#702=LINE('',#4312,#1071);
#703=LINE('',#4314,#1072);
#704=LINE('',#4315,#1073);
#705=LINE('',#4318,#1074);
#706=LINE('',#4325,#1075);
#707=LINE('',#4327,#1076);
#708=LINE('',#4329,#1077);
#709=LINE('',#4330,#1078);
#710=LINE('',#4333,#1079);
#711=LINE('',#4334,#1080);
#712=LINE('',#4337,#1081);
#713=LINE('',#4339,#1082);
#714=LINE('',#4340,#1083);
#715=LINE('',#4343,#1084);
#716=LINE('',#4344,#1085);
#717=LINE('',#4347,#1086);
#718=LINE('',#4348,#1087);
#719=LINE('',#4350,#1088);
#720=LINE('',#4353,#1089);
#721=LINE('',#4355,#1090);
#722=LINE('',#4356,#1091);
#723=LINE('',#4359,#1092);
#724=LINE('',#4360,#1093);
#725=LINE('',#4363,#1094);
#726=LINE('',#4364,#1095);
#727=LINE('',#4366,#1096);
#728=LINE('',#4369,#1097);
#729=LINE('',#4371,#1098);
#730=LINE('',#4376,#1099);
#731=LINE('',#4377,#1100);
#732=LINE('',#4378,#1101);
#733=LINE('',#4381,#1102);
#734=LINE('',#4382,#1103);
#735=LINE('',#4385,#1104);
#736=LINE('',#4386,#1105);
#737=LINE('',#4389,#1106);
#738=LINE('',#4390,#1107);
#739=LINE('',#4393,#1108);
#740=LINE('',#4394,#1109);
#741=LINE('',#4396,#1110);
#742=LINE('',#4399,#1111);
#743=LINE('',#4404,#1112);
#744=LINE('',#4405,#1113);
#745=LINE('',#4406,#1114);
#746=LINE('',#4410,#1115);
#747=LINE('',#4411,#1116);
#748=LINE('',#4413,#1117);
#749=LINE('',#4414,#1118);
#750=LINE('',#4423,#1119);
#751=LINE('',#4436,#1120);
#752=LINE('',#4438,#1121);
#753=LINE('',#4439,#1122);
#754=LINE('',#4440,#1123);
#755=LINE('',#4443,#1124);
#756=LINE('',#4444,#1125);
#757=LINE('',#4447,#1126);
#758=LINE('',#4449,#1127);
#759=LINE('',#4450,#1128);
#760=LINE('',#4455,#1129);
#761=LINE('',#4459,#1130);
#762=LINE('',#4460,#1131);
#763=LINE('',#4463,#1132);
#764=LINE('',#4465,#1133);
#765=LINE('',#4467,#1134);
#766=LINE('',#4469,#1135);
#767=LINE('',#4471,#1136);
#768=LINE('',#4473,#1137);
#769=LINE('',#4475,#1138);
#770=LINE('',#4477,#1139);
#771=LINE('',#4479,#1140);
#772=LINE('',#4481,#1141);
#773=LINE('',#4483,#1142);
#774=LINE('',#4485,#1143);
#775=LINE('',#4487,#1144);
#776=LINE('',#4489,#1145);
#777=LINE('',#4491,#1146);
#778=LINE('',#4493,#1147);
#779=LINE('',#4495,#1148);
#780=LINE('',#4497,#1149);
#781=LINE('',#4499,#1150);
#782=LINE('',#4501,#1151);
#783=LINE('',#4503,#1152);
#784=LINE('',#4505,#1153);
#785=LINE('',#4507,#1154);
#786=LINE('',#4509,#1155);
#787=LINE('',#4511,#1156);
#788=LINE('',#4513,#1157);
#789=LINE('',#4515,#1158);
#790=LINE('',#4517,#1159);
#791=LINE('',#4519,#1160);
#792=LINE('',#4521,#1161);
#793=LINE('',#4523,#1162);
#794=LINE('',#4525,#1163);
#795=LINE('',#4527,#1164);
#796=LINE('',#4529,#1165);
#797=LINE('',#4531,#1166);
#798=LINE('',#4533,#1167);
#799=LINE('',#4535,#1168);
#800=LINE('',#4536,#1169);
#801=LINE('',#4539,#1170);
#802=LINE('',#4540,#1171);
#803=LINE('',#4543,#1172);
#804=LINE('',#4545,#1173);
#805=LINE('',#4547,#1174);
#806=LINE('',#4549,#1175);
#807=LINE('',#4551,#1176);
#808=LINE('',#4553,#1177);
#809=LINE('',#4555,#1178);
#810=LINE('',#4557,#1179);
#811=LINE('',#4559,#1180);
#812=LINE('',#4561,#1181);
#813=LINE('',#4563,#1182);
#814=LINE('',#4565,#1183);
#815=LINE('',#4567,#1184);
#816=LINE('',#4569,#1185);
#817=LINE('',#4571,#1186);
#818=LINE('',#4573,#1187);
#819=LINE('',#4575,#1188);
#820=LINE('',#4577,#1189);
#821=LINE('',#4579,#1190);
#822=LINE('',#4581,#1191);
#823=LINE('',#4583,#1192);
#824=LINE('',#4585,#1193);
#825=LINE('',#4587,#1194);
#826=LINE('',#4589,#1195);
#827=LINE('',#4591,#1196);
#828=LINE('',#4593,#1197);
#829=LINE('',#4595,#1198);
#830=LINE('',#4597,#1199);
#831=LINE('',#4599,#1200);
#832=LINE('',#4601,#1201);
#833=LINE('',#4603,#1202);
#834=LINE('',#4605,#1203);
#835=LINE('',#4607,#1204);
#836=LINE('',#4609,#1205);
#837=LINE('',#4611,#1206);
#838=LINE('',#4612,#1207);
#839=LINE('',#4615,#1208);
#840=LINE('',#4616,#1209);
#841=LINE('',#4619,#1210);
#842=LINE('',#4621,#1211);
#843=LINE('',#4622,#1212);
#844=LINE('',#4624,#1213);
#845=LINE('',#4630,#1214);
#846=LINE('',#4632,#1215);
#847=LINE('',#4633,#1216);
#848=LINE('',#4636,#1217);
#849=LINE('',#4637,#1218);
#850=LINE('',#4640,#1219);
#851=LINE('',#4642,#1220);
#852=LINE('',#4643,#1221);
#853=LINE('',#4646,#1222);
#854=LINE('',#4647,#1223);
#855=LINE('',#4650,#1224);
#856=LINE('',#4651,#1225);
#857=LINE('',#4653,#1226);
#858=LINE('',#4656,#1227);
#859=LINE('',#4658,#1228);
#860=LINE('',#4659,#1229);
#861=LINE('',#4662,#1230);
#862=LINE('',#4663,#1231);
#863=LINE('',#4666,#1232);
#864=LINE('',#4667,#1233);
#865=LINE('',#4669,#1234);
#866=LINE('',#4671,#1235);
#867=LINE('',#4673,#1236);
#868=LINE('',#4676,#1237);
#869=LINE('',#4678,#1238);
#870=LINE('',#4680,#1239);
#871=LINE('',#4681,#1240);
#872=LINE('',#4684,#1241);
#873=LINE('',#4685,#1242);
#874=LINE('',#4688,#1243);
#875=LINE('',#4689,#1244);
#876=LINE('',#4691,#1245);
#877=LINE('',#4695,#1246);
#878=LINE('',#4699,#1247);
#879=LINE('',#4715,#1248);
#880=LINE('',#4718,#1249);
#881=LINE('',#4720,#1250);
#882=LINE('',#4722,#1251);
#883=LINE('',#4725,#1252);
#884=LINE('',#4726,#1253);
#885=LINE('',#4727,#1254);
#886=LINE('',#4729,#1255);
#887=LINE('',#4731,#1256);
#888=LINE('',#4733,#1257);
#889=LINE('',#4735,#1258);
#890=LINE('',#4737,#1259);
#891=LINE('',#4739,#1260);
#892=LINE('',#4741,#1261);
#893=LINE('',#4743,#1262);
#894=LINE('',#4745,#1263);
#895=LINE('',#4747,#1264);
#896=LINE('',#4749,#1265);
#897=LINE('',#4751,#1266);
#898=LINE('',#4753,#1267);
#899=LINE('',#4755,#1268);
#900=LINE('',#4757,#1269);
#901=LINE('',#4759,#1270);
#902=LINE('',#4761,#1271);
#903=LINE('',#4763,#1272);
#904=LINE('',#4765,#1273);
#905=LINE('',#4767,#1274);
#906=LINE('',#4769,#1275);
#907=LINE('',#4771,#1276);
#908=LINE('',#4773,#1277);
#909=LINE('',#4775,#1278);
#910=LINE('',#4777,#1279);
#911=LINE('',#4779,#1280);
#912=LINE('',#4781,#1281);
#913=LINE('',#4783,#1282);
#914=LINE('',#4785,#1283);
#915=LINE('',#4787,#1284);
#916=LINE('',#4789,#1285);
#917=LINE('',#4791,#1286);
#918=LINE('',#4793,#1287);
#919=LINE('',#4795,#1288);
#920=LINE('',#4799,#1289);
#921=LINE('',#4801,#1290);
#922=LINE('',#4802,#1291);
#923=LINE('',#4804,#1292);
#924=LINE('',#4806,#1293);
#925=VECTOR('',#3186,1.15);
#926=VECTOR('',#3199,1.15);
#927=VECTOR('',#3202,10.);
#928=VECTOR('',#3207,1.);
#929=VECTOR('',#3208,1.);
#930=VECTOR('',#3209,1.);
#931=VECTOR('',#3210,1.);
#932=VECTOR('',#3211,1.);
#933=VECTOR('',#3212,1.);
#934=VECTOR('',#3215,1.);
#935=VECTOR('',#3216,1.);
#936=VECTOR('',#3217,1.);
#937=VECTOR('',#3218,1.);
#938=VECTOR('',#3221,1.);
#939=VECTOR('',#3222,1.);
#940=VECTOR('',#3225,1.);
#941=VECTOR('',#3226,1.);
#942=VECTOR('',#3229,1.);
#943=VECTOR('',#3230,1.);
#944=VECTOR('',#3231,1.);
#945=VECTOR('',#3232,1.);
#946=VECTOR('',#3233,1.);
#947=VECTOR('',#3234,1.);
#948=VECTOR('',#3235,1.);
#949=VECTOR('',#3236,1.);
#950=VECTOR('',#3237,1.);
#951=VECTOR('',#3238,1.);
#952=VECTOR('',#3239,1.);
#953=VECTOR('',#3240,1.);
#954=VECTOR('',#3241,1.);
#955=VECTOR('',#3242,1.);
#956=VECTOR('',#3243,1.);
#957=VECTOR('',#3244,1.);
#958=VECTOR('',#3245,1.);
#959=VECTOR('',#3246,1.);
#960=VECTOR('',#3247,1.);
#961=VECTOR('',#3248,1.);
#962=VECTOR('',#3249,1.);
#963=VECTOR('',#3250,1.);
#964=VECTOR('',#3253,1.);
#965=VECTOR('',#3254,1.);
#966=VECTOR('',#3255,1.);
#967=VECTOR('',#3256,1.);
#968=VECTOR('',#3257,1.);
#969=VECTOR('',#3258,1.);
#970=VECTOR('',#3259,1.);
#971=VECTOR('',#3260,1.);
#972=VECTOR('',#3269,1.);
#973=VECTOR('',#3272,1.);
#974=VECTOR('',#3273,1.);
#975=VECTOR('',#3274,1.);
#976=VECTOR('',#3277,1.);
#977=VECTOR('',#3280,1.);
#978=VECTOR('',#3283,1.);
#979=VECTOR('',#3284,1.);
#980=VECTOR('',#3285,1.);
#981=VECTOR('',#3294,1.);
#982=VECTOR('',#3295,1.);
#983=VECTOR('',#3298,1.);
#984=VECTOR('',#3299,1.);
#985=VECTOR('',#3304,1.);
#986=VECTOR('',#3315,1.);
#987=VECTOR('',#3316,1.);
#988=VECTOR('',#3317,1.);
#989=VECTOR('',#3318,1.);
#990=VECTOR('',#3319,1.);
#991=VECTOR('',#3320,1.);
#992=VECTOR('',#3321,1.);
#993=VECTOR('',#3322,1.);
#994=VECTOR('',#3323,1.);
#995=VECTOR('',#3324,1.);
#996=VECTOR('',#3325,1.);
#997=VECTOR('',#3328,1.);
#998=VECTOR('',#3329,1.);
#999=VECTOR('',#3330,1.);
#1000=VECTOR('',#3331,1.);
#1001=VECTOR('',#3332,1.);
#1002=VECTOR('',#3335,1.);
#1003=VECTOR('',#3336,1.);
#1004=VECTOR('',#3339,1.);
#1005=VECTOR('',#3340,1.);
#1006=VECTOR('',#3341,1.);
#1007=VECTOR('',#3342,1.);
#1008=VECTOR('',#3343,1.);
#1009=VECTOR('',#3344,0.99999999999962);
#1010=VECTOR('',#3345,1.);
#1011=VECTOR('',#3346,0.99999999999962);
#1012=VECTOR('',#3347,0.99999999999962);
#1013=VECTOR('',#3348,1.);
#1014=VECTOR('',#3349,0.99999999999962);
#1015=VECTOR('',#3352,1.);
#1016=VECTOR('',#3353,1.);
#1017=VECTOR('',#3356,1.);
#1018=VECTOR('',#3357,1.);
#1019=VECTOR('',#3362,1.);
#1020=VECTOR('',#3363,1.);
#1021=VECTOR('',#3364,1.);
#1022=VECTOR('',#3367,1.);
#1023=VECTOR('',#3368,1.);
#1024=VECTOR('',#3369,1.);
#1025=VECTOR('',#3370,1.);
#1026=VECTOR('',#3371,1.);
#1027=VECTOR('',#3372,1.);
#1028=VECTOR('',#3373,1.);
#1029=VECTOR('',#3374,1.);
#1030=VECTOR('',#3375,1.);
#1031=VECTOR('',#3376,1.);
#1032=VECTOR('',#3379,1.);
#1033=VECTOR('',#3380,1.);
#1034=VECTOR('',#3381,1.);
#1035=VECTOR('',#3384,1.);
#1036=VECTOR('',#3385,1.);
#1037=VECTOR('',#3386,1.);
#1038=VECTOR('',#3389,1.);
#1039=VECTOR('',#3390,1.);
#1040=VECTOR('',#3391,1.);
#1041=VECTOR('',#3392,1.);
#1042=VECTOR('',#3395,1.);
#1043=VECTOR('',#3398,1.);
#1044=VECTOR('',#3399,1.);
#1045=VECTOR('',#3400,1.);
#1046=VECTOR('',#3401,1.);
#1047=VECTOR('',#3402,1.);
#1048=VECTOR('',#3403,1.);
#1049=VECTOR('',#3404,1.);
#1050=VECTOR('',#3405,1.);
#1051=VECTOR('',#3406,1.);
#1052=VECTOR('',#3407,1.);
#1053=VECTOR('',#3412,2.);
#1054=VECTOR('',#3415,1.);
#1055=VECTOR('',#3416,1.);
#1056=VECTOR('',#3421,1.);
#1057=VECTOR('',#3422,1.);
#1058=VECTOR('',#3431,1.);
#1059=VECTOR('',#3436,1.);
#1060=VECTOR('',#3437,1.);
#1061=VECTOR('',#3444,1.);
#1062=VECTOR('',#3445,1.);
#1063=VECTOR('',#3450,1.);
#1064=VECTOR('',#3455,1.35);
#1065=VECTOR('',#3460,2.);
#1066=VECTOR('',#3463,1.);
#1067=VECTOR('',#3466,1.);
#1068=VECTOR('',#3467,1.);
#1069=VECTOR('',#3468,1.);
#1070=VECTOR('',#3469,1.);
#1071=VECTOR('',#3470,1.);
#1072=VECTOR('',#3471,1.);
#1073=VECTOR('',#3472,1.);
#1074=VECTOR('',#3477,1.);
#1075=VECTOR('',#3482,1.);
#1076=VECTOR('',#3483,1.);
#1077=VECTOR('',#3484,1.);
#1078=VECTOR('',#3485,1.);
#1079=VECTOR('',#3488,1.);
#1080=VECTOR('',#3489,1.);
#1081=VECTOR('',#3492,1.);
#1082=VECTOR('',#3493,1.);
#1083=VECTOR('',#3494,1.);
#1084=VECTOR('',#3497,1.);
#1085=VECTOR('',#3498,1.);
#1086=VECTOR('',#3501,1.);
#1087=VECTOR('',#3502,1.);
#1088=VECTOR('',#3505,1.);
#1089=VECTOR('',#3508,1.);
#1090=VECTOR('',#3509,1.);
#1091=VECTOR('',#3510,1.);
#1092=VECTOR('',#3513,1.);
#1093=VECTOR('',#3514,1.);
#1094=VECTOR('',#3517,1.);
#1095=VECTOR('',#3518,1.);
#1096=VECTOR('',#3521,1.);
#1097=VECTOR('',#3526,1.);
#1098=VECTOR('',#3529,1.);
#1099=VECTOR('',#3534,0.99999999999962);
#1100=VECTOR('',#3535,1.);
#1101=VECTOR('',#3536,1.);
#1102=VECTOR('',#3539,1.);
#1103=VECTOR('',#3540,1.);
#1104=VECTOR('',#3543,0.99999999999962);
#1105=VECTOR('',#3544,1.);
#1106=VECTOR('',#3547,0.99999999999962);
#1107=VECTOR('',#3548,1.);
#1108=VECTOR('',#3551,1.);
#1109=VECTOR('',#3552,1.);
#1110=VECTOR('',#3555,0.99999999999962);
#1111=VECTOR('',#3558,1.65);
#1112=VECTOR('',#3563,1.);
#1113=VECTOR('',#3564,1.);
#1114=VECTOR('',#3565,1.);
#1115=VECTOR('',#3568,1.);
#1116=VECTOR('',#3569,1.);
#1117=VECTOR('',#3570,1.);
#1118=VECTOR('',#3571,1.);
#1119=VECTOR('',#3574,1.);
#1120=VECTOR('',#3581,1.);
#1121=VECTOR('',#3582,1.);
#1122=VECTOR('',#3583,1.);
#1123=VECTOR('',#3584,1.);
#1124=VECTOR('',#3587,1.);
#1125=VECTOR('',#3588,1.);
#1126=VECTOR('',#3591,1.);
#1127=VECTOR('',#3592,1.);
#1128=VECTOR('',#3593,1.);
#1129=VECTOR('',#3598,10.);
#1130=VECTOR('',#3603,1.);
#1131=VECTOR('',#3604,1.);
#1132=VECTOR('',#3607,1.);
#1133=VECTOR('',#3608,0.99999999999962);
#1134=VECTOR('',#3609,1.);
#1135=VECTOR('',#3610,0.99999999999962);
#1136=VECTOR('',#3611,1.);
#1137=VECTOR('',#3612,0.99999999999962);
#1138=VECTOR('',#3613,1.);
#1139=VECTOR('',#3614,0.99999999999962);
#1140=VECTOR('',#3615,1.);
#1141=VECTOR('',#3616,0.99999999999962);
#1142=VECTOR('',#3617,1.);
#1143=VECTOR('',#3618,0.99999999999962);
#1144=VECTOR('',#3619,1.);
#1145=VECTOR('',#3620,0.99999999999962);
#1146=VECTOR('',#3621,1.);
#1147=VECTOR('',#3622,0.99999999999962);
#1148=VECTOR('',#3623,1.);
#1149=VECTOR('',#3624,0.99999999999962);
#1150=VECTOR('',#3625,1.);
#1151=VECTOR('',#3626,0.99999999999962);
#1152=VECTOR('',#3627,1.);
#1153=VECTOR('',#3628,0.99999999999962);
#1154=VECTOR('',#3629,1.);
#1155=VECTOR('',#3630,0.99999999999962);
#1156=VECTOR('',#3631,1.);
#1157=VECTOR('',#3632,0.99999999999962);
#1158=VECTOR('',#3633,1.);
#1159=VECTOR('',#3634,0.99999999999962);
#1160=VECTOR('',#3635,1.);
#1161=VECTOR('',#3636,0.99999999999962);
#1162=VECTOR('',#3637,1.);
#1163=VECTOR('',#3638,0.99999999999962);
#1164=VECTOR('',#3639,1.);
#1165=VECTOR('',#3640,0.99999999999962);
#1166=VECTOR('',#3641,1.);
#1167=VECTOR('',#3642,1.);
#1168=VECTOR('',#3643,1.);
#1169=VECTOR('',#3644,1.);
#1170=VECTOR('',#3647,1.);
#1171=VECTOR('',#3648,1.);
#1172=VECTOR('',#3651,1.);
#1173=VECTOR('',#3652,1.);
#1174=VECTOR('',#3653,1.);
#1175=VECTOR('',#3654,0.99999999999962);
#1176=VECTOR('',#3655,1.);
#1177=VECTOR('',#3656,0.99999999999962);
#1178=VECTOR('',#3657,1.);
#1179=VECTOR('',#3658,0.99999999999962);
#1180=VECTOR('',#3659,1.);
#1181=VECTOR('',#3660,0.99999999999962);
#1182=VECTOR('',#3661,1.);
#1183=VECTOR('',#3662,0.99999999999962);
#1184=VECTOR('',#3663,1.);
#1185=VECTOR('',#3664,0.99999999999962);
#1186=VECTOR('',#3665,1.);
#1187=VECTOR('',#3666,0.99999999999962);
#1188=VECTOR('',#3667,1.);
#1189=VECTOR('',#3668,0.99999999999962);
#1190=VECTOR('',#3669,1.);
#1191=VECTOR('',#3670,0.99999999999962);
#1192=VECTOR('',#3671,1.);
#1193=VECTOR('',#3672,0.99999999999962);
#1194=VECTOR('',#3673,1.);
#1195=VECTOR('',#3674,0.99999999999962);
#1196=VECTOR('',#3675,1.);
#1197=VECTOR('',#3676,0.99999999999962);
#1198=VECTOR('',#3677,1.);
#1199=VECTOR('',#3678,0.99999999999962);
#1200=VECTOR('',#3679,1.);
#1201=VECTOR('',#3680,0.99999999999962);
#1202=VECTOR('',#3681,1.);
#1203=VECTOR('',#3682,0.99999999999962);
#1204=VECTOR('',#3683,1.);
#1205=VECTOR('',#3684,0.99999999999962);
#1206=VECTOR('',#3685,1.);
#1207=VECTOR('',#3686,0.99999999999962);
#1208=VECTOR('',#3689,1.);
#1209=VECTOR('',#3690,1.);
#1210=VECTOR('',#3693,1.);
#1211=VECTOR('',#3694,1.);
#1212=VECTOR('',#3695,1.);
#1213=VECTOR('',#3698,1.);
#1214=VECTOR('',#3705,1.);
#1215=VECTOR('',#3706,1.);
#1216=VECTOR('',#3707,1.);
#1217=VECTOR('',#3710,1.);
#1218=VECTOR('',#3711,1.);
#1219=VECTOR('',#3714,1.);
#1220=VECTOR('',#3715,1.);
#1221=VECTOR('',#3716,1.);
#1222=VECTOR('',#3719,1.);
#1223=VECTOR('',#3720,1.);
#1224=VECTOR('',#3723,1.);
#1225=VECTOR('',#3724,1.);
#1226=VECTOR('',#3727,1.);
#1227=VECTOR('',#3730,1.);
#1228=VECTOR('',#3731,1.);
#1229=VECTOR('',#3732,1.);
#1230=VECTOR('',#3735,1.);
#1231=VECTOR('',#3736,1.);
#1232=VECTOR('',#3739,1.);
#1233=VECTOR('',#3740,1.);
#1234=VECTOR('',#3743,1.);
#1235=VECTOR('',#3746,1.);
#1236=VECTOR('',#3749,1.);
#1237=VECTOR('',#3754,1.);
#1238=VECTOR('',#3755,1.);
#1239=VECTOR('',#3756,1.);
#1240=VECTOR('',#3757,1.);
#1241=VECTOR('',#3760,1.);
#1242=VECTOR('',#3761,1.);
#1243=VECTOR('',#3764,1.);
#1244=VECTOR('',#3765,1.);
#1245=VECTOR('',#3768,1.);
#1246=VECTOR('',#3773,5.8);
#1247=VECTOR('',#3778,5.8);
#1248=VECTOR('',#3805,1.);
#1249=VECTOR('',#3810,1.);
#1250=VECTOR('',#3813,1.);
#1251=VECTOR('',#3816,1.);
#1252=VECTOR('',#3819,1.);
#1253=VECTOR('',#3820,1.);
#1254=VECTOR('',#3821,1.);
#1255=VECTOR('',#3824,1.);
#1256=VECTOR('',#3827,1.);
#1257=VECTOR('',#3830,1.);
#1258=VECTOR('',#3833,1.);
#1259=VECTOR('',#3836,1.);
#1260=VECTOR('',#3839,1.);
#1261=VECTOR('',#3842,1.);
#1262=VECTOR('',#3845,1.);
#1263=VECTOR('',#3848,1.);
#1264=VECTOR('',#3851,1.);
#1265=VECTOR('',#3854,1.);
#1266=VECTOR('',#3857,1.);
#1267=VECTOR('',#3860,1.);
#1268=VECTOR('',#3863,1.);
#1269=VECTOR('',#3866,1.);
#1270=VECTOR('',#3869,1.);
#1271=VECTOR('',#3872,1.);
#1272=VECTOR('',#3875,1.);
#1273=VECTOR('',#3878,1.);
#1274=VECTOR('',#3881,1.);
#1275=VECTOR('',#3884,1.);
#1276=VECTOR('',#3887,1.);
#1277=VECTOR('',#3890,1.);
#1278=VECTOR('',#3893,1.);
#1279=VECTOR('',#3896,1.);
#1280=VECTOR('',#3899,1.);
#1281=VECTOR('',#3902,1.);
#1282=VECTOR('',#3905,1.);
#1283=VECTOR('',#3908,1.);
#1284=VECTOR('',#3911,1.);
#1285=VECTOR('',#3914,1.);
#1286=VECTOR('',#3917,1.);
#1287=VECTOR('',#3920,1.);
#1288=VECTOR('',#3923,1.);
#1289=VECTOR('',#3928,1.);
#1290=VECTOR('',#3929,1.);
#1291=VECTOR('',#3930,1.);
#1292=VECTOR('',#3933,1.);
#1293=VECTOR('',#3936,1.);
#1294=VERTEX_POINT('',#3951);
#1295=VERTEX_POINT('',#3952);
#1296=VERTEX_POINT('',#3954);
#1297=VERTEX_POINT('',#3956);
#1298=VERTEX_POINT('',#3958);
#1299=VERTEX_POINT('',#3960);
#1300=VERTEX_POINT('',#3962);
#1301=VERTEX_POINT('',#3964);
#1302=VERTEX_POINT('',#3972);
#1303=VERTEX_POINT('',#3974);
#1304=VERTEX_POINT('',#3976);
#1305=VERTEX_POINT('',#3985);
#1306=VERTEX_POINT('',#3989);
#1307=VERTEX_POINT('',#3990);
#1308=VERTEX_POINT('',#3992);
#1309=VERTEX_POINT('',#3994);
#1310=VERTEX_POINT('',#3996);
#1311=VERTEX_POINT('',#3998);
#1312=VERTEX_POINT('',#4002);
#1313=VERTEX_POINT('',#4003);
#1314=VERTEX_POINT('',#4005);
#1315=VERTEX_POINT('',#4010);
#1316=VERTEX_POINT('',#4014);
#1317=VERTEX_POINT('',#4018);
#1318=VERTEX_POINT('',#4020);
#1319=VERTEX_POINT('',#4022);
#1320=VERTEX_POINT('',#4024);
#1321=VERTEX_POINT('',#4026);
#1322=VERTEX_POINT('',#4028);
#1323=VERTEX_POINT('',#4030);
#1324=VERTEX_POINT('',#4032);
#1325=VERTEX_POINT('',#4034);
#1326=VERTEX_POINT('',#4036);
#1327=VERTEX_POINT('',#4038);
#1328=VERTEX_POINT('',#4040);
#1329=VERTEX_POINT('',#4042);
#1330=VERTEX_POINT('',#4045);
#1331=VERTEX_POINT('',#4047);
#1332=VERTEX_POINT('',#4049);
#1333=VERTEX_POINT('',#4051);
#1334=VERTEX_POINT('',#4053);
#1335=VERTEX_POINT('',#4055);
#1336=VERTEX_POINT('',#4057);
#1337=VERTEX_POINT('',#4060);
#1338=VERTEX_POINT('',#4062);
#1339=VERTEX_POINT('',#4063);
#1340=VERTEX_POINT('',#4065);
#1341=VERTEX_POINT('',#4067);
#1342=VERTEX_POINT('',#4069);
#1343=VERTEX_POINT('',#4071);
#1344=VERTEX_POINT('',#4073);
#1345=VERTEX_POINT('',#4075);
#1346=VERTEX_POINT('',#4078);
#1347=VERTEX_POINT('',#4080);
#1348=VERTEX_POINT('',#4083);
#1349=VERTEX_POINT('',#4087);
#1350=VERTEX_POINT('',#4089);
#1351=VERTEX_POINT('',#4097);
#1352=VERTEX_POINT('',#4098);
#1353=VERTEX_POINT('',#4105);
#1354=VERTEX_POINT('',#4107);
#1355=VERTEX_POINT('',#4111);
#1356=VERTEX_POINT('',#4115);
#1357=VERTEX_POINT('',#4123);
#1358=VERTEX_POINT('',#4125);
#1359=VERTEX_POINT('',#4128);
#1360=VERTEX_POINT('',#4129);
#1361=VERTEX_POINT('',#4131);
#1362=VERTEX_POINT('',#4133);
#1363=VERTEX_POINT('',#4136);
#1364=VERTEX_POINT('',#4137);
#1365=VERTEX_POINT('',#4139);
#1366=VERTEX_POINT('',#4141);
#1367=VERTEX_POINT('',#4145);
#1368=VERTEX_POINT('',#4147);
#1369=VERTEX_POINT('',#4150);
#1370=VERTEX_POINT('',#4154);
#1371=VERTEX_POINT('',#4158);
#1372=VERTEX_POINT('',#4160);
#1373=VERTEX_POINT('',#4162);
#1374=VERTEX_POINT('',#4164);
#1375=VERTEX_POINT('',#4167);
#1376=VERTEX_POINT('',#4168);
#1377=VERTEX_POINT('',#4170);
#1378=VERTEX_POINT('',#4172);
#1379=VERTEX_POINT('',#4174);
#1380=VERTEX_POINT('',#4176);
#1381=VERTEX_POINT('',#4180);
#1382=VERTEX_POINT('',#4184);
#1383=VERTEX_POINT('',#4187);
#1384=VERTEX_POINT('',#4190);
#1385=VERTEX_POINT('',#4192);
#1386=VERTEX_POINT('',#4196);
#1387=VERTEX_POINT('',#4198);
#1388=VERTEX_POINT('',#4200);
#1389=VERTEX_POINT('',#4202);
#1390=VERTEX_POINT('',#4204);
#1391=VERTEX_POINT('',#4206);
#1392=VERTEX_POINT('',#4209);
#1393=VERTEX_POINT('',#4211);
#1394=VERTEX_POINT('',#4213);
#1395=VERTEX_POINT('',#4215);
#1396=VERTEX_POINT('',#4217);
#1397=VERTEX_POINT('',#4219);
#1398=VERTEX_POINT('',#4223);
#1399=VERTEX_POINT('',#4225);
#1400=VERTEX_POINT('',#4231);
#1401=VERTEX_POINT('',#4237);
#1402=VERTEX_POINT('',#4240);
#1403=VERTEX_POINT('',#4241);
#1404=VERTEX_POINT('',#4243);
#1405=VERTEX_POINT('',#4245);
#1406=VERTEX_POINT('',#4248);
#1407=VERTEX_POINT('',#4249);
#1408=VERTEX_POINT('',#4251);
#1409=VERTEX_POINT('',#4253);
#1410=VERTEX_POINT('',#4257);
#1411=VERTEX_POINT('',#4261);
#1412=VERTEX_POINT('',#4263);
#1413=VERTEX_POINT('',#4267);
#1414=VERTEX_POINT('',#4273);
#1415=VERTEX_POINT('',#4277);
#1416=VERTEX_POINT('',#4279);
#1417=VERTEX_POINT('',#4285);
#1418=VERTEX_POINT('',#4289);
#1419=VERTEX_POINT('',#4293);
#1420=VERTEX_POINT('',#4297);
#1421=VERTEX_POINT('',#4303);
#1422=VERTEX_POINT('',#4304);
#1423=VERTEX_POINT('',#4307);
#1424=VERTEX_POINT('',#4309);
#1425=VERTEX_POINT('',#4311);
#1426=VERTEX_POINT('',#4313);
#1427=VERTEX_POINT('',#4319);
#1428=VERTEX_POINT('',#4321);
#1429=VERTEX_POINT('',#4323);
#1430=VERTEX_POINT('',#4324);
#1431=VERTEX_POINT('',#4326);
#1432=VERTEX_POINT('',#4328);
#1433=VERTEX_POINT('',#4332);
#1434=VERTEX_POINT('',#4336);
#1435=VERTEX_POINT('',#4338);
#1436=VERTEX_POINT('',#4342);
#1437=VERTEX_POINT('',#4346);
#1438=VERTEX_POINT('',#4352);
#1439=VERTEX_POINT('',#4354);
#1440=VERTEX_POINT('',#4358);
#1441=VERTEX_POINT('',#4362);
#1442=VERTEX_POINT('',#4374);
#1443=VERTEX_POINT('',#4375);
#1444=VERTEX_POINT('',#4380);
#1445=VERTEX_POINT('',#4384);
#1446=VERTEX_POINT('',#4388);
#1447=VERTEX_POINT('',#4392);
#1448=VERTEX_POINT('',#4398);
#1449=VERTEX_POINT('',#4402);
#1450=VERTEX_POINT('',#4403);
#1451=VERTEX_POINT('',#4408);
#1452=VERTEX_POINT('',#4409);
#1453=VERTEX_POINT('',#4412);
#1454=VERTEX_POINT('',#4434);
#1455=VERTEX_POINT('',#4435);
#1456=VERTEX_POINT('',#4437);
#1457=VERTEX_POINT('',#4442);
#1458=VERTEX_POINT('',#4446);
#1459=VERTEX_POINT('',#4448);
#1460=VERTEX_POINT('',#4452);
#1461=VERTEX_POINT('',#4454);
#1462=VERTEX_POINT('',#4458);
#1463=VERTEX_POINT('',#4462);
#1464=VERTEX_POINT('',#4464);
#1465=VERTEX_POINT('',#4466);
#1466=VERTEX_POINT('',#4468);
#1467=VERTEX_POINT('',#4470);
#1468=VERTEX_POINT('',#4472);
#1469=VERTEX_POINT('',#4474);
#1470=VERTEX_POINT('',#4476);
#1471=VERTEX_POINT('',#4478);
#1472=VERTEX_POINT('',#4480);
#1473=VERTEX_POINT('',#4482);
#1474=VERTEX_POINT('',#4484);
#1475=VERTEX_POINT('',#4486);
#1476=VERTEX_POINT('',#4488);
#1477=VERTEX_POINT('',#4490);
#1478=VERTEX_POINT('',#4492);
#1479=VERTEX_POINT('',#4494);
#1480=VERTEX_POINT('',#4496);
#1481=VERTEX_POINT('',#4498);
#1482=VERTEX_POINT('',#4500);
#1483=VERTEX_POINT('',#4502);
#1484=VERTEX_POINT('',#4504);
#1485=VERTEX_POINT('',#4506);
#1486=VERTEX_POINT('',#4508);
#1487=VERTEX_POINT('',#4510);
#1488=VERTEX_POINT('',#4512);
#1489=VERTEX_POINT('',#4514);
#1490=VERTEX_POINT('',#4516);
#1491=VERTEX_POINT('',#4518);
#1492=VERTEX_POINT('',#4520);
#1493=VERTEX_POINT('',#4522);
#1494=VERTEX_POINT('',#4524);
#1495=VERTEX_POINT('',#4526);
#1496=VERTEX_POINT('',#4528);
#1497=VERTEX_POINT('',#4530);
#1498=VERTEX_POINT('',#4532);
#1499=VERTEX_POINT('',#4534);
#1500=VERTEX_POINT('',#4538);
#1501=VERTEX_POINT('',#4542);
#1502=VERTEX_POINT('',#4544);
#1503=VERTEX_POINT('',#4546);
#1504=VERTEX_POINT('',#4548);
#1505=VERTEX_POINT('',#4550);
#1506=VERTEX_POINT('',#4552);
#1507=VERTEX_POINT('',#4554);
#1508=VERTEX_POINT('',#4556);
#1509=VERTEX_POINT('',#4558);
#1510=VERTEX_POINT('',#4560);
#1511=VERTEX_POINT('',#4562);
#1512=VERTEX_POINT('',#4564);
#1513=VERTEX_POINT('',#4566);
#1514=VERTEX_POINT('',#4568);
#1515=VERTEX_POINT('',#4570);
#1516=VERTEX_POINT('',#4572);
#1517=VERTEX_POINT('',#4574);
#1518=VERTEX_POINT('',#4576);
#1519=VERTEX_POINT('',#4578);
#1520=VERTEX_POINT('',#4580);
#1521=VERTEX_POINT('',#4582);
#1522=VERTEX_POINT('',#4584);
#1523=VERTEX_POINT('',#4586);
#1524=VERTEX_POINT('',#4588);
#1525=VERTEX_POINT('',#4590);
#1526=VERTEX_POINT('',#4592);
#1527=VERTEX_POINT('',#4594);
#1528=VERTEX_POINT('',#4596);
#1529=VERTEX_POINT('',#4598);
#1530=VERTEX_POINT('',#4600);
#1531=VERTEX_POINT('',#4602);
#1532=VERTEX_POINT('',#4604);
#1533=VERTEX_POINT('',#4606);
#1534=VERTEX_POINT('',#4608);
#1535=VERTEX_POINT('',#4610);
#1536=VERTEX_POINT('',#4614);
#1537=VERTEX_POINT('',#4618);
#1538=VERTEX_POINT('',#4620);
#1539=VERTEX_POINT('',#4627);
#1540=VERTEX_POINT('',#4629);
#1541=VERTEX_POINT('',#4631);
#1542=VERTEX_POINT('',#4635);
#1543=VERTEX_POINT('',#4639);
#1544=VERTEX_POINT('',#4641);
#1545=VERTEX_POINT('',#4645);
#1546=VERTEX_POINT('',#4649);
#1547=VERTEX_POINT('',#4655);
#1548=VERTEX_POINT('',#4657);
#1549=VERTEX_POINT('',#4661);
#1550=VERTEX_POINT('',#4665);
#1551=VERTEX_POINT('',#4677);
#1552=VERTEX_POINT('',#4679);
#1553=VERTEX_POINT('',#4683);
#1554=VERTEX_POINT('',#4687);
#1555=VERTEX_POINT('',#4694);
#1556=VERTEX_POINT('',#4698);
#1557=VERTEX_POINT('',#4711);
#1558=VERTEX_POINT('',#4713);
#1559=VERTEX_POINT('',#4724);
#1560=VERTEX_POINT('',#4798);
#1561=VERTEX_POINT('',#4800);
#1562=EDGE_CURVE('',#1294,#1295,#556,.T.);
#1563=EDGE_CURVE('',#1296,#1294,#512,.T.);
#1564=EDGE_CURVE('',#1297,#1296,#513,.T.);
#1565=EDGE_CURVE('',#1298,#1297,#514,.T.);
#1566=EDGE_CURVE('',#1299,#1298,#515,.T.);
#1567=EDGE_CURVE('',#1300,#1299,#516,.T.);
#1568=EDGE_CURVE('',#1300,#1301,#508,.T.);
#1569=EDGE_CURVE('',#1302,#1301,#517,.T.);
#1570=EDGE_CURVE('',#1302,#1303,#557,.T.);
#1571=EDGE_CURVE('',#1304,#1302,#518,.T.);
#1572=EDGE_CURVE('',#1304,#1297,#509,.T.);
#1573=EDGE_CURVE('',#1305,#1296,#558,.T.);
#1574=EDGE_CURVE('',#1305,#1295,#519,.T.);
#1575=EDGE_CURVE('',#1306,#1307,#559,.T.);
#1576=EDGE_CURVE('',#1307,#1308,#560,.T.);
#1577=EDGE_CURVE('',#1309,#1308,#561,.T.);
#1578=EDGE_CURVE('',#1310,#1309,#562,.T.);
#1579=EDGE_CURVE('',#1310,#1311,#563,.T.);
#1580=EDGE_CURVE('',#1306,#1311,#564,.T.);
#1581=EDGE_CURVE('',#1312,#1313,#565,.T.);
#1582=EDGE_CURVE('',#1313,#1314,#566,.T.);
#1583=EDGE_CURVE('',#1307,#1314,#567,.T.);
#1584=EDGE_CURVE('',#1312,#1306,#568,.T.);
#1585=EDGE_CURVE('',#1314,#1315,#569,.T.);
#1586=EDGE_CURVE('',#1308,#1315,#570,.T.);
#1587=EDGE_CURVE('',#1309,#1316,#571,.T.);
#1588=EDGE_CURVE('',#1316,#1315,#572,.T.);
#1589=EDGE_CURVE('',#1317,#1309,#573,.T.);
#1590=EDGE_CURVE('',#1318,#1317,#574,.T.);
#1591=EDGE_CURVE('',#1318,#1319,#575,.T.);
#1592=EDGE_CURVE('',#1319,#1320,#576,.T.);
#1593=EDGE_CURVE('',#1321,#1320,#577,.T.);
#1594=EDGE_CURVE('',#1321,#1322,#578,.T.);
#1595=EDGE_CURVE('',#1323,#1322,#579,.T.);
#1596=EDGE_CURVE('',#1323,#1324,#580,.T.);
#1597=EDGE_CURVE('',#1325,#1324,#581,.T.);
#1598=EDGE_CURVE('',#1326,#1325,#582,.T.);
#1599=EDGE_CURVE('',#1326,#1327,#583,.T.);
#1600=EDGE_CURVE('',#1328,#1327,#584,.T.);
#1601=EDGE_CURVE('',#1328,#1329,#585,.T.);
#1602=EDGE_CURVE('',#1329,#1313,#586,.T.);
#1603=EDGE_CURVE('',#1330,#1312,#587,.T.);
#1604=EDGE_CURVE('',#1330,#1331,#588,.T.);
#1605=EDGE_CURVE('',#1331,#1332,#589,.T.);
#1606=EDGE_CURVE('',#1332,#1333,#590,.T.);
#1607=EDGE_CURVE('',#1333,#1334,#591,.T.);
#1608=EDGE_CURVE('',#1335,#1334,#592,.T.);
#1609=EDGE_CURVE('',#1336,#1335,#593,.T.);
#1610=EDGE_CURVE('',#1310,#1336,#594,.T.);
#1611=EDGE_CURVE('',#1337,#1337,#520,.T.);
#1612=EDGE_CURVE('',#1338,#1339,#595,.T.);
#1613=EDGE_CURVE('',#1339,#1340,#596,.T.);
#1614=EDGE_CURVE('',#1340,#1341,#597,.T.);
#1615=EDGE_CURVE('',#1341,#1342,#598,.T.);
#1616=EDGE_CURVE('',#1343,#1342,#599,.T.);
#1617=EDGE_CURVE('',#1344,#1343,#600,.T.);
#1618=EDGE_CURVE('',#1345,#1344,#601,.T.);
#1619=EDGE_CURVE('',#1338,#1345,#602,.T.);
#1620=EDGE_CURVE('',#1346,#1346,#521,.T.);
#1621=EDGE_CURVE('',#1347,#1347,#522,.T.);
#1622=EDGE_CURVE('',#1348,#1336,#523,.T.);
#1623=EDGE_CURVE('',#1348,#1311,#603,.T.);
#1624=EDGE_CURVE('',#1349,#1348,#604,.T.);
#1625=EDGE_CURVE('',#1349,#1350,#605,.T.);
#1626=EDGE_CURVE('',#1350,#1306,#606,.T.);
#1627=EDGE_CURVE('',#1313,#1316,#607,.T.);
#1628=EDGE_CURVE('',#1330,#1350,#608,.T.);
#1629=EDGE_CURVE('',#1351,#1352,#609,.T.);
#1630=EDGE_CURVE('',#1351,#1317,#610,.T.);
#1631=EDGE_CURVE('',#1352,#1316,#611,.T.);
#1632=EDGE_CURVE('',#1336,#1335,#524,.T.);
#1633=EDGE_CURVE('',#1335,#1353,#525,.T.);
#1634=EDGE_CURVE('',#1334,#1354,#612,.T.);
#1635=EDGE_CURVE('',#1354,#1353,#613,.T.);
#1636=EDGE_CURVE('',#1333,#1355,#614,.T.);
#1637=EDGE_CURVE('',#1355,#1354,#615,.T.);
#1638=EDGE_CURVE('',#1332,#1356,#526,.T.);
#1639=EDGE_CURVE('',#1355,#1356,#616,.T.);
#1640=EDGE_CURVE('',#1331,#1332,#527,.T.);
#1641=EDGE_CURVE('',#1349,#1331,#528,.T.);
#1642=EDGE_CURVE('',#1357,#1329,#617,.T.);
#1643=EDGE_CURVE('',#1357,#1358,#618,.T.);
#1644=EDGE_CURVE('',#1358,#1352,#619,.T.);
#1645=EDGE_CURVE('',#1359,#1360,#620,.T.);
#1646=EDGE_CURVE('',#1360,#1361,#621,.T.);
#1647=EDGE_CURVE('',#1362,#1361,#622,.T.);
#1648=EDGE_CURVE('',#1359,#1362,#623,.T.);
#1649=EDGE_CURVE('',#1363,#1364,#624,.T.);
#1650=EDGE_CURVE('',#1364,#1365,#625,.T.);
#1651=EDGE_CURVE('',#1366,#1365,#626,.T.);
#1652=EDGE_CURVE('',#1363,#1366,#627,.T.);
#1653=EDGE_CURVE('',#1328,#1367,#628,.T.);
#1654=EDGE_CURVE('',#1368,#1367,#629,.T.);
#1655=EDGE_CURVE('',#1319,#1368,#630,.T.);
#1656=EDGE_CURVE('',#1369,#1318,#631,.T.);
#1657=EDGE_CURVE('',#1369,#1357,#632,.T.);
#1658=EDGE_CURVE('',#1370,#1327,#633,.T.);
#1659=EDGE_CURVE('',#1367,#1370,#634,.T.);
#1660=EDGE_CURVE('',#1326,#1371,#635,.T.);
#1661=EDGE_CURVE('',#1372,#1371,#636,.T.);
#1662=EDGE_CURVE('',#1372,#1373,#637,.T.);
#1663=EDGE_CURVE('',#1373,#1374,#638,.T.);
#1664=EDGE_CURVE('',#1327,#1374,#639,.T.);
#1665=EDGE_CURVE('',#1375,#1376,#640,.T.);
#1666=EDGE_CURVE('',#1377,#1375,#641,.T.);
#1667=EDGE_CURVE('',#1378,#1377,#642,.T.);
#1668=EDGE_CURVE('',#1379,#1378,#643,.T.);
#1669=EDGE_CURVE('',#1380,#1379,#644,.T.);
#1670=EDGE_CURVE('',#1376,#1380,#645,.T.);
#1671=EDGE_CURVE('',#1325,#1381,#646,.T.);
#1672=EDGE_CURVE('',#1371,#1381,#647,.T.);
#1673=EDGE_CURVE('',#1382,#1324,#648,.T.);
#1674=EDGE_CURVE('',#1382,#1381,#649,.T.);
#1675=EDGE_CURVE('',#1383,#1383,#529,.T.);
#1676=EDGE_CURVE('',#1384,#1323,#650,.T.);
#1677=EDGE_CURVE('',#1384,#1385,#651,.T.);
#1678=EDGE_CURVE('',#1385,#1324,#652,.T.);
#1679=EDGE_CURVE('',#1322,#1386,#653,.T.);
#1680=EDGE_CURVE('',#1386,#1387,#654,.T.);
#1681=EDGE_CURVE('',#1387,#1388,#655,.T.);
#1682=EDGE_CURVE('',#1388,#1389,#656,.T.);
#1683=EDGE_CURVE('',#1390,#1389,#657,.T.);
#1684=EDGE_CURVE('',#1390,#1391,#658,.T.);
#1685=EDGE_CURVE('',#1391,#1304,#659,.T.);
#1686=EDGE_CURVE('',#1301,#1392,#660,.T.);
#1687=EDGE_CURVE('',#1392,#1393,#661,.T.);
#1688=EDGE_CURVE('',#1394,#1393,#662,.T.);
#1689=EDGE_CURVE('',#1394,#1395,#530,.T.);
#1690=EDGE_CURVE('',#1396,#1395,#663,.T.);
#1691=EDGE_CURVE('',#1396,#1397,#664,.T.);
#1692=EDGE_CURVE('',#1397,#1323,#665,.T.);
#1693=EDGE_CURVE('',#1321,#1398,#666,.T.);
#1694=EDGE_CURVE('',#1398,#1399,#667,.T.);
#1695=EDGE_CURVE('',#1399,#1386,#668,.T.);
#1696=EDGE_CURVE('',#1327,#1385,#669,.T.);
#1697=EDGE_CURVE('',#1384,#1321,#670,.T.);
#1698=EDGE_CURVE('',#1400,#1320,#671,.T.);
#1699=EDGE_CURVE('',#1400,#1370,#672,.T.);
#1700=EDGE_CURVE('',#1368,#1400,#673,.T.);
#1701=EDGE_CURVE('',#1401,#1351,#674,.T.);
#1702=EDGE_CURVE('',#1369,#1401,#675,.T.);
#1703=EDGE_CURVE('',#1402,#1403,#676,.T.);
#1704=EDGE_CURVE('',#1402,#1404,#677,.T.);
#1705=EDGE_CURVE('',#1404,#1405,#678,.T.);
#1706=EDGE_CURVE('',#1403,#1405,#679,.T.);
#1707=EDGE_CURVE('',#1406,#1407,#680,.T.);
#1708=EDGE_CURVE('',#1406,#1408,#681,.T.);
#1709=EDGE_CURVE('',#1408,#1409,#682,.T.);
#1710=EDGE_CURVE('',#1407,#1409,#683,.T.);
#1711=EDGE_CURVE('',#1410,#1410,#531,.T.);
#1712=EDGE_CURVE('',#1410,#1337,#684,.T.);
#1713=EDGE_CURVE('',#1338,#1411,#685,.T.);
#1714=EDGE_CURVE('',#1412,#1411,#686,.T.);
#1715=EDGE_CURVE('',#1412,#1339,#532,.T.);
#1716=EDGE_CURVE('',#1345,#1413,#687,.T.);
#1717=EDGE_CURVE('',#1411,#1413,#688,.T.);
#1718=EDGE_CURVE('',#1339,#1340,#533,.T.);
#1719=EDGE_CURVE('',#1414,#1344,#534,.T.);
#1720=EDGE_CURVE('',#1414,#1413,#689,.T.);
#1721=EDGE_CURVE('',#1340,#1415,#535,.T.);
#1722=EDGE_CURVE('',#1416,#1415,#690,.T.);
#1723=EDGE_CURVE('',#1341,#1416,#691,.T.);
#1724=EDGE_CURVE('',#1344,#1343,#536,.T.);
#1725=EDGE_CURVE('',#1416,#1417,#692,.T.);
#1726=EDGE_CURVE('',#1342,#1417,#693,.T.);
#1727=EDGE_CURVE('',#1343,#1418,#537,.T.);
#1728=EDGE_CURVE('',#1417,#1418,#694,.T.);
#1729=EDGE_CURVE('',#1419,#1419,#538,.T.);
#1730=EDGE_CURVE('',#1419,#1346,#695,.T.);
#1731=EDGE_CURVE('',#1420,#1420,#539,.T.);
#1732=EDGE_CURVE('',#1420,#1347,#696,.T.);
#1733=EDGE_CURVE('',#1356,#1353,#697,.T.);
#1734=EDGE_CURVE('',#1421,#1422,#698,.T.);
#1735=EDGE_CURVE('',#1351,#1421,#699,.T.);
#1736=EDGE_CURVE('',#1352,#1423,#700,.T.);
#1737=EDGE_CURVE('',#1424,#1423,#701,.T.);
#1738=EDGE_CURVE('',#1425,#1424,#702,.T.);
#1739=EDGE_CURVE('',#1425,#1426,#703,.T.);
#1740=EDGE_CURVE('',#1426,#1422,#704,.T.);
#1741=EDGE_CURVE('',#1401,#1358,#705,.T.);
#1742=EDGE_CURVE('',#1427,#1427,#540,.T.);
#1743=EDGE_CURVE('',#1428,#1428,#541,.T.);
#1744=EDGE_CURVE('',#1429,#1430,#706,.T.);
#1745=EDGE_CURVE('',#1429,#1431,#707,.T.);
#1746=EDGE_CURVE('',#1431,#1432,#708,.T.);
#1747=EDGE_CURVE('',#1430,#1432,#709,.T.);
#1748=EDGE_CURVE('',#1358,#1433,#710,.T.);
#1749=EDGE_CURVE('',#1433,#1423,#711,.T.);
#1750=EDGE_CURVE('',#1434,#1359,#712,.T.);
#1751=EDGE_CURVE('',#1435,#1434,#713,.T.);
#1752=EDGE_CURVE('',#1435,#1360,#714,.T.);
#1753=EDGE_CURVE('',#1436,#1362,#715,.T.);
#1754=EDGE_CURVE('',#1434,#1436,#716,.T.);
#1755=EDGE_CURVE('',#1437,#1361,#717,.T.);
#1756=EDGE_CURVE('',#1437,#1436,#718,.T.);
#1757=EDGE_CURVE('',#1435,#1437,#719,.T.);
#1758=EDGE_CURVE('',#1438,#1363,#720,.T.);
#1759=EDGE_CURVE('',#1439,#1438,#721,.T.);
#1760=EDGE_CURVE('',#1439,#1364,#722,.T.);
#1761=EDGE_CURVE('',#1440,#1366,#723,.T.);
#1762=EDGE_CURVE('',#1438,#1440,#724,.T.);
#1763=EDGE_CURVE('',#1441,#1365,#725,.T.);
#1764=EDGE_CURVE('',#1441,#1440,#726,.T.);
#1765=EDGE_CURVE('',#1439,#1441,#727,.T.);
#1766=EDGE_CURVE('',#1372,#1382,#728,.T.);
#1767=EDGE_CURVE('',#1373,#1385,#729,.T.);
#1768=EDGE_CURVE('',#1442,#1443,#730,.T.);
#1769=EDGE_CURVE('',#1442,#1375,#731,.T.);
#1770=EDGE_CURVE('',#1443,#1376,#732,.T.);
#1771=EDGE_CURVE('',#1444,#1442,#733,.T.);
#1772=EDGE_CURVE('',#1444,#1377,#734,.T.);
#1773=EDGE_CURVE('',#1443,#1445,#735,.T.);
#1774=EDGE_CURVE('',#1445,#1380,#736,.T.);
#1775=EDGE_CURVE('',#1446,#1444,#737,.T.);
#1776=EDGE_CURVE('',#1446,#1378,#738,.T.);
#1777=EDGE_CURVE('',#1445,#1447,#739,.T.);
#1778=EDGE_CURVE('',#1447,#1379,#740,.T.);
#1779=EDGE_CURVE('',#1447,#1446,#741,.T.);
#1780=EDGE_CURVE('',#1383,#1448,#742,.T.);
#1781=EDGE_CURVE('',#1448,#1448,#542,.T.);
#1782=EDGE_CURVE('',#1449,#1450,#743,.T.);
#1783=EDGE_CURVE('',#1450,#1384,#744,.T.);
#1784=EDGE_CURVE('',#1449,#1397,#745,.T.);
#1785=EDGE_CURVE('',#1451,#1452,#746,.T.);
#1786=EDGE_CURVE('',#1452,#1449,#747,.T.);
#1787=EDGE_CURVE('',#1453,#1396,#748,.T.);
#1788=EDGE_CURVE('',#1453,#1451,#749,.T.);
#1789=EDGE_CURVE('',#1395,#1298,#510,.T.);
#1790=EDGE_CURVE('',#1298,#1453,#750,.T.);
#1791=EDGE_CURVE('',#1299,#1298,#543,.T.);
#1792=EDGE_CURVE('',#1299,#1394,#511,.T.);
#1793=EDGE_CURVE('',#1454,#1455,#751,.T.);
#1794=EDGE_CURVE('',#1456,#1454,#752,.T.);
#1795=EDGE_CURVE('',#1456,#1299,#753,.T.);
#1796=EDGE_CURVE('',#1455,#1393,#754,.T.);
#1797=EDGE_CURVE('',#1457,#1392,#755,.T.);
#1798=EDGE_CURVE('',#1457,#1455,#756,.T.);
#1799=EDGE_CURVE('',#1458,#1457,#757,.T.);
#1800=EDGE_CURVE('',#1459,#1300,#758,.T.);
#1801=EDGE_CURVE('',#1459,#1458,#759,.T.);
#1802=EDGE_CURVE('',#1295,#1460,#544,.T.);
#1803=EDGE_CURVE('',#1461,#1460,#760,.T.);
#1804=EDGE_CURVE('',#1294,#1461,#545,.T.);
#1805=EDGE_CURVE('',#1462,#1391,#761,.T.);
#1806=EDGE_CURVE('',#1297,#1462,#762,.T.);
#1807=EDGE_CURVE('',#1463,#1390,#763,.T.);
#1808=EDGE_CURVE('',#1464,#1463,#764,.T.);
#1809=EDGE_CURVE('',#1465,#1464,#765,.T.);
#1810=EDGE_CURVE('',#1466,#1465,#766,.T.);
#1811=EDGE_CURVE('',#1467,#1466,#767,.T.);
#1812=EDGE_CURVE('',#1468,#1467,#768,.T.);
#1813=EDGE_CURVE('',#1469,#1468,#769,.T.);
#1814=EDGE_CURVE('',#1470,#1469,#770,.T.);
#1815=EDGE_CURVE('',#1471,#1470,#771,.T.);
#1816=EDGE_CURVE('',#1472,#1471,#772,.T.);
#1817=EDGE_CURVE('',#1473,#1472,#773,.T.);
#1818=EDGE_CURVE('',#1474,#1473,#774,.T.);
#1819=EDGE_CURVE('',#1475,#1474,#775,.T.);
#1820=EDGE_CURVE('',#1476,#1475,#776,.T.);
#1821=EDGE_CURVE('',#1477,#1476,#777,.T.);
#1822=EDGE_CURVE('',#1478,#1477,#778,.T.);
#1823=EDGE_CURVE('',#1479,#1478,#779,.T.);
#1824=EDGE_CURVE('',#1480,#1479,#780,.T.);
#1825=EDGE_CURVE('',#1481,#1480,#781,.T.);
#1826=EDGE_CURVE('',#1482,#1481,#782,.T.);
#1827=EDGE_CURVE('',#1483,#1482,#783,.T.);
#1828=EDGE_CURVE('',#1484,#1483,#784,.T.);
#1829=EDGE_CURVE('',#1485,#1484,#785,.T.);
#1830=EDGE_CURVE('',#1486,#1485,#786,.T.);
#1831=EDGE_CURVE('',#1487,#1486,#787,.T.);
#1832=EDGE_CURVE('',#1488,#1487,#788,.T.);
#1833=EDGE_CURVE('',#1489,#1488,#789,.T.);
#1834=EDGE_CURVE('',#1490,#1489,#790,.T.);
#1835=EDGE_CURVE('',#1491,#1490,#791,.T.);
#1836=EDGE_CURVE('',#1492,#1491,#792,.T.);
#1837=EDGE_CURVE('',#1493,#1492,#793,.T.);
#1838=EDGE_CURVE('',#1494,#1493,#794,.T.);
#1839=EDGE_CURVE('',#1495,#1494,#795,.T.);
#1840=EDGE_CURVE('',#1496,#1495,#796,.T.);
#1841=EDGE_CURVE('',#1497,#1496,#797,.T.);
#1842=EDGE_CURVE('',#1498,#1497,#798,.T.);
#1843=EDGE_CURVE('',#1499,#1498,#799,.T.);
#1844=EDGE_CURVE('',#1499,#1462,#800,.T.);
#1845=EDGE_CURVE('',#1389,#1500,#801,.T.);
#1846=EDGE_CURVE('',#1500,#1463,#802,.T.);
#1847=EDGE_CURVE('',#1388,#1501,#803,.T.);
#1848=EDGE_CURVE('',#1501,#1502,#804,.T.);
#1849=EDGE_CURVE('',#1502,#1503,#805,.T.);
#1850=EDGE_CURVE('',#1503,#1504,#806,.T.);
#1851=EDGE_CURVE('',#1505,#1504,#807,.T.);
#1852=EDGE_CURVE('',#1505,#1506,#808,.T.);
#1853=EDGE_CURVE('',#1506,#1507,#809,.T.);
#1854=EDGE_CURVE('',#1507,#1508,#810,.T.);
#1855=EDGE_CURVE('',#1509,#1508,#811,.T.);
#1856=EDGE_CURVE('',#1509,#1510,#812,.T.);
#1857=EDGE_CURVE('',#1510,#1511,#813,.T.);
#1858=EDGE_CURVE('',#1511,#1512,#814,.T.);
#1859=EDGE_CURVE('',#1513,#1512,#815,.T.);
#1860=EDGE_CURVE('',#1513,#1514,#816,.T.);
#1861=EDGE_CURVE('',#1514,#1515,#817,.T.);
#1862=EDGE_CURVE('',#1515,#1516,#818,.T.);
#1863=EDGE_CURVE('',#1517,#1516,#819,.T.);
#1864=EDGE_CURVE('',#1517,#1518,#820,.T.);
#1865=EDGE_CURVE('',#1518,#1519,#821,.T.);
#1866=EDGE_CURVE('',#1519,#1520,#822,.T.);
#1867=EDGE_CURVE('',#1521,#1520,#823,.T.);
#1868=EDGE_CURVE('',#1521,#1522,#824,.T.);
#1869=EDGE_CURVE('',#1522,#1523,#825,.T.);
#1870=EDGE_CURVE('',#1523,#1524,#826,.T.);
#1871=EDGE_CURVE('',#1525,#1524,#827,.T.);
#1872=EDGE_CURVE('',#1525,#1526,#828,.T.);
#1873=EDGE_CURVE('',#1526,#1527,#829,.T.);
#1874=EDGE_CURVE('',#1527,#1528,#830,.T.);
#1875=EDGE_CURVE('',#1529,#1528,#831,.T.);
#1876=EDGE_CURVE('',#1529,#1530,#832,.T.);
#1877=EDGE_CURVE('',#1530,#1531,#833,.T.);
#1878=EDGE_CURVE('',#1531,#1532,#834,.T.);
#1879=EDGE_CURVE('',#1533,#1532,#835,.T.);
#1880=EDGE_CURVE('',#1533,#1534,#836,.T.);
#1881=EDGE_CURVE('',#1534,#1535,#837,.T.);
#1882=EDGE_CURVE('',#1535,#1500,#838,.T.);
#1883=EDGE_CURVE('',#1536,#1387,#839,.T.);
#1884=EDGE_CURVE('',#1501,#1536,#840,.T.);
#1885=EDGE_CURVE('',#1399,#1537,#841,.T.);
#1886=EDGE_CURVE('',#1537,#1538,#842,.T.);
#1887=EDGE_CURVE('',#1538,#1536,#843,.T.);
#1888=EDGE_CURVE('',#1398,#1450,#844,.T.);
#1889=EDGE_CURVE('',#1454,#1452,#546,.T.);
#1890=EDGE_CURVE('',#1539,#1458,#547,.T.);
#1891=EDGE_CURVE('',#1540,#1539,#845,.T.);
#1892=EDGE_CURVE('',#1541,#1540,#846,.T.);
#1893=EDGE_CURVE('',#1541,#1537,#847,.T.);
#1894=EDGE_CURVE('',#1542,#1421,#848,.T.);
#1895=EDGE_CURVE('',#1401,#1542,#849,.T.);
#1896=EDGE_CURVE('',#1402,#1543,#850,.T.);
#1897=EDGE_CURVE('',#1403,#1544,#851,.T.);
#1898=EDGE_CURVE('',#1544,#1543,#852,.T.);
#1899=EDGE_CURVE('',#1543,#1545,#853,.T.);
#1900=EDGE_CURVE('',#1404,#1545,#854,.T.);
#1901=EDGE_CURVE('',#1546,#1545,#855,.T.);
#1902=EDGE_CURVE('',#1405,#1546,#856,.T.);
#1903=EDGE_CURVE('',#1544,#1546,#857,.T.);
#1904=EDGE_CURVE('',#1406,#1547,#858,.T.);
#1905=EDGE_CURVE('',#1407,#1548,#859,.T.);
#1906=EDGE_CURVE('',#1548,#1547,#860,.T.);
#1907=EDGE_CURVE('',#1547,#1549,#861,.T.);
#1908=EDGE_CURVE('',#1408,#1549,#862,.T.);
#1909=EDGE_CURVE('',#1550,#1549,#863,.T.);
#1910=EDGE_CURVE('',#1409,#1550,#864,.T.);
#1911=EDGE_CURVE('',#1548,#1550,#865,.T.);
#1912=EDGE_CURVE('',#1412,#1414,#866,.T.);
#1913=EDGE_CURVE('',#1415,#1418,#867,.T.);
#1914=EDGE_CURVE('',#1542,#1433,#868,.T.);
#1915=EDGE_CURVE('',#1422,#1551,#869,.T.);
#1916=EDGE_CURVE('',#1551,#1552,#870,.T.);
#1917=EDGE_CURVE('',#1424,#1552,#871,.T.);
#1918=EDGE_CURVE('',#1553,#1426,#872,.T.);
#1919=EDGE_CURVE('',#1553,#1551,#873,.T.);
#1920=EDGE_CURVE('',#1554,#1425,#874,.T.);
#1921=EDGE_CURVE('',#1553,#1554,#875,.T.);
#1922=EDGE_CURVE('',#1554,#1552,#876,.T.);
#1923=EDGE_CURVE('',#1427,#1555,#877,.T.);
#1924=EDGE_CURVE('',#1555,#1555,#548,.T.);
#1925=EDGE_CURVE('',#1428,#1556,#878,.T.);
#1926=EDGE_CURVE('',#1556,#1556,#549,.T.);
#1927=EDGE_CURVE('',#1456,#1451,#550,.T.);
#1928=EDGE_CURVE('',#1456,#1451,#551,.T.);
#1929=EDGE_CURVE('',#1459,#1456,#552,.T.);
#1930=EDGE_CURVE('',#1451,#1557,#553,.T.);
#1931=EDGE_CURVE('',#1557,#1558,#554,.T.);
#1932=EDGE_CURVE('',#1558,#1539,#879,.T.);
#1933=EDGE_CURVE('',#1297,#1296,#555,.T.);
#1934=EDGE_CURVE('',#1461,#1558,#880,.T.);
#1935=EDGE_CURVE('',#1499,#1296,#881,.T.);
#1936=EDGE_CURVE('',#1305,#1498,#882,.T.);
#1937=EDGE_CURVE('',#1502,#1559,#883,.T.);
#1938=EDGE_CURVE('',#1559,#1460,#884,.T.);
#1939=EDGE_CURVE('',#1502,#1497,#885,.T.);
#1940=EDGE_CURVE('',#1540,#1559,#886,.T.);
#1941=EDGE_CURVE('',#1503,#1496,#887,.T.);
#1942=EDGE_CURVE('',#1504,#1495,#888,.T.);
#1943=EDGE_CURVE('',#1505,#1494,#889,.T.);
#1944=EDGE_CURVE('',#1506,#1493,#890,.T.);
#1945=EDGE_CURVE('',#1507,#1492,#891,.T.);
#1946=EDGE_CURVE('',#1508,#1491,#892,.T.);
#1947=EDGE_CURVE('',#1509,#1490,#893,.T.);
#1948=EDGE_CURVE('',#1510,#1489,#894,.T.);
#1949=EDGE_CURVE('',#1511,#1488,#895,.T.);
#1950=EDGE_CURVE('',#1512,#1487,#896,.T.);
#1951=EDGE_CURVE('',#1513,#1486,#897,.T.);
#1952=EDGE_CURVE('',#1514,#1485,#898,.T.);
#1953=EDGE_CURVE('',#1515,#1484,#899,.T.);
#1954=EDGE_CURVE('',#1516,#1483,#900,.T.);
#1955=EDGE_CURVE('',#1517,#1482,#901,.T.);
#1956=EDGE_CURVE('',#1518,#1481,#902,.T.);
#1957=EDGE_CURVE('',#1519,#1480,#903,.T.);
#1958=EDGE_CURVE('',#1520,#1479,#904,.T.);
#1959=EDGE_CURVE('',#1521,#1478,#905,.T.);
#1960=EDGE_CURVE('',#1522,#1477,#906,.T.);
#1961=EDGE_CURVE('',#1523,#1476,#907,.T.);
#1962=EDGE_CURVE('',#1524,#1475,#908,.T.);
#1963=EDGE_CURVE('',#1525,#1474,#909,.T.);
#1964=EDGE_CURVE('',#1526,#1473,#910,.T.);
#1965=EDGE_CURVE('',#1527,#1472,#911,.T.);
#1966=EDGE_CURVE('',#1528,#1471,#912,.T.);
#1967=EDGE_CURVE('',#1529,#1470,#913,.T.);
#1968=EDGE_CURVE('',#1530,#1469,#914,.T.);
#1969=EDGE_CURVE('',#1531,#1468,#915,.T.);
#1970=EDGE_CURVE('',#1532,#1467,#916,.T.);
#1971=EDGE_CURVE('',#1533,#1466,#917,.T.);
#1972=EDGE_CURVE('',#1534,#1465,#918,.T.);
#1973=EDGE_CURVE('',#1535,#1464,#919,.T.);
#1974=EDGE_CURVE('',#1501,#1560,#920,.T.);
#1975=EDGE_CURVE('',#1560,#1561,#921,.T.);
#1976=EDGE_CURVE('',#1561,#1502,#922,.T.);
#1977=EDGE_CURVE('',#1560,#1538,#923,.T.);
#1978=EDGE_CURVE('',#1541,#1560,#924,.T.);
#1979=ORIENTED_EDGE('',*,*,#1562,.F.);
#1980=ORIENTED_EDGE('',*,*,#1563,.F.);
#1981=ORIENTED_EDGE('',*,*,#1564,.F.);
#1982=ORIENTED_EDGE('',*,*,#1565,.F.);
#1983=ORIENTED_EDGE('',*,*,#1566,.F.);
#1984=ORIENTED_EDGE('',*,*,#1567,.F.);
#1985=ORIENTED_EDGE('',*,*,#1568,.T.);
#1986=ORIENTED_EDGE('',*,*,#1569,.F.);
#1987=ORIENTED_EDGE('',*,*,#1570,.T.);
#1988=ORIENTED_EDGE('',*,*,#1570,.F.);
#1989=ORIENTED_EDGE('',*,*,#1571,.F.);
#1990=ORIENTED_EDGE('',*,*,#1572,.T.);
#1991=ORIENTED_EDGE('',*,*,#1564,.T.);
#1992=ORIENTED_EDGE('',*,*,#1573,.F.);
#1993=ORIENTED_EDGE('',*,*,#1574,.T.);
#1994=ORIENTED_EDGE('',*,*,#1575,.T.);
#1995=ORIENTED_EDGE('',*,*,#1576,.T.);
#1996=ORIENTED_EDGE('',*,*,#1577,.F.);
#1997=ORIENTED_EDGE('',*,*,#1578,.F.);
#1998=ORIENTED_EDGE('',*,*,#1579,.T.);
#1999=ORIENTED_EDGE('',*,*,#1580,.F.);
#2000=ORIENTED_EDGE('',*,*,#1581,.T.);
#2001=ORIENTED_EDGE('',*,*,#1582,.T.);
#2002=ORIENTED_EDGE('',*,*,#1583,.F.);
#2003=ORIENTED_EDGE('',*,*,#1575,.F.);
#2004=ORIENTED_EDGE('',*,*,#1584,.F.);
#2005=ORIENTED_EDGE('',*,*,#1576,.F.);
#2006=ORIENTED_EDGE('',*,*,#1583,.T.);
#2007=ORIENTED_EDGE('',*,*,#1585,.T.);
#2008=ORIENTED_EDGE('',*,*,#1586,.F.);
#2009=ORIENTED_EDGE('',*,*,#1587,.F.);
#2010=ORIENTED_EDGE('',*,*,#1577,.T.);
#2011=ORIENTED_EDGE('',*,*,#1586,.T.);
#2012=ORIENTED_EDGE('',*,*,#1588,.F.);
#2013=ORIENTED_EDGE('',*,*,#1589,.F.);
#2014=ORIENTED_EDGE('',*,*,#1590,.F.);
#2015=ORIENTED_EDGE('',*,*,#1591,.T.);
#2016=ORIENTED_EDGE('',*,*,#1592,.T.);
#2017=ORIENTED_EDGE('',*,*,#1593,.F.);
#2018=ORIENTED_EDGE('',*,*,#1594,.T.);
#2019=ORIENTED_EDGE('',*,*,#1595,.F.);
#2020=ORIENTED_EDGE('',*,*,#1596,.T.);
#2021=ORIENTED_EDGE('',*,*,#1597,.F.);
#2022=ORIENTED_EDGE('',*,*,#1598,.F.);
#2023=ORIENTED_EDGE('',*,*,#1599,.T.);
#2024=ORIENTED_EDGE('',*,*,#1600,.F.);
#2025=ORIENTED_EDGE('',*,*,#1601,.T.);
#2026=ORIENTED_EDGE('',*,*,#1602,.T.);
#2027=ORIENTED_EDGE('',*,*,#1581,.F.);
#2028=ORIENTED_EDGE('',*,*,#1603,.F.);
#2029=ORIENTED_EDGE('',*,*,#1604,.T.);
#2030=ORIENTED_EDGE('',*,*,#1605,.T.);
#2031=ORIENTED_EDGE('',*,*,#1606,.T.);
#2032=ORIENTED_EDGE('',*,*,#1607,.T.);
#2033=ORIENTED_EDGE('',*,*,#1608,.F.);
#2034=ORIENTED_EDGE('',*,*,#1609,.F.);
#2035=ORIENTED_EDGE('',*,*,#1610,.F.);
#2036=ORIENTED_EDGE('',*,*,#1578,.T.);
#2037=ORIENTED_EDGE('',*,*,#1611,.F.);
#2038=ORIENTED_EDGE('',*,*,#1612,.T.);
#2039=ORIENTED_EDGE('',*,*,#1613,.T.);
#2040=ORIENTED_EDGE('',*,*,#1614,.T.);
#2041=ORIENTED_EDGE('',*,*,#1615,.T.);
#2042=ORIENTED_EDGE('',*,*,#1616,.F.);
#2043=ORIENTED_EDGE('',*,*,#1617,.F.);
#2044=ORIENTED_EDGE('',*,*,#1618,.F.);
#2045=ORIENTED_EDGE('',*,*,#1619,.F.);
#2046=ORIENTED_EDGE('',*,*,#1620,.F.);
#2047=ORIENTED_EDGE('',*,*,#1621,.F.);
#2048=ORIENTED_EDGE('',*,*,#1622,.F.);
#2049=ORIENTED_EDGE('',*,*,#1623,.T.);
#2050=ORIENTED_EDGE('',*,*,#1579,.F.);
#2051=ORIENTED_EDGE('',*,*,#1610,.T.);
#2052=ORIENTED_EDGE('',*,*,#1623,.F.);
#2053=ORIENTED_EDGE('',*,*,#1624,.F.);
#2054=ORIENTED_EDGE('',*,*,#1625,.T.);
#2055=ORIENTED_EDGE('',*,*,#1626,.T.);
#2056=ORIENTED_EDGE('',*,*,#1580,.T.);
#2057=ORIENTED_EDGE('',*,*,#1582,.F.);
#2058=ORIENTED_EDGE('',*,*,#1627,.T.);
#2059=ORIENTED_EDGE('',*,*,#1588,.T.);
#2060=ORIENTED_EDGE('',*,*,#1585,.F.);
#2061=ORIENTED_EDGE('',*,*,#1628,.F.);
#2062=ORIENTED_EDGE('',*,*,#1603,.T.);
#2063=ORIENTED_EDGE('',*,*,#1584,.T.);
#2064=ORIENTED_EDGE('',*,*,#1626,.F.);
#2065=ORIENTED_EDGE('',*,*,#1629,.F.);
#2066=ORIENTED_EDGE('',*,*,#1630,.T.);
#2067=ORIENTED_EDGE('',*,*,#1589,.T.);
#2068=ORIENTED_EDGE('',*,*,#1587,.T.);
#2069=ORIENTED_EDGE('',*,*,#1631,.F.);
#2070=ORIENTED_EDGE('',*,*,#1609,.T.);
#2071=ORIENTED_EDGE('',*,*,#1632,.F.);
#2072=ORIENTED_EDGE('',*,*,#1633,.F.);
#2073=ORIENTED_EDGE('',*,*,#1608,.T.);
#2074=ORIENTED_EDGE('',*,*,#1634,.T.);
#2075=ORIENTED_EDGE('',*,*,#1635,.T.);
#2076=ORIENTED_EDGE('',*,*,#1636,.T.);
#2077=ORIENTED_EDGE('',*,*,#1637,.T.);
#2078=ORIENTED_EDGE('',*,*,#1634,.F.);
#2079=ORIENTED_EDGE('',*,*,#1607,.F.);
#2080=ORIENTED_EDGE('',*,*,#1606,.F.);
#2081=ORIENTED_EDGE('',*,*,#1638,.T.);
#2082=ORIENTED_EDGE('',*,*,#1639,.F.);
#2083=ORIENTED_EDGE('',*,*,#1636,.F.);
#2084=ORIENTED_EDGE('',*,*,#1605,.F.);
#2085=ORIENTED_EDGE('',*,*,#1640,.T.);
#2086=ORIENTED_EDGE('',*,*,#1628,.T.);
#2087=ORIENTED_EDGE('',*,*,#1625,.F.);
#2088=ORIENTED_EDGE('',*,*,#1641,.T.);
#2089=ORIENTED_EDGE('',*,*,#1604,.F.);
#2090=ORIENTED_EDGE('',*,*,#1642,.F.);
#2091=ORIENTED_EDGE('',*,*,#1643,.T.);
#2092=ORIENTED_EDGE('',*,*,#1644,.T.);
#2093=ORIENTED_EDGE('',*,*,#1631,.T.);
#2094=ORIENTED_EDGE('',*,*,#1627,.F.);
#2095=ORIENTED_EDGE('',*,*,#1602,.F.);
#2096=ORIENTED_EDGE('',*,*,#1645,.T.);
#2097=ORIENTED_EDGE('',*,*,#1646,.T.);
#2098=ORIENTED_EDGE('',*,*,#1647,.F.);
#2099=ORIENTED_EDGE('',*,*,#1648,.F.);
#2100=ORIENTED_EDGE('',*,*,#1649,.T.);
#2101=ORIENTED_EDGE('',*,*,#1650,.T.);
#2102=ORIENTED_EDGE('',*,*,#1651,.F.);
#2103=ORIENTED_EDGE('',*,*,#1652,.F.);
#2104=ORIENTED_EDGE('',*,*,#1642,.T.);
#2105=ORIENTED_EDGE('',*,*,#1601,.F.);
#2106=ORIENTED_EDGE('',*,*,#1653,.T.);
#2107=ORIENTED_EDGE('',*,*,#1654,.F.);
#2108=ORIENTED_EDGE('',*,*,#1655,.F.);
#2109=ORIENTED_EDGE('',*,*,#1591,.F.);
#2110=ORIENTED_EDGE('',*,*,#1656,.F.);
#2111=ORIENTED_EDGE('',*,*,#1657,.T.);
#2112=ORIENTED_EDGE('',*,*,#1653,.F.);
#2113=ORIENTED_EDGE('',*,*,#1600,.T.);
#2114=ORIENTED_EDGE('',*,*,#1658,.F.);
#2115=ORIENTED_EDGE('',*,*,#1659,.F.);
#2116=ORIENTED_EDGE('',*,*,#1660,.T.);
#2117=ORIENTED_EDGE('',*,*,#1661,.F.);
#2118=ORIENTED_EDGE('',*,*,#1662,.T.);
#2119=ORIENTED_EDGE('',*,*,#1663,.T.);
#2120=ORIENTED_EDGE('',*,*,#1664,.F.);
#2121=ORIENTED_EDGE('',*,*,#1599,.F.);
#2122=ORIENTED_EDGE('',*,*,#1665,.F.);
#2123=ORIENTED_EDGE('',*,*,#1666,.F.);
#2124=ORIENTED_EDGE('',*,*,#1667,.F.);
#2125=ORIENTED_EDGE('',*,*,#1668,.F.);
#2126=ORIENTED_EDGE('',*,*,#1669,.F.);
#2127=ORIENTED_EDGE('',*,*,#1670,.F.);
#2128=ORIENTED_EDGE('',*,*,#1660,.F.);
#2129=ORIENTED_EDGE('',*,*,#1598,.T.);
#2130=ORIENTED_EDGE('',*,*,#1671,.T.);
#2131=ORIENTED_EDGE('',*,*,#1672,.F.);
#2132=ORIENTED_EDGE('',*,*,#1671,.F.);
#2133=ORIENTED_EDGE('',*,*,#1597,.T.);
#2134=ORIENTED_EDGE('',*,*,#1673,.F.);
#2135=ORIENTED_EDGE('',*,*,#1674,.T.);
#2136=ORIENTED_EDGE('',*,*,#1675,.T.);
#2137=ORIENTED_EDGE('',*,*,#1676,.F.);
#2138=ORIENTED_EDGE('',*,*,#1677,.T.);
#2139=ORIENTED_EDGE('',*,*,#1678,.T.);
#2140=ORIENTED_EDGE('',*,*,#1596,.F.);
#2141=ORIENTED_EDGE('',*,*,#1595,.T.);
#2142=ORIENTED_EDGE('',*,*,#1679,.T.);
#2143=ORIENTED_EDGE('',*,*,#1680,.T.);
#2144=ORIENTED_EDGE('',*,*,#1681,.T.);
#2145=ORIENTED_EDGE('',*,*,#1682,.T.);
#2146=ORIENTED_EDGE('',*,*,#1683,.F.);
#2147=ORIENTED_EDGE('',*,*,#1684,.T.);
#2148=ORIENTED_EDGE('',*,*,#1685,.T.);
#2149=ORIENTED_EDGE('',*,*,#1571,.T.);
#2150=ORIENTED_EDGE('',*,*,#1569,.T.);
#2151=ORIENTED_EDGE('',*,*,#1686,.T.);
#2152=ORIENTED_EDGE('',*,*,#1687,.T.);
#2153=ORIENTED_EDGE('',*,*,#1688,.F.);
#2154=ORIENTED_EDGE('',*,*,#1689,.T.);
#2155=ORIENTED_EDGE('',*,*,#1690,.F.);
#2156=ORIENTED_EDGE('',*,*,#1691,.T.);
#2157=ORIENTED_EDGE('',*,*,#1692,.T.);
#2158=ORIENTED_EDGE('',*,*,#1693,.T.);
#2159=ORIENTED_EDGE('',*,*,#1694,.T.);
#2160=ORIENTED_EDGE('',*,*,#1695,.T.);
#2161=ORIENTED_EDGE('',*,*,#1679,.F.);
#2162=ORIENTED_EDGE('',*,*,#1594,.F.);
#2163=ORIENTED_EDGE('',*,*,#1658,.T.);
#2164=ORIENTED_EDGE('',*,*,#1696,.T.);
#2165=ORIENTED_EDGE('',*,*,#1677,.F.);
#2166=ORIENTED_EDGE('',*,*,#1697,.T.);
#2167=ORIENTED_EDGE('',*,*,#1593,.T.);
#2168=ORIENTED_EDGE('',*,*,#1698,.F.);
#2169=ORIENTED_EDGE('',*,*,#1699,.T.);
#2170=ORIENTED_EDGE('',*,*,#1655,.T.);
#2171=ORIENTED_EDGE('',*,*,#1700,.T.);
#2172=ORIENTED_EDGE('',*,*,#1698,.T.);
#2173=ORIENTED_EDGE('',*,*,#1592,.F.);
#2174=ORIENTED_EDGE('',*,*,#1656,.T.);
#2175=ORIENTED_EDGE('',*,*,#1590,.T.);
#2176=ORIENTED_EDGE('',*,*,#1630,.F.);
#2177=ORIENTED_EDGE('',*,*,#1701,.F.);
#2178=ORIENTED_EDGE('',*,*,#1702,.F.);
#2179=ORIENTED_EDGE('',*,*,#1703,.F.);
#2180=ORIENTED_EDGE('',*,*,#1704,.T.);
#2181=ORIENTED_EDGE('',*,*,#1705,.T.);
#2182=ORIENTED_EDGE('',*,*,#1706,.F.);
#2183=ORIENTED_EDGE('',*,*,#1707,.F.);
#2184=ORIENTED_EDGE('',*,*,#1708,.T.);
#2185=ORIENTED_EDGE('',*,*,#1709,.T.);
#2186=ORIENTED_EDGE('',*,*,#1710,.F.);
#2187=ORIENTED_EDGE('',*,*,#1711,.F.);
#2188=ORIENTED_EDGE('',*,*,#1712,.T.);
#2189=ORIENTED_EDGE('',*,*,#1611,.T.);
#2190=ORIENTED_EDGE('',*,*,#1712,.F.);
#2191=ORIENTED_EDGE('',*,*,#1713,.T.);
#2192=ORIENTED_EDGE('',*,*,#1714,.F.);
#2193=ORIENTED_EDGE('',*,*,#1715,.T.);
#2194=ORIENTED_EDGE('',*,*,#1612,.F.);
#2195=ORIENTED_EDGE('',*,*,#1713,.F.);
#2196=ORIENTED_EDGE('',*,*,#1619,.T.);
#2197=ORIENTED_EDGE('',*,*,#1716,.T.);
#2198=ORIENTED_EDGE('',*,*,#1717,.F.);
#2199=ORIENTED_EDGE('',*,*,#1613,.F.);
#2200=ORIENTED_EDGE('',*,*,#1718,.T.);
#2201=ORIENTED_EDGE('',*,*,#1719,.F.);
#2202=ORIENTED_EDGE('',*,*,#1720,.T.);
#2203=ORIENTED_EDGE('',*,*,#1716,.F.);
#2204=ORIENTED_EDGE('',*,*,#1618,.T.);
#2205=ORIENTED_EDGE('',*,*,#1614,.F.);
#2206=ORIENTED_EDGE('',*,*,#1721,.T.);
#2207=ORIENTED_EDGE('',*,*,#1722,.F.);
#2208=ORIENTED_EDGE('',*,*,#1723,.F.);
#2209=ORIENTED_EDGE('',*,*,#1617,.T.);
#2210=ORIENTED_EDGE('',*,*,#1724,.F.);
#2211=ORIENTED_EDGE('',*,*,#1723,.T.);
#2212=ORIENTED_EDGE('',*,*,#1725,.T.);
#2213=ORIENTED_EDGE('',*,*,#1726,.F.);
#2214=ORIENTED_EDGE('',*,*,#1615,.F.);
#2215=ORIENTED_EDGE('',*,*,#1727,.F.);
#2216=ORIENTED_EDGE('',*,*,#1616,.T.);
#2217=ORIENTED_EDGE('',*,*,#1726,.T.);
#2218=ORIENTED_EDGE('',*,*,#1728,.T.);
#2219=ORIENTED_EDGE('',*,*,#1729,.F.);
#2220=ORIENTED_EDGE('',*,*,#1730,.T.);
#2221=ORIENTED_EDGE('',*,*,#1620,.T.);
#2222=ORIENTED_EDGE('',*,*,#1730,.F.);
#2223=ORIENTED_EDGE('',*,*,#1731,.F.);
#2224=ORIENTED_EDGE('',*,*,#1732,.T.);
#2225=ORIENTED_EDGE('',*,*,#1621,.T.);
#2226=ORIENTED_EDGE('',*,*,#1732,.F.);
#2227=ORIENTED_EDGE('',*,*,#1641,.F.);
#2228=ORIENTED_EDGE('',*,*,#1624,.T.);
#2229=ORIENTED_EDGE('',*,*,#1622,.T.);
#2230=ORIENTED_EDGE('',*,*,#1632,.T.);
#2231=ORIENTED_EDGE('',*,*,#1633,.T.);
#2232=ORIENTED_EDGE('',*,*,#1733,.F.);
#2233=ORIENTED_EDGE('',*,*,#1638,.F.);
#2234=ORIENTED_EDGE('',*,*,#1640,.F.);
#2235=ORIENTED_EDGE('',*,*,#1734,.F.);
#2236=ORIENTED_EDGE('',*,*,#1735,.F.);
#2237=ORIENTED_EDGE('',*,*,#1629,.T.);
#2238=ORIENTED_EDGE('',*,*,#1736,.T.);
#2239=ORIENTED_EDGE('',*,*,#1737,.F.);
#2240=ORIENTED_EDGE('',*,*,#1738,.F.);
#2241=ORIENTED_EDGE('',*,*,#1739,.T.);
#2242=ORIENTED_EDGE('',*,*,#1740,.T.);
#2243=ORIENTED_EDGE('',*,*,#1635,.F.);
#2244=ORIENTED_EDGE('',*,*,#1637,.F.);
#2245=ORIENTED_EDGE('',*,*,#1639,.T.);
#2246=ORIENTED_EDGE('',*,*,#1733,.T.);
#2247=ORIENTED_EDGE('',*,*,#1702,.T.);
#2248=ORIENTED_EDGE('',*,*,#1741,.T.);
#2249=ORIENTED_EDGE('',*,*,#1643,.F.);
#2250=ORIENTED_EDGE('',*,*,#1657,.F.);
#2251=ORIENTED_EDGE('',*,*,#1742,.T.);
#2252=ORIENTED_EDGE('',*,*,#1743,.T.);
#2253=ORIENTED_EDGE('',*,*,#1744,.F.);
#2254=ORIENTED_EDGE('',*,*,#1745,.T.);
#2255=ORIENTED_EDGE('',*,*,#1746,.T.);
#2256=ORIENTED_EDGE('',*,*,#1747,.F.);
#2257=ORIENTED_EDGE('',*,*,#1711,.T.);
#2258=ORIENTED_EDGE('',*,*,#1729,.T.);
#2259=ORIENTED_EDGE('',*,*,#1731,.T.);
#2260=ORIENTED_EDGE('',*,*,#1644,.F.);
#2261=ORIENTED_EDGE('',*,*,#1748,.T.);
#2262=ORIENTED_EDGE('',*,*,#1749,.T.);
#2263=ORIENTED_EDGE('',*,*,#1736,.F.);
#2264=ORIENTED_EDGE('',*,*,#1750,.F.);
#2265=ORIENTED_EDGE('',*,*,#1751,.F.);
#2266=ORIENTED_EDGE('',*,*,#1752,.T.);
#2267=ORIENTED_EDGE('',*,*,#1645,.F.);
#2268=ORIENTED_EDGE('',*,*,#1750,.T.);
#2269=ORIENTED_EDGE('',*,*,#1648,.T.);
#2270=ORIENTED_EDGE('',*,*,#1753,.F.);
#2271=ORIENTED_EDGE('',*,*,#1754,.F.);
#2272=ORIENTED_EDGE('',*,*,#1753,.T.);
#2273=ORIENTED_EDGE('',*,*,#1647,.T.);
#2274=ORIENTED_EDGE('',*,*,#1755,.F.);
#2275=ORIENTED_EDGE('',*,*,#1756,.T.);
#2276=ORIENTED_EDGE('',*,*,#1752,.F.);
#2277=ORIENTED_EDGE('',*,*,#1757,.T.);
#2278=ORIENTED_EDGE('',*,*,#1755,.T.);
#2279=ORIENTED_EDGE('',*,*,#1646,.F.);
#2280=ORIENTED_EDGE('',*,*,#1758,.F.);
#2281=ORIENTED_EDGE('',*,*,#1759,.F.);
#2282=ORIENTED_EDGE('',*,*,#1760,.T.);
#2283=ORIENTED_EDGE('',*,*,#1649,.F.);
#2284=ORIENTED_EDGE('',*,*,#1758,.T.);
#2285=ORIENTED_EDGE('',*,*,#1652,.T.);
#2286=ORIENTED_EDGE('',*,*,#1761,.F.);
#2287=ORIENTED_EDGE('',*,*,#1762,.F.);
#2288=ORIENTED_EDGE('',*,*,#1761,.T.);
#2289=ORIENTED_EDGE('',*,*,#1651,.T.);
#2290=ORIENTED_EDGE('',*,*,#1763,.F.);
#2291=ORIENTED_EDGE('',*,*,#1764,.T.);
#2292=ORIENTED_EDGE('',*,*,#1760,.F.);
#2293=ORIENTED_EDGE('',*,*,#1765,.T.);
#2294=ORIENTED_EDGE('',*,*,#1763,.T.);
#2295=ORIENTED_EDGE('',*,*,#1650,.F.);
#2296=ORIENTED_EDGE('',*,*,#1700,.F.);
#2297=ORIENTED_EDGE('',*,*,#1654,.T.);
#2298=ORIENTED_EDGE('',*,*,#1659,.T.);
#2299=ORIENTED_EDGE('',*,*,#1699,.F.);
#2300=ORIENTED_EDGE('',*,*,#1766,.F.);
#2301=ORIENTED_EDGE('',*,*,#1661,.T.);
#2302=ORIENTED_EDGE('',*,*,#1672,.T.);
#2303=ORIENTED_EDGE('',*,*,#1674,.F.);
#2304=ORIENTED_EDGE('',*,*,#1662,.F.);
#2305=ORIENTED_EDGE('',*,*,#1766,.T.);
#2306=ORIENTED_EDGE('',*,*,#1673,.T.);
#2307=ORIENTED_EDGE('',*,*,#1678,.F.);
#2308=ORIENTED_EDGE('',*,*,#1767,.F.);
#2309=ORIENTED_EDGE('',*,*,#1664,.T.);
#2310=ORIENTED_EDGE('',*,*,#1663,.F.);
#2311=ORIENTED_EDGE('',*,*,#1767,.T.);
#2312=ORIENTED_EDGE('',*,*,#1696,.F.);
#2313=ORIENTED_EDGE('',*,*,#1768,.F.);
#2314=ORIENTED_EDGE('',*,*,#1769,.T.);
#2315=ORIENTED_EDGE('',*,*,#1665,.T.);
#2316=ORIENTED_EDGE('',*,*,#1770,.F.);
#2317=ORIENTED_EDGE('',*,*,#1771,.F.);
#2318=ORIENTED_EDGE('',*,*,#1772,.T.);
#2319=ORIENTED_EDGE('',*,*,#1666,.T.);
#2320=ORIENTED_EDGE('',*,*,#1769,.F.);
#2321=ORIENTED_EDGE('',*,*,#1773,.F.);
#2322=ORIENTED_EDGE('',*,*,#1770,.T.);
#2323=ORIENTED_EDGE('',*,*,#1670,.T.);
#2324=ORIENTED_EDGE('',*,*,#1774,.F.);
#2325=ORIENTED_EDGE('',*,*,#1775,.F.);
#2326=ORIENTED_EDGE('',*,*,#1776,.T.);
#2327=ORIENTED_EDGE('',*,*,#1667,.T.);
#2328=ORIENTED_EDGE('',*,*,#1772,.F.);
#2329=ORIENTED_EDGE('',*,*,#1777,.F.);
#2330=ORIENTED_EDGE('',*,*,#1774,.T.);
#2331=ORIENTED_EDGE('',*,*,#1669,.T.);
#2332=ORIENTED_EDGE('',*,*,#1778,.F.);
#2333=ORIENTED_EDGE('',*,*,#1779,.F.);
#2334=ORIENTED_EDGE('',*,*,#1778,.T.);
#2335=ORIENTED_EDGE('',*,*,#1668,.T.);
#2336=ORIENTED_EDGE('',*,*,#1776,.F.);
#2337=ORIENTED_EDGE('',*,*,#1675,.F.);
#2338=ORIENTED_EDGE('',*,*,#1780,.T.);
#2339=ORIENTED_EDGE('',*,*,#1781,.T.);
#2340=ORIENTED_EDGE('',*,*,#1780,.F.);
#2341=ORIENTED_EDGE('',*,*,#1782,.T.);
#2342=ORIENTED_EDGE('',*,*,#1783,.T.);
#2343=ORIENTED_EDGE('',*,*,#1676,.T.);
#2344=ORIENTED_EDGE('',*,*,#1692,.F.);
#2345=ORIENTED_EDGE('',*,*,#1784,.F.);
#2346=ORIENTED_EDGE('',*,*,#1785,.T.);
#2347=ORIENTED_EDGE('',*,*,#1786,.T.);
#2348=ORIENTED_EDGE('',*,*,#1784,.T.);
#2349=ORIENTED_EDGE('',*,*,#1691,.F.);
#2350=ORIENTED_EDGE('',*,*,#1787,.F.);
#2351=ORIENTED_EDGE('',*,*,#1788,.T.);
#2352=ORIENTED_EDGE('',*,*,#1789,.T.);
#2353=ORIENTED_EDGE('',*,*,#1790,.T.);
#2354=ORIENTED_EDGE('',*,*,#1787,.T.);
#2355=ORIENTED_EDGE('',*,*,#1690,.T.);
#2356=ORIENTED_EDGE('',*,*,#1791,.T.);
#2357=ORIENTED_EDGE('',*,*,#1789,.F.);
#2358=ORIENTED_EDGE('',*,*,#1689,.F.);
#2359=ORIENTED_EDGE('',*,*,#1792,.F.);
#2360=ORIENTED_EDGE('',*,*,#1793,.F.);
#2361=ORIENTED_EDGE('',*,*,#1794,.F.);
#2362=ORIENTED_EDGE('',*,*,#1795,.T.);
#2363=ORIENTED_EDGE('',*,*,#1792,.T.);
#2364=ORIENTED_EDGE('',*,*,#1688,.T.);
#2365=ORIENTED_EDGE('',*,*,#1796,.F.);
#2366=ORIENTED_EDGE('',*,*,#1797,.F.);
#2367=ORIENTED_EDGE('',*,*,#1798,.T.);
#2368=ORIENTED_EDGE('',*,*,#1796,.T.);
#2369=ORIENTED_EDGE('',*,*,#1687,.F.);
#2370=ORIENTED_EDGE('',*,*,#1799,.T.);
#2371=ORIENTED_EDGE('',*,*,#1797,.T.);
#2372=ORIENTED_EDGE('',*,*,#1686,.F.);
#2373=ORIENTED_EDGE('',*,*,#1568,.F.);
#2374=ORIENTED_EDGE('',*,*,#1800,.F.);
#2375=ORIENTED_EDGE('',*,*,#1801,.T.);
#2376=ORIENTED_EDGE('',*,*,#1562,.T.);
#2377=ORIENTED_EDGE('',*,*,#1802,.T.);
#2378=ORIENTED_EDGE('',*,*,#1803,.F.);
#2379=ORIENTED_EDGE('',*,*,#1804,.F.);
#2380=ORIENTED_EDGE('',*,*,#1572,.F.);
#2381=ORIENTED_EDGE('',*,*,#1685,.F.);
#2382=ORIENTED_EDGE('',*,*,#1805,.F.);
#2383=ORIENTED_EDGE('',*,*,#1806,.F.);
#2384=ORIENTED_EDGE('',*,*,#1684,.F.);
#2385=ORIENTED_EDGE('',*,*,#1807,.F.);
#2386=ORIENTED_EDGE('',*,*,#1808,.F.);
#2387=ORIENTED_EDGE('',*,*,#1809,.F.);
#2388=ORIENTED_EDGE('',*,*,#1810,.F.);
#2389=ORIENTED_EDGE('',*,*,#1811,.F.);
#2390=ORIENTED_EDGE('',*,*,#1812,.F.);
#2391=ORIENTED_EDGE('',*,*,#1813,.F.);
#2392=ORIENTED_EDGE('',*,*,#1814,.F.);
#2393=ORIENTED_EDGE('',*,*,#1815,.F.);
#2394=ORIENTED_EDGE('',*,*,#1816,.F.);
#2395=ORIENTED_EDGE('',*,*,#1817,.F.);
#2396=ORIENTED_EDGE('',*,*,#1818,.F.);
#2397=ORIENTED_EDGE('',*,*,#1819,.F.);
#2398=ORIENTED_EDGE('',*,*,#1820,.F.);
#2399=ORIENTED_EDGE('',*,*,#1821,.F.);
#2400=ORIENTED_EDGE('',*,*,#1822,.F.);
#2401=ORIENTED_EDGE('',*,*,#1823,.F.);
#2402=ORIENTED_EDGE('',*,*,#1824,.F.);
#2403=ORIENTED_EDGE('',*,*,#1825,.F.);
#2404=ORIENTED_EDGE('',*,*,#1826,.F.);
#2405=ORIENTED_EDGE('',*,*,#1827,.F.);
#2406=ORIENTED_EDGE('',*,*,#1828,.F.);
#2407=ORIENTED_EDGE('',*,*,#1829,.F.);
#2408=ORIENTED_EDGE('',*,*,#1830,.F.);
#2409=ORIENTED_EDGE('',*,*,#1831,.F.);
#2410=ORIENTED_EDGE('',*,*,#1832,.F.);
#2411=ORIENTED_EDGE('',*,*,#1833,.F.);
#2412=ORIENTED_EDGE('',*,*,#1834,.F.);
#2413=ORIENTED_EDGE('',*,*,#1835,.F.);
#2414=ORIENTED_EDGE('',*,*,#1836,.F.);
#2415=ORIENTED_EDGE('',*,*,#1837,.F.);
#2416=ORIENTED_EDGE('',*,*,#1838,.F.);
#2417=ORIENTED_EDGE('',*,*,#1839,.F.);
#2418=ORIENTED_EDGE('',*,*,#1840,.F.);
#2419=ORIENTED_EDGE('',*,*,#1841,.F.);
#2420=ORIENTED_EDGE('',*,*,#1842,.F.);
#2421=ORIENTED_EDGE('',*,*,#1843,.F.);
#2422=ORIENTED_EDGE('',*,*,#1844,.T.);
#2423=ORIENTED_EDGE('',*,*,#1805,.T.);
#2424=ORIENTED_EDGE('',*,*,#1845,.T.);
#2425=ORIENTED_EDGE('',*,*,#1846,.T.);
#2426=ORIENTED_EDGE('',*,*,#1807,.T.);
#2427=ORIENTED_EDGE('',*,*,#1683,.T.);
#2428=ORIENTED_EDGE('',*,*,#1682,.F.);
#2429=ORIENTED_EDGE('',*,*,#1847,.T.);
#2430=ORIENTED_EDGE('',*,*,#1848,.T.);
#2431=ORIENTED_EDGE('',*,*,#1849,.T.);
#2432=ORIENTED_EDGE('',*,*,#1850,.T.);
#2433=ORIENTED_EDGE('',*,*,#1851,.F.);
#2434=ORIENTED_EDGE('',*,*,#1852,.T.);
#2435=ORIENTED_EDGE('',*,*,#1853,.T.);
#2436=ORIENTED_EDGE('',*,*,#1854,.T.);
#2437=ORIENTED_EDGE('',*,*,#1855,.F.);
#2438=ORIENTED_EDGE('',*,*,#1856,.T.);
#2439=ORIENTED_EDGE('',*,*,#1857,.T.);
#2440=ORIENTED_EDGE('',*,*,#1858,.T.);
#2441=ORIENTED_EDGE('',*,*,#1859,.F.);
#2442=ORIENTED_EDGE('',*,*,#1860,.T.);
#2443=ORIENTED_EDGE('',*,*,#1861,.T.);
#2444=ORIENTED_EDGE('',*,*,#1862,.T.);
#2445=ORIENTED_EDGE('',*,*,#1863,.F.);
#2446=ORIENTED_EDGE('',*,*,#1864,.T.);
#2447=ORIENTED_EDGE('',*,*,#1865,.T.);
#2448=ORIENTED_EDGE('',*,*,#1866,.T.);
#2449=ORIENTED_EDGE('',*,*,#1867,.F.);
#2450=ORIENTED_EDGE('',*,*,#1868,.T.);
#2451=ORIENTED_EDGE('',*,*,#1869,.T.);
#2452=ORIENTED_EDGE('',*,*,#1870,.T.);
#2453=ORIENTED_EDGE('',*,*,#1871,.F.);
#2454=ORIENTED_EDGE('',*,*,#1872,.T.);
#2455=ORIENTED_EDGE('',*,*,#1873,.T.);
#2456=ORIENTED_EDGE('',*,*,#1874,.T.);
#2457=ORIENTED_EDGE('',*,*,#1875,.F.);
#2458=ORIENTED_EDGE('',*,*,#1876,.T.);
#2459=ORIENTED_EDGE('',*,*,#1877,.T.);
#2460=ORIENTED_EDGE('',*,*,#1878,.T.);
#2461=ORIENTED_EDGE('',*,*,#1879,.F.);
#2462=ORIENTED_EDGE('',*,*,#1880,.T.);
#2463=ORIENTED_EDGE('',*,*,#1881,.T.);
#2464=ORIENTED_EDGE('',*,*,#1882,.T.);
#2465=ORIENTED_EDGE('',*,*,#1845,.F.);
#2466=ORIENTED_EDGE('',*,*,#1847,.F.);
#2467=ORIENTED_EDGE('',*,*,#1681,.F.);
#2468=ORIENTED_EDGE('',*,*,#1883,.F.);
#2469=ORIENTED_EDGE('',*,*,#1884,.F.);
#2470=ORIENTED_EDGE('',*,*,#1680,.F.);
#2471=ORIENTED_EDGE('',*,*,#1695,.F.);
#2472=ORIENTED_EDGE('',*,*,#1885,.T.);
#2473=ORIENTED_EDGE('',*,*,#1886,.T.);
#2474=ORIENTED_EDGE('',*,*,#1887,.T.);
#2475=ORIENTED_EDGE('',*,*,#1883,.T.);
#2476=ORIENTED_EDGE('',*,*,#1783,.F.);
#2477=ORIENTED_EDGE('',*,*,#1888,.F.);
#2478=ORIENTED_EDGE('',*,*,#1693,.F.);
#2479=ORIENTED_EDGE('',*,*,#1697,.F.);
#2480=ORIENTED_EDGE('',*,*,#1782,.F.);
#2481=ORIENTED_EDGE('',*,*,#1786,.F.);
#2482=ORIENTED_EDGE('',*,*,#1889,.F.);
#2483=ORIENTED_EDGE('',*,*,#1793,.T.);
#2484=ORIENTED_EDGE('',*,*,#1798,.F.);
#2485=ORIENTED_EDGE('',*,*,#1799,.F.);
#2486=ORIENTED_EDGE('',*,*,#1890,.F.);
#2487=ORIENTED_EDGE('',*,*,#1891,.F.);
#2488=ORIENTED_EDGE('',*,*,#1892,.F.);
#2489=ORIENTED_EDGE('',*,*,#1893,.T.);
#2490=ORIENTED_EDGE('',*,*,#1885,.F.);
#2491=ORIENTED_EDGE('',*,*,#1694,.F.);
#2492=ORIENTED_EDGE('',*,*,#1888,.T.);
#2493=ORIENTED_EDGE('',*,*,#1701,.T.);
#2494=ORIENTED_EDGE('',*,*,#1735,.T.);
#2495=ORIENTED_EDGE('',*,*,#1894,.F.);
#2496=ORIENTED_EDGE('',*,*,#1895,.F.);
#2497=ORIENTED_EDGE('',*,*,#1896,.F.);
#2498=ORIENTED_EDGE('',*,*,#1703,.T.);
#2499=ORIENTED_EDGE('',*,*,#1897,.T.);
#2500=ORIENTED_EDGE('',*,*,#1898,.T.);
#2501=ORIENTED_EDGE('',*,*,#1896,.T.);
#2502=ORIENTED_EDGE('',*,*,#1899,.T.);
#2503=ORIENTED_EDGE('',*,*,#1900,.F.);
#2504=ORIENTED_EDGE('',*,*,#1704,.F.);
#2505=ORIENTED_EDGE('',*,*,#1900,.T.);
#2506=ORIENTED_EDGE('',*,*,#1901,.F.);
#2507=ORIENTED_EDGE('',*,*,#1902,.F.);
#2508=ORIENTED_EDGE('',*,*,#1705,.F.);
#2509=ORIENTED_EDGE('',*,*,#1897,.F.);
#2510=ORIENTED_EDGE('',*,*,#1706,.T.);
#2511=ORIENTED_EDGE('',*,*,#1902,.T.);
#2512=ORIENTED_EDGE('',*,*,#1903,.F.);
#2513=ORIENTED_EDGE('',*,*,#1904,.F.);
#2514=ORIENTED_EDGE('',*,*,#1707,.T.);
#2515=ORIENTED_EDGE('',*,*,#1905,.T.);
#2516=ORIENTED_EDGE('',*,*,#1906,.T.);
#2517=ORIENTED_EDGE('',*,*,#1904,.T.);
#2518=ORIENTED_EDGE('',*,*,#1907,.T.);
#2519=ORIENTED_EDGE('',*,*,#1908,.F.);
#2520=ORIENTED_EDGE('',*,*,#1708,.F.);
#2521=ORIENTED_EDGE('',*,*,#1908,.T.);
#2522=ORIENTED_EDGE('',*,*,#1909,.F.);
#2523=ORIENTED_EDGE('',*,*,#1910,.F.);
#2524=ORIENTED_EDGE('',*,*,#1709,.F.);
#2525=ORIENTED_EDGE('',*,*,#1905,.F.);
#2526=ORIENTED_EDGE('',*,*,#1710,.T.);
#2527=ORIENTED_EDGE('',*,*,#1910,.T.);
#2528=ORIENTED_EDGE('',*,*,#1911,.F.);
#2529=ORIENTED_EDGE('',*,*,#1720,.F.);
#2530=ORIENTED_EDGE('',*,*,#1912,.F.);
#2531=ORIENTED_EDGE('',*,*,#1714,.T.);
#2532=ORIENTED_EDGE('',*,*,#1717,.T.);
#2533=ORIENTED_EDGE('',*,*,#1715,.F.);
#2534=ORIENTED_EDGE('',*,*,#1912,.T.);
#2535=ORIENTED_EDGE('',*,*,#1719,.T.);
#2536=ORIENTED_EDGE('',*,*,#1724,.T.);
#2537=ORIENTED_EDGE('',*,*,#1727,.T.);
#2538=ORIENTED_EDGE('',*,*,#1913,.F.);
#2539=ORIENTED_EDGE('',*,*,#1721,.F.);
#2540=ORIENTED_EDGE('',*,*,#1718,.F.);
#2541=ORIENTED_EDGE('',*,*,#1728,.F.);
#2542=ORIENTED_EDGE('',*,*,#1725,.F.);
#2543=ORIENTED_EDGE('',*,*,#1722,.T.);
#2544=ORIENTED_EDGE('',*,*,#1913,.T.);
#2545=ORIENTED_EDGE('',*,*,#1749,.F.);
#2546=ORIENTED_EDGE('',*,*,#1914,.F.);
#2547=ORIENTED_EDGE('',*,*,#1894,.T.);
#2548=ORIENTED_EDGE('',*,*,#1734,.T.);
#2549=ORIENTED_EDGE('',*,*,#1915,.T.);
#2550=ORIENTED_EDGE('',*,*,#1916,.T.);
#2551=ORIENTED_EDGE('',*,*,#1917,.F.);
#2552=ORIENTED_EDGE('',*,*,#1737,.T.);
#2553=ORIENTED_EDGE('',*,*,#1918,.F.);
#2554=ORIENTED_EDGE('',*,*,#1919,.T.);
#2555=ORIENTED_EDGE('',*,*,#1915,.F.);
#2556=ORIENTED_EDGE('',*,*,#1740,.F.);
#2557=ORIENTED_EDGE('',*,*,#1920,.F.);
#2558=ORIENTED_EDGE('',*,*,#1921,.F.);
#2559=ORIENTED_EDGE('',*,*,#1918,.T.);
#2560=ORIENTED_EDGE('',*,*,#1739,.F.);
#2561=ORIENTED_EDGE('',*,*,#1920,.T.);
#2562=ORIENTED_EDGE('',*,*,#1738,.T.);
#2563=ORIENTED_EDGE('',*,*,#1917,.T.);
#2564=ORIENTED_EDGE('',*,*,#1922,.F.);
#2565=ORIENTED_EDGE('',*,*,#1895,.T.);
#2566=ORIENTED_EDGE('',*,*,#1914,.T.);
#2567=ORIENTED_EDGE('',*,*,#1748,.F.);
#2568=ORIENTED_EDGE('',*,*,#1741,.F.);
#2569=ORIENTED_EDGE('',*,*,#1742,.F.);
#2570=ORIENTED_EDGE('',*,*,#1923,.T.);
#2571=ORIENTED_EDGE('',*,*,#1924,.T.);
#2572=ORIENTED_EDGE('',*,*,#1923,.F.);
#2573=ORIENTED_EDGE('',*,*,#1743,.F.);
#2574=ORIENTED_EDGE('',*,*,#1925,.T.);
#2575=ORIENTED_EDGE('',*,*,#1926,.T.);
#2576=ORIENTED_EDGE('',*,*,#1925,.F.);
#2577=ORIENTED_EDGE('',*,*,#1744,.T.);
#2578=ORIENTED_EDGE('',*,*,#1747,.T.);
#2579=ORIENTED_EDGE('',*,*,#1746,.F.);
#2580=ORIENTED_EDGE('',*,*,#1745,.F.);
#2581=ORIENTED_EDGE('',*,*,#1757,.F.);
#2582=ORIENTED_EDGE('',*,*,#1751,.T.);
#2583=ORIENTED_EDGE('',*,*,#1754,.T.);
#2584=ORIENTED_EDGE('',*,*,#1756,.F.);
#2585=ORIENTED_EDGE('',*,*,#1765,.F.);
#2586=ORIENTED_EDGE('',*,*,#1759,.T.);
#2587=ORIENTED_EDGE('',*,*,#1762,.T.);
#2588=ORIENTED_EDGE('',*,*,#1764,.F.);
#2589=ORIENTED_EDGE('',*,*,#1773,.T.);
#2590=ORIENTED_EDGE('',*,*,#1777,.T.);
#2591=ORIENTED_EDGE('',*,*,#1779,.T.);
#2592=ORIENTED_EDGE('',*,*,#1775,.T.);
#2593=ORIENTED_EDGE('',*,*,#1771,.T.);
#2594=ORIENTED_EDGE('',*,*,#1768,.T.);
#2595=ORIENTED_EDGE('',*,*,#1781,.F.);
#2596=ORIENTED_EDGE('',*,*,#1889,.T.);
#2597=ORIENTED_EDGE('',*,*,#1785,.F.);
#2598=ORIENTED_EDGE('',*,*,#1927,.F.);
#2599=ORIENTED_EDGE('',*,*,#1794,.T.);
#2600=ORIENTED_EDGE('',*,*,#1795,.F.);
#2601=ORIENTED_EDGE('',*,*,#1928,.T.);
#2602=ORIENTED_EDGE('',*,*,#1788,.F.);
#2603=ORIENTED_EDGE('',*,*,#1790,.F.);
#2604=ORIENTED_EDGE('',*,*,#1791,.F.);
#2605=ORIENTED_EDGE('',*,*,#1801,.F.);
#2606=ORIENTED_EDGE('',*,*,#1929,.T.);
#2607=ORIENTED_EDGE('',*,*,#1927,.T.);
#2608=ORIENTED_EDGE('',*,*,#1930,.T.);
#2609=ORIENTED_EDGE('',*,*,#1931,.T.);
#2610=ORIENTED_EDGE('',*,*,#1932,.T.);
#2611=ORIENTED_EDGE('',*,*,#1890,.T.);
#2612=ORIENTED_EDGE('',*,*,#1929,.F.);
#2613=ORIENTED_EDGE('',*,*,#1800,.T.);
#2614=ORIENTED_EDGE('',*,*,#1567,.T.);
#2615=ORIENTED_EDGE('',*,*,#1566,.T.);
#2616=ORIENTED_EDGE('',*,*,#1565,.T.);
#2617=ORIENTED_EDGE('',*,*,#1933,.T.);
#2618=ORIENTED_EDGE('',*,*,#1563,.T.);
#2619=ORIENTED_EDGE('',*,*,#1804,.T.);
#2620=ORIENTED_EDGE('',*,*,#1934,.T.);
#2621=ORIENTED_EDGE('',*,*,#1931,.F.);
#2622=ORIENTED_EDGE('',*,*,#1930,.F.);
#2623=ORIENTED_EDGE('',*,*,#1928,.F.);
#2624=ORIENTED_EDGE('',*,*,#1933,.F.);
#2625=ORIENTED_EDGE('',*,*,#1806,.T.);
#2626=ORIENTED_EDGE('',*,*,#1844,.F.);
#2627=ORIENTED_EDGE('',*,*,#1935,.T.);
#2628=ORIENTED_EDGE('',*,*,#1843,.T.);
#2629=ORIENTED_EDGE('',*,*,#1936,.F.);
#2630=ORIENTED_EDGE('',*,*,#1573,.T.);
#2631=ORIENTED_EDGE('',*,*,#1935,.F.);
#2632=ORIENTED_EDGE('',*,*,#1937,.T.);
#2633=ORIENTED_EDGE('',*,*,#1938,.T.);
#2634=ORIENTED_EDGE('',*,*,#1802,.F.);
#2635=ORIENTED_EDGE('',*,*,#1574,.F.);
#2636=ORIENTED_EDGE('',*,*,#1936,.T.);
#2637=ORIENTED_EDGE('',*,*,#1842,.T.);
#2638=ORIENTED_EDGE('',*,*,#1939,.F.);
#2639=ORIENTED_EDGE('',*,*,#1891,.T.);
#2640=ORIENTED_EDGE('',*,*,#1932,.F.);
#2641=ORIENTED_EDGE('',*,*,#1934,.F.);
#2642=ORIENTED_EDGE('',*,*,#1803,.T.);
#2643=ORIENTED_EDGE('',*,*,#1938,.F.);
#2644=ORIENTED_EDGE('',*,*,#1940,.F.);
#2645=ORIENTED_EDGE('',*,*,#1939,.T.);
#2646=ORIENTED_EDGE('',*,*,#1841,.T.);
#2647=ORIENTED_EDGE('',*,*,#1941,.F.);
#2648=ORIENTED_EDGE('',*,*,#1849,.F.);
#2649=ORIENTED_EDGE('',*,*,#1941,.T.);
#2650=ORIENTED_EDGE('',*,*,#1840,.T.);
#2651=ORIENTED_EDGE('',*,*,#1942,.F.);
#2652=ORIENTED_EDGE('',*,*,#1850,.F.);
#2653=ORIENTED_EDGE('',*,*,#1851,.T.);
#2654=ORIENTED_EDGE('',*,*,#1942,.T.);
#2655=ORIENTED_EDGE('',*,*,#1839,.T.);
#2656=ORIENTED_EDGE('',*,*,#1943,.F.);
#2657=ORIENTED_EDGE('',*,*,#1943,.T.);
#2658=ORIENTED_EDGE('',*,*,#1838,.T.);
#2659=ORIENTED_EDGE('',*,*,#1944,.F.);
#2660=ORIENTED_EDGE('',*,*,#1852,.F.);
#2661=ORIENTED_EDGE('',*,*,#1944,.T.);
#2662=ORIENTED_EDGE('',*,*,#1837,.T.);
#2663=ORIENTED_EDGE('',*,*,#1945,.F.);
#2664=ORIENTED_EDGE('',*,*,#1853,.F.);
#2665=ORIENTED_EDGE('',*,*,#1945,.T.);
#2666=ORIENTED_EDGE('',*,*,#1836,.T.);
#2667=ORIENTED_EDGE('',*,*,#1946,.F.);
#2668=ORIENTED_EDGE('',*,*,#1854,.F.);
#2669=ORIENTED_EDGE('',*,*,#1855,.T.);
#2670=ORIENTED_EDGE('',*,*,#1946,.T.);
#2671=ORIENTED_EDGE('',*,*,#1835,.T.);
#2672=ORIENTED_EDGE('',*,*,#1947,.F.);
#2673=ORIENTED_EDGE('',*,*,#1947,.T.);
#2674=ORIENTED_EDGE('',*,*,#1834,.T.);
#2675=ORIENTED_EDGE('',*,*,#1948,.F.);
#2676=ORIENTED_EDGE('',*,*,#1856,.F.);
#2677=ORIENTED_EDGE('',*,*,#1948,.T.);
#2678=ORIENTED_EDGE('',*,*,#1833,.T.);
#2679=ORIENTED_EDGE('',*,*,#1949,.F.);
#2680=ORIENTED_EDGE('',*,*,#1857,.F.);
#2681=ORIENTED_EDGE('',*,*,#1949,.T.);
#2682=ORIENTED_EDGE('',*,*,#1832,.T.);
#2683=ORIENTED_EDGE('',*,*,#1950,.F.);
#2684=ORIENTED_EDGE('',*,*,#1858,.F.);
#2685=ORIENTED_EDGE('',*,*,#1859,.T.);
#2686=ORIENTED_EDGE('',*,*,#1950,.T.);
#2687=ORIENTED_EDGE('',*,*,#1831,.T.);
#2688=ORIENTED_EDGE('',*,*,#1951,.F.);
#2689=ORIENTED_EDGE('',*,*,#1951,.T.);
#2690=ORIENTED_EDGE('',*,*,#1830,.T.);
#2691=ORIENTED_EDGE('',*,*,#1952,.F.);
#2692=ORIENTED_EDGE('',*,*,#1860,.F.);
#2693=ORIENTED_EDGE('',*,*,#1952,.T.);
#2694=ORIENTED_EDGE('',*,*,#1829,.T.);
#2695=ORIENTED_EDGE('',*,*,#1953,.F.);
#2696=ORIENTED_EDGE('',*,*,#1861,.F.);
#2697=ORIENTED_EDGE('',*,*,#1953,.T.);
#2698=ORIENTED_EDGE('',*,*,#1828,.T.);
#2699=ORIENTED_EDGE('',*,*,#1954,.F.);
#2700=ORIENTED_EDGE('',*,*,#1862,.F.);
#2701=ORIENTED_EDGE('',*,*,#1863,.T.);
#2702=ORIENTED_EDGE('',*,*,#1954,.T.);
#2703=ORIENTED_EDGE('',*,*,#1827,.T.);
#2704=ORIENTED_EDGE('',*,*,#1955,.F.);
#2705=ORIENTED_EDGE('',*,*,#1955,.T.);
#2706=ORIENTED_EDGE('',*,*,#1826,.T.);
#2707=ORIENTED_EDGE('',*,*,#1956,.F.);
#2708=ORIENTED_EDGE('',*,*,#1864,.F.);
#2709=ORIENTED_EDGE('',*,*,#1956,.T.);
#2710=ORIENTED_EDGE('',*,*,#1825,.T.);
#2711=ORIENTED_EDGE('',*,*,#1957,.F.);
#2712=ORIENTED_EDGE('',*,*,#1865,.F.);
#2713=ORIENTED_EDGE('',*,*,#1957,.T.);
#2714=ORIENTED_EDGE('',*,*,#1824,.T.);
#2715=ORIENTED_EDGE('',*,*,#1958,.F.);
#2716=ORIENTED_EDGE('',*,*,#1866,.F.);
#2717=ORIENTED_EDGE('',*,*,#1867,.T.);
#2718=ORIENTED_EDGE('',*,*,#1958,.T.);
#2719=ORIENTED_EDGE('',*,*,#1823,.T.);
#2720=ORIENTED_EDGE('',*,*,#1959,.F.);
#2721=ORIENTED_EDGE('',*,*,#1959,.T.);
#2722=ORIENTED_EDGE('',*,*,#1822,.T.);
#2723=ORIENTED_EDGE('',*,*,#1960,.F.);
#2724=ORIENTED_EDGE('',*,*,#1868,.F.);
#2725=ORIENTED_EDGE('',*,*,#1960,.T.);
#2726=ORIENTED_EDGE('',*,*,#1821,.T.);
#2727=ORIENTED_EDGE('',*,*,#1961,.F.);
#2728=ORIENTED_EDGE('',*,*,#1869,.F.);
#2729=ORIENTED_EDGE('',*,*,#1961,.T.);
#2730=ORIENTED_EDGE('',*,*,#1820,.T.);
#2731=ORIENTED_EDGE('',*,*,#1962,.F.);
#2732=ORIENTED_EDGE('',*,*,#1870,.F.);
#2733=ORIENTED_EDGE('',*,*,#1871,.T.);
#2734=ORIENTED_EDGE('',*,*,#1962,.T.);
#2735=ORIENTED_EDGE('',*,*,#1819,.T.);
#2736=ORIENTED_EDGE('',*,*,#1963,.F.);
#2737=ORIENTED_EDGE('',*,*,#1963,.T.);
#2738=ORIENTED_EDGE('',*,*,#1818,.T.);
#2739=ORIENTED_EDGE('',*,*,#1964,.F.);
#2740=ORIENTED_EDGE('',*,*,#1872,.F.);
#2741=ORIENTED_EDGE('',*,*,#1964,.T.);
#2742=ORIENTED_EDGE('',*,*,#1817,.T.);
#2743=ORIENTED_EDGE('',*,*,#1965,.F.);
#2744=ORIENTED_EDGE('',*,*,#1873,.F.);
#2745=ORIENTED_EDGE('',*,*,#1965,.T.);
#2746=ORIENTED_EDGE('',*,*,#1816,.T.);
#2747=ORIENTED_EDGE('',*,*,#1966,.F.);
#2748=ORIENTED_EDGE('',*,*,#1874,.F.);
#2749=ORIENTED_EDGE('',*,*,#1875,.T.);
#2750=ORIENTED_EDGE('',*,*,#1966,.T.);
#2751=ORIENTED_EDGE('',*,*,#1815,.T.);
#2752=ORIENTED_EDGE('',*,*,#1967,.F.);
#2753=ORIENTED_EDGE('',*,*,#1967,.T.);
#2754=ORIENTED_EDGE('',*,*,#1814,.T.);
#2755=ORIENTED_EDGE('',*,*,#1968,.F.);
#2756=ORIENTED_EDGE('',*,*,#1876,.F.);
#2757=ORIENTED_EDGE('',*,*,#1968,.T.);
#2758=ORIENTED_EDGE('',*,*,#1813,.T.);
#2759=ORIENTED_EDGE('',*,*,#1969,.F.);
#2760=ORIENTED_EDGE('',*,*,#1877,.F.);
#2761=ORIENTED_EDGE('',*,*,#1969,.T.);
#2762=ORIENTED_EDGE('',*,*,#1812,.T.);
#2763=ORIENTED_EDGE('',*,*,#1970,.F.);
#2764=ORIENTED_EDGE('',*,*,#1878,.F.);
#2765=ORIENTED_EDGE('',*,*,#1879,.T.);
#2766=ORIENTED_EDGE('',*,*,#1970,.T.);
#2767=ORIENTED_EDGE('',*,*,#1811,.T.);
#2768=ORIENTED_EDGE('',*,*,#1971,.F.);
#2769=ORIENTED_EDGE('',*,*,#1971,.T.);
#2770=ORIENTED_EDGE('',*,*,#1810,.T.);
#2771=ORIENTED_EDGE('',*,*,#1972,.F.);
#2772=ORIENTED_EDGE('',*,*,#1880,.F.);
#2773=ORIENTED_EDGE('',*,*,#1972,.T.);
#2774=ORIENTED_EDGE('',*,*,#1809,.T.);
#2775=ORIENTED_EDGE('',*,*,#1973,.F.);
#2776=ORIENTED_EDGE('',*,*,#1881,.F.);
#2777=ORIENTED_EDGE('',*,*,#1973,.T.);
#2778=ORIENTED_EDGE('',*,*,#1808,.T.);
#2779=ORIENTED_EDGE('',*,*,#1846,.F.);
#2780=ORIENTED_EDGE('',*,*,#1882,.F.);
#2781=ORIENTED_EDGE('',*,*,#1848,.F.);
#2782=ORIENTED_EDGE('',*,*,#1974,.T.);
#2783=ORIENTED_EDGE('',*,*,#1975,.T.);
#2784=ORIENTED_EDGE('',*,*,#1976,.T.);
#2785=ORIENTED_EDGE('',*,*,#1974,.F.);
#2786=ORIENTED_EDGE('',*,*,#1884,.T.);
#2787=ORIENTED_EDGE('',*,*,#1887,.F.);
#2788=ORIENTED_EDGE('',*,*,#1977,.F.);
#2789=ORIENTED_EDGE('',*,*,#1886,.F.);
#2790=ORIENTED_EDGE('',*,*,#1893,.F.);
#2791=ORIENTED_EDGE('',*,*,#1978,.T.);
#2792=ORIENTED_EDGE('',*,*,#1977,.T.);
#2793=ORIENTED_EDGE('',*,*,#1978,.F.);
#2794=ORIENTED_EDGE('',*,*,#1892,.T.);
#2795=ORIENTED_EDGE('',*,*,#1940,.T.);
#2796=ORIENTED_EDGE('',*,*,#1937,.F.);
#2797=ORIENTED_EDGE('',*,*,#1976,.F.);
#2798=ORIENTED_EDGE('',*,*,#1975,.F.);
#2799=ORIENTED_EDGE('',*,*,#1903,.T.);
#2800=ORIENTED_EDGE('',*,*,#1901,.T.);
#2801=ORIENTED_EDGE('',*,*,#1899,.F.);
#2802=ORIENTED_EDGE('',*,*,#1898,.F.);
#2803=ORIENTED_EDGE('',*,*,#1911,.T.);
#2804=ORIENTED_EDGE('',*,*,#1909,.T.);
#2805=ORIENTED_EDGE('',*,*,#1907,.F.);
#2806=ORIENTED_EDGE('',*,*,#1906,.F.);
#2807=ORIENTED_EDGE('',*,*,#1919,.F.);
#2808=ORIENTED_EDGE('',*,*,#1921,.T.);
#2809=ORIENTED_EDGE('',*,*,#1922,.T.);
#2810=ORIENTED_EDGE('',*,*,#1916,.F.);
#2811=ORIENTED_EDGE('',*,*,#1924,.F.);
#2812=ORIENTED_EDGE('',*,*,#1926,.F.);
#2813=CONICAL_SURFACE('',#2984,1.15,0.01176416314976);
#2814=CONICAL_SURFACE('',#3082,1.15,0.01176416314976);
#2815=CONICAL_SURFACE('',#3087,1.15,0.01176416314976);
#2816=ADVANCED_FACE('',(#183),#2813,.T.);
#2817=ADVANCED_FACE('',(#184),#42,.F.);
#2818=ADVANCED_FACE('',(#185),#43,.F.);
#2819=ADVANCED_FACE('',(#186),#44,.T.);
#2820=ADVANCED_FACE('',(#187),#45,.T.);
#2821=ADVANCED_FACE('',(#188,#25,#26,#27,#28),#46,.T.);
#2822=ADVANCED_FACE('',(#189),#47,.T.);
#2823=ADVANCED_FACE('',(#190),#48,.T.);
#2824=ADVANCED_FACE('',(#191),#49,.T.);
#2825=ADVANCED_FACE('',(#192),#50,.T.);
#2826=ADVANCED_FACE('',(#193),#51,.T.);
#2827=ADVANCED_FACE('',(#194),#52,.F.);
#2828=ADVANCED_FACE('',(#195),#53,.T.);
#2829=ADVANCED_FACE('',(#196),#54,.F.);
#2830=ADVANCED_FACE('',(#197),#55,.F.);
#2831=ADVANCED_FACE('',(#198),#56,.T.);
#2832=ADVANCED_FACE('',(#199),#57,.F.);
#2833=ADVANCED_FACE('',(#200,#29,#30),#58,.T.);
#2834=ADVANCED_FACE('',(#201),#59,.F.);
#2835=ADVANCED_FACE('',(#202),#60,.F.);
#2836=ADVANCED_FACE('',(#203,#31),#61,.F.);
#2837=ADVANCED_FACE('',(#204),#62,.T.);
#2838=ADVANCED_FACE('',(#205,#32),#63,.T.);
#2839=ADVANCED_FACE('',(#206),#64,.T.);
#2840=ADVANCED_FACE('',(#207),#65,.T.);
#2841=ADVANCED_FACE('',(#208),#66,.F.);
#2842=ADVANCED_FACE('',(#209),#67,.F.);
#2843=ADVANCED_FACE('',(#210),#68,.T.);
#2844=ADVANCED_FACE('',(#211,#33,#34),#69,.F.);
#2845=ADVANCED_FACE('',(#212),#15,.F.);
#2846=ADVANCED_FACE('',(#213),#70,.F.);
#2847=ADVANCED_FACE('',(#214),#71,.T.);
#2848=ADVANCED_FACE('',(#215),#72,.T.);
#2849=ADVANCED_FACE('',(#216),#73,.T.);
#2850=ADVANCED_FACE('',(#217),#74,.F.);
#2851=ADVANCED_FACE('',(#218),#75,.F.);
#2852=ADVANCED_FACE('',(#219),#76,.F.);
#2853=ADVANCED_FACE('',(#220),#77,.T.);
#2854=ADVANCED_FACE('',(#221),#16,.F.);
#2855=ADVANCED_FACE('',(#222),#17,.F.);
#2856=ADVANCED_FACE('',(#223),#18,.F.);
#2857=ADVANCED_FACE('',(#224),#78,.T.);
#2858=ADVANCED_FACE('',(#225),#79,.T.);
#2859=ADVANCED_FACE('',(#226,#35,#36,#37,#38,#39,#40),#80,.F.);
#2860=ADVANCED_FACE('',(#227),#81,.T.);
#2861=ADVANCED_FACE('',(#228),#82,.T.);
#2862=ADVANCED_FACE('',(#229),#83,.F.);
#2863=ADVANCED_FACE('',(#230),#84,.F.);
#2864=ADVANCED_FACE('',(#231),#85,.T.);
#2865=ADVANCED_FACE('',(#232),#86,.T.);
#2866=ADVANCED_FACE('',(#233),#87,.F.);
#2867=ADVANCED_FACE('',(#234),#88,.F.);
#2868=ADVANCED_FACE('',(#235),#89,.T.);
#2869=ADVANCED_FACE('',(#236),#90,.T.);
#2870=ADVANCED_FACE('',(#237),#91,.T.);
#2871=ADVANCED_FACE('',(#238),#92,.F.);
#2872=ADVANCED_FACE('',(#239),#93,.F.);
#2873=ADVANCED_FACE('',(#240),#94,.T.);
#2874=ADVANCED_FACE('',(#241),#95,.T.);
#2875=ADVANCED_FACE('',(#242),#96,.T.);
#2876=ADVANCED_FACE('',(#243),#97,.T.);
#2877=ADVANCED_FACE('',(#244),#98,.T.);
#2878=ADVANCED_FACE('',(#245),#99,.T.);
#2879=ADVANCED_FACE('',(#246),#19,.F.);
#2880=ADVANCED_FACE('',(#247),#100,.T.);
#2881=ADVANCED_FACE('',(#248),#101,.T.);
#2882=ADVANCED_FACE('',(#249),#102,.F.);
#2883=ADVANCED_FACE('',(#250),#2814,.F.);
#2884=ADVANCED_FACE('',(#251),#103,.F.);
#2885=ADVANCED_FACE('',(#252),#104,.T.);
#2886=ADVANCED_FACE('',(#253),#105,.T.);
#2887=ADVANCED_FACE('',(#254),#2815,.T.);
#2888=ADVANCED_FACE('',(#255),#106,.T.);
#2889=ADVANCED_FACE('',(#256),#107,.T.);
#2890=ADVANCED_FACE('',(#257),#108,.F.);
#2891=ADVANCED_FACE('',(#258),#109,.T.);
#2892=ADVANCED_FACE('',(#259),#110,.T.);
#2893=ADVANCED_FACE('',(#260),#111,.T.);
#2894=ADVANCED_FACE('',(#261),#112,.F.);
#2895=ADVANCED_FACE('',(#262),#113,.F.);
#2896=ADVANCED_FACE('',(#263),#114,.F.);
#2897=ADVANCED_FACE('',(#264),#115,.T.);
#2898=ADVANCED_FACE('',(#265),#116,.F.);
#2899=ADVANCED_FACE('',(#266),#117,.F.);
#2900=ADVANCED_FACE('',(#267),#118,.T.);
#2901=ADVANCED_FACE('',(#268),#119,.T.);
#2902=ADVANCED_FACE('',(#269),#120,.F.);
#2903=ADVANCED_FACE('',(#270),#121,.F.);
#2904=ADVANCED_FACE('',(#271),#122,.T.);
#2905=ADVANCED_FACE('',(#272),#123,.T.);
#2906=ADVANCED_FACE('',(#273),#20,.F.);
#2907=ADVANCED_FACE('',(#274),#124,.T.);
#2908=ADVANCED_FACE('',(#275),#125,.T.);
#2909=ADVANCED_FACE('',(#276),#126,.T.);
#2910=ADVANCED_FACE('',(#277),#127,.T.);
#2911=ADVANCED_FACE('',(#278),#128,.F.);
#2912=ADVANCED_FACE('',(#279),#129,.F.);
#2913=ADVANCED_FACE('',(#280),#21,.F.);
#2914=ADVANCED_FACE('',(#281),#22,.F.);
#2915=ADVANCED_FACE('',(#282),#130,.F.);
#2916=ADVANCED_FACE('',(#283),#131,.T.);
#2917=ADVANCED_FACE('',(#284),#132,.T.);
#2918=ADVANCED_FACE('',(#285,#41),#133,.T.);
#2919=ADVANCED_FACE('',(#286),#23,.F.);
#2920=ADVANCED_FACE('',(#287),#134,.T.);
#2921=ADVANCED_FACE('',(#288),#24,.F.);
#2922=ADVANCED_FACE('',(#289),#135,.F.);
#2923=ADVANCED_FACE('',(#290),#136,.T.);
#2924=ADVANCED_FACE('',(#291),#137,.F.);
#2925=ADVANCED_FACE('',(#292),#138,.F.);
#2926=ADVANCED_FACE('',(#293),#139,.F.);
#2927=ADVANCED_FACE('',(#294),#140,.F.);
#2928=ADVANCED_FACE('',(#295),#141,.F.);
#2929=ADVANCED_FACE('',(#296),#142,.F.);
#2930=ADVANCED_FACE('',(#297),#143,.F.);
#2931=ADVANCED_FACE('',(#298),#144,.F.);
#2932=ADVANCED_FACE('',(#299),#145,.F.);
#2933=ADVANCED_FACE('',(#300),#146,.F.);
#2934=ADVANCED_FACE('',(#301),#147,.F.);
#2935=ADVANCED_FACE('',(#302),#148,.F.);
#2936=ADVANCED_FACE('',(#303),#149,.F.);
#2937=ADVANCED_FACE('',(#304),#150,.F.);
#2938=ADVANCED_FACE('',(#305),#151,.F.);
#2939=ADVANCED_FACE('',(#306),#152,.F.);
#2940=ADVANCED_FACE('',(#307),#153,.F.);
#2941=ADVANCED_FACE('',(#308),#154,.F.);
#2942=ADVANCED_FACE('',(#309),#155,.F.);
#2943=ADVANCED_FACE('',(#310),#156,.F.);
#2944=ADVANCED_FACE('',(#311),#157,.F.);
#2945=ADVANCED_FACE('',(#312),#158,.F.);
#2946=ADVANCED_FACE('',(#313),#159,.F.);
#2947=ADVANCED_FACE('',(#314),#160,.F.);
#2948=ADVANCED_FACE('',(#315),#161,.F.);
#2949=ADVANCED_FACE('',(#316),#162,.F.);
#2950=ADVANCED_FACE('',(#317),#163,.F.);
#2951=ADVANCED_FACE('',(#318),#164,.F.);
#2952=ADVANCED_FACE('',(#319),#165,.F.);
#2953=ADVANCED_FACE('',(#320),#166,.F.);
#2954=ADVANCED_FACE('',(#321),#167,.F.);
#2955=ADVANCED_FACE('',(#322),#168,.F.);
#2956=ADVANCED_FACE('',(#323),#169,.F.);
#2957=ADVANCED_FACE('',(#324),#170,.F.);
#2958=ADVANCED_FACE('',(#325),#171,.F.);
#2959=ADVANCED_FACE('',(#326),#172,.F.);
#2960=ADVANCED_FACE('',(#327),#173,.F.);
#2961=ADVANCED_FACE('',(#328),#174,.T.);
#2962=ADVANCED_FACE('',(#329),#175,.T.);
#2963=ADVANCED_FACE('',(#330),#176,.T.);
#2964=ADVANCED_FACE('',(#331),#177,.T.);
#2965=ADVANCED_FACE('',(#332),#178,.F.);
#2966=ADVANCED_FACE('',(#333),#179,.F.);
#2967=ADVANCED_FACE('',(#334),#180,.T.);
#2968=ADVANCED_FACE('',(#335),#181,.F.);
#2969=ADVANCED_FACE('',(#336),#182,.F.);
#2970=CLOSED_SHELL('',(#2816,#2817,#2818,#2819,#2820,#2821,#2822,#2823,
#2824,#2825,#2826,#2827,#2828,#2829,#2830,#2831,#2832,#2833,#2834,#2835,
#2836,#2837,#2838,#2839,#2840,#2841,#2842,#2843,#2844,#2845,#2846,#2847,
#2848,#2849,#2850,#2851,#2852,#2853,#2854,#2855,#2856,#2857,#2858,#2859,
#2860,#2861,#2862,#2863,#2864,#2865,#2866,#2867,#2868,#2869,#2870,#2871,
#2872,#2873,#2874,#2875,#2876,#2877,#2878,#2879,#2880,#2881,#2882,#2883,
#2884,#2885,#2886,#2887,#2888,#2889,#2890,#2891,#2892,#2893,#2894,#2895,
#2896,#2897,#2898,#2899,#2900,#2901,#2902,#2903,#2904,#2905,#2906,#2907,
#2908,#2909,#2910,#2911,#2912,#2913,#2914,#2915,#2916,#2917,#2918,#2919,
#2920,#2921,#2922,#2923,#2924,#2925,#2926,#2927,#2928,#2929,#2930,#2931,
#2932,#2933,#2934,#2935,#2936,#2937,#2938,#2939,#2940,#2941,#2942,#2943,
#2944,#2945,#2946,#2947,#2948,#2949,#2950,#2951,#2952,#2953,#2954,#2955,
#2956,#2957,#2958,#2959,#2960,#2961,#2962,#2963,#2964,#2965,#2966,#2967,
#2968,#2969));
#2971=DERIVED_UNIT_ELEMENT(#2973,1.);
#2972=DERIVED_UNIT_ELEMENT(#4818,-3.);
#2973=(
MASS_UNIT()
NAMED_UNIT(*)
SI_UNIT(.KILO.,.GRAM.)
);
#2974=DERIVED_UNIT((#2971,#2972));
#2975=MEASURE_REPRESENTATION_ITEM('density measure',
POSITIVE_RATIO_MEASURE(7850.),#2974);
#2976=PROPERTY_DEFINITION_REPRESENTATION(#2981,#2978);
#2977=PROPERTY_DEFINITION_REPRESENTATION(#2982,#2979);
#2978=REPRESENTATION('material name',(#2980),#4815);
#2979=REPRESENTATION('density',(#2975),#4815);
#2980=DESCRIPTIVE_REPRESENTATION_ITEM('Stahl','Stahl');
#2981=PROPERTY_DEFINITION('material property','material name',#4825);
#2982=PROPERTY_DEFINITION('material property','density of part',#4825);
#2983=AXIS2_PLACEMENT_3D('',#3949,#3182,#3183);
#2984=AXIS2_PLACEMENT_3D('',#3950,#3184,#3185);
#2985=AXIS2_PLACEMENT_3D('',#3955,#3187,#3188);
#2986=AXIS2_PLACEMENT_3D('',#3957,#3189,#3190);
#2987=AXIS2_PLACEMENT_3D('',#3959,#3191,#3192);
#2988=AXIS2_PLACEMENT_3D('',#3961,#3193,#3194);
#2989=AXIS2_PLACEMENT_3D('',#3963,#3195,#3196);
#2990=AXIS2_PLACEMENT_3D('',#3973,#3197,#3198);
#2991=AXIS2_PLACEMENT_3D('',#3977,#3200,#3201);
#2992=AXIS2_PLACEMENT_3D('',#3987,#3203,#3204);
#2993=AXIS2_PLACEMENT_3D('',#3988,#3205,#3206);
#2994=AXIS2_PLACEMENT_3D('',#4001,#3213,#3214);
#2995=AXIS2_PLACEMENT_3D('',#4009,#3219,#3220);
#2996=AXIS2_PLACEMENT_3D('',#4013,#3223,#3224);
#2997=AXIS2_PLACEMENT_3D('',#4017,#3227,#3228);
#2998=AXIS2_PLACEMENT_3D('',#4061,#3251,#3252);
#2999=AXIS2_PLACEMENT_3D('',#4079,#3261,#3262);
#3000=AXIS2_PLACEMENT_3D('',#4081,#3263,#3264);
#3001=AXIS2_PLACEMENT_3D('',#4082,#3265,#3266);
#3002=AXIS2_PLACEMENT_3D('',#4084,#3267,#3268);
#3003=AXIS2_PLACEMENT_3D('',#4086,#3270,#3271);
#3004=AXIS2_PLACEMENT_3D('',#4092,#3275,#3276);
#3005=AXIS2_PLACEMENT_3D('',#4094,#3278,#3279);
#3006=AXIS2_PLACEMENT_3D('',#4096,#3281,#3282);
#3007=AXIS2_PLACEMENT_3D('',#4102,#3286,#3287);
#3008=AXIS2_PLACEMENT_3D('',#4103,#3288,#3289);
#3009=AXIS2_PLACEMENT_3D('',#4104,#3290,#3291);
#3010=AXIS2_PLACEMENT_3D('',#4106,#3292,#3293);
#3011=AXIS2_PLACEMENT_3D('',#4110,#3296,#3297);
#3012=AXIS2_PLACEMENT_3D('',#4114,#3300,#3301);
#3013=AXIS2_PLACEMENT_3D('',#4116,#3302,#3303);
#3014=AXIS2_PLACEMENT_3D('',#4118,#3305,#3306);
#3015=AXIS2_PLACEMENT_3D('',#4119,#3307,#3308);
#3016=AXIS2_PLACEMENT_3D('',#4120,#3309,#3310);
#3017=AXIS2_PLACEMENT_3D('',#4121,#3311,#3312);
#3018=AXIS2_PLACEMENT_3D('',#4122,#3313,#3314);
#3019=AXIS2_PLACEMENT_3D('',#4144,#3326,#3327);
#3020=AXIS2_PLACEMENT_3D('',#4153,#3333,#3334);
#3021=AXIS2_PLACEMENT_3D('',#4157,#3337,#3338);
#3022=AXIS2_PLACEMENT_3D('',#4179,#3350,#3351);
#3023=AXIS2_PLACEMENT_3D('',#4183,#3354,#3355);
#3024=AXIS2_PLACEMENT_3D('',#4188,#3358,#3359);
#3025=AXIS2_PLACEMENT_3D('',#4189,#3360,#3361);
#3026=AXIS2_PLACEMENT_3D('',#4195,#3365,#3366);
#3027=AXIS2_PLACEMENT_3D('',#4216,#3377,#3378);
#3028=AXIS2_PLACEMENT_3D('',#4222,#3382,#3383);
#3029=AXIS2_PLACEMENT_3D('',#4228,#3387,#3388);
#3030=AXIS2_PLACEMENT_3D('',#4234,#3393,#3394);
#3031=AXIS2_PLACEMENT_3D('',#4236,#3396,#3397);
#3032=AXIS2_PLACEMENT_3D('',#4256,#3408,#3409);
#3033=AXIS2_PLACEMENT_3D('',#4258,#3410,#3411);
#3034=AXIS2_PLACEMENT_3D('',#4260,#3413,#3414);
#3035=AXIS2_PLACEMENT_3D('',#4265,#3417,#3418);
#3036=AXIS2_PLACEMENT_3D('',#4266,#3419,#3420);
#3037=AXIS2_PLACEMENT_3D('',#4270,#3423,#3424);
#3038=AXIS2_PLACEMENT_3D('',#4271,#3425,#3426);
#3039=AXIS2_PLACEMENT_3D('',#4272,#3427,#3428);
#3040=AXIS2_PLACEMENT_3D('',#4274,#3429,#3430);
#3041=AXIS2_PLACEMENT_3D('',#4276,#3432,#3433);
#3042=AXIS2_PLACEMENT_3D('',#4278,#3434,#3435);
#3043=AXIS2_PLACEMENT_3D('',#4282,#3438,#3439);
#3044=AXIS2_PLACEMENT_3D('',#4283,#3440,#3441);
#3045=AXIS2_PLACEMENT_3D('',#4284,#3442,#3443);
#3046=AXIS2_PLACEMENT_3D('',#4288,#3446,#3447);
#3047=AXIS2_PLACEMENT_3D('',#4290,#3448,#3449);
#3048=AXIS2_PLACEMENT_3D('',#4292,#3451,#3452);
#3049=AXIS2_PLACEMENT_3D('',#4294,#3453,#3454);
#3050=AXIS2_PLACEMENT_3D('',#4296,#3456,#3457);
#3051=AXIS2_PLACEMENT_3D('',#4298,#3458,#3459);
#3052=AXIS2_PLACEMENT_3D('',#4300,#3461,#3462);
#3053=AXIS2_PLACEMENT_3D('',#4302,#3464,#3465);
#3054=AXIS2_PLACEMENT_3D('',#4316,#3473,#3474);
#3055=AXIS2_PLACEMENT_3D('',#4317,#3475,#3476);
#3056=AXIS2_PLACEMENT_3D('',#4320,#3478,#3479);
#3057=AXIS2_PLACEMENT_3D('',#4322,#3480,#3481);
#3058=AXIS2_PLACEMENT_3D('',#4331,#3486,#3487);
#3059=AXIS2_PLACEMENT_3D('',#4335,#3490,#3491);
#3060=AXIS2_PLACEMENT_3D('',#4341,#3495,#3496);
#3061=AXIS2_PLACEMENT_3D('',#4345,#3499,#3500);
#3062=AXIS2_PLACEMENT_3D('',#4349,#3503,#3504);
#3063=AXIS2_PLACEMENT_3D('',#4351,#3506,#3507);
#3064=AXIS2_PLACEMENT_3D('',#4357,#3511,#3512);
#3065=AXIS2_PLACEMENT_3D('',#4361,#3515,#3516);
#3066=AXIS2_PLACEMENT_3D('',#4365,#3519,#3520);
#3067=AXIS2_PLACEMENT_3D('',#4367,#3522,#3523);
#3068=AXIS2_PLACEMENT_3D('',#4368,#3524,#3525);
#3069=AXIS2_PLACEMENT_3D('',#4370,#3527,#3528);
#3070=AXIS2_PLACEMENT_3D('',#4372,#3530,#3531);
#3071=AXIS2_PLACEMENT_3D('',#4373,#3532,#3533);
#3072=AXIS2_PLACEMENT_3D('',#4379,#3537,#3538);
#3073=AXIS2_PLACEMENT_3D('',#4383,#3541,#3542);
#3074=AXIS2_PLACEMENT_3D('',#4387,#3545,#3546);
#3075=AXIS2_PLACEMENT_3D('',#4391,#3549,#3550);
#3076=AXIS2_PLACEMENT_3D('',#4395,#3553,#3554);
#3077=AXIS2_PLACEMENT_3D('',#4397,#3556,#3557);
#3078=AXIS2_PLACEMENT_3D('',#4400,#3559,#3560);
#3079=AXIS2_PLACEMENT_3D('',#4401,#3561,#3562);
#3080=AXIS2_PLACEMENT_3D('',#4407,#3566,#3567);
#3081=AXIS2_PLACEMENT_3D('',#4415,#3572,#3573);
#3082=AXIS2_PLACEMENT_3D('',#4424,#3575,#3576);
#3083=AXIS2_PLACEMENT_3D('',#4425,#3577,#3578);
#3084=AXIS2_PLACEMENT_3D('',#4433,#3579,#3580);
#3085=AXIS2_PLACEMENT_3D('',#4441,#3585,#3586);
#3086=AXIS2_PLACEMENT_3D('',#4445,#3589,#3590);
#3087=AXIS2_PLACEMENT_3D('',#4451,#3594,#3595);
#3088=AXIS2_PLACEMENT_3D('',#4453,#3596,#3597);
#3089=AXIS2_PLACEMENT_3D('',#4456,#3599,#3600);
#3090=AXIS2_PLACEMENT_3D('',#4457,#3601,#3602);
#3091=AXIS2_PLACEMENT_3D('',#4461,#3605,#3606);
#3092=AXIS2_PLACEMENT_3D('',#4537,#3645,#3646);
#3093=AXIS2_PLACEMENT_3D('',#4541,#3649,#3650);
#3094=AXIS2_PLACEMENT_3D('',#4613,#3687,#3688);
#3095=AXIS2_PLACEMENT_3D('',#4617,#3691,#3692);
#3096=AXIS2_PLACEMENT_3D('',#4623,#3696,#3697);
#3097=AXIS2_PLACEMENT_3D('',#4625,#3699,#3700);
#3098=AXIS2_PLACEMENT_3D('',#4626,#3701,#3702);
#3099=AXIS2_PLACEMENT_3D('',#4628,#3703,#3704);
#3100=AXIS2_PLACEMENT_3D('',#4634,#3708,#3709);
#3101=AXIS2_PLACEMENT_3D('',#4638,#3712,#3713);
#3102=AXIS2_PLACEMENT_3D('',#4644,#3717,#3718);
#3103=AXIS2_PLACEMENT_3D('',#4648,#3721,#3722);
#3104=AXIS2_PLACEMENT_3D('',#4652,#3725,#3726);
#3105=AXIS2_PLACEMENT_3D('',#4654,#3728,#3729);
#3106=AXIS2_PLACEMENT_3D('',#4660,#3733,#3734);
#3107=AXIS2_PLACEMENT_3D('',#4664,#3737,#3738);
#3108=AXIS2_PLACEMENT_3D('',#4668,#3741,#3742);
#3109=AXIS2_PLACEMENT_3D('',#4670,#3744,#3745);
#3110=AXIS2_PLACEMENT_3D('',#4672,#3747,#3748);
#3111=AXIS2_PLACEMENT_3D('',#4674,#3750,#3751);
#3112=AXIS2_PLACEMENT_3D('',#4675,#3752,#3753);
#3113=AXIS2_PLACEMENT_3D('',#4682,#3758,#3759);
#3114=AXIS2_PLACEMENT_3D('',#4686,#3762,#3763);
#3115=AXIS2_PLACEMENT_3D('',#4690,#3766,#3767);
#3116=AXIS2_PLACEMENT_3D('',#4692,#3769,#3770);
#3117=AXIS2_PLACEMENT_3D('',#4693,#3771,#3772);
#3118=AXIS2_PLACEMENT_3D('',#4696,#3774,#3775);
#3119=AXIS2_PLACEMENT_3D('',#4697,#3776,#3777);
#3120=AXIS2_PLACEMENT_3D('',#4700,#3779,#3780);
#3121=AXIS2_PLACEMENT_3D('',#4701,#3781,#3782);
#3122=AXIS2_PLACEMENT_3D('',#4702,#3783,#3784);
#3123=AXIS2_PLACEMENT_3D('',#4703,#3785,#3786);
#3124=AXIS2_PLACEMENT_3D('',#4704,#3787,#3788);
#3125=AXIS2_PLACEMENT_3D('',#4705,#3789,#3790);
#3126=AXIS2_PLACEMENT_3D('',#4706,#3791,#3792);
#3127=AXIS2_PLACEMENT_3D('',#4707,#3793,#3794);
#3128=AXIS2_PLACEMENT_3D('',#4708,#3795,#3796);
#3129=AXIS2_PLACEMENT_3D('',#4709,#3797,#3798);
#3130=AXIS2_PLACEMENT_3D('',#4710,#3799,#3800);
#3131=AXIS2_PLACEMENT_3D('',#4712,#3801,#3802);
#3132=AXIS2_PLACEMENT_3D('',#4714,#3803,#3804);
#3133=AXIS2_PLACEMENT_3D('',#4716,#3806,#3807);
#3134=AXIS2_PLACEMENT_3D('',#4717,#3808,#3809);
#3135=AXIS2_PLACEMENT_3D('',#4719,#3811,#3812);
#3136=AXIS2_PLACEMENT_3D('',#4721,#3814,#3815);
#3137=AXIS2_PLACEMENT_3D('',#4723,#3817,#3818);
#3138=AXIS2_PLACEMENT_3D('',#4728,#3822,#3823);
#3139=AXIS2_PLACEMENT_3D('',#4730,#3825,#3826);
#3140=AXIS2_PLACEMENT_3D('',#4732,#3828,#3829);
#3141=AXIS2_PLACEMENT_3D('',#4734,#3831,#3832);
#3142=AXIS2_PLACEMENT_3D('',#4736,#3834,#3835);
#3143=AXIS2_PLACEMENT_3D('',#4738,#3837,#3838);
#3144=AXIS2_PLACEMENT_3D('',#4740,#3840,#3841);
#3145=AXIS2_PLACEMENT_3D('',#4742,#3843,#3844);
#3146=AXIS2_PLACEMENT_3D('',#4744,#3846,#3847);
#3147=AXIS2_PLACEMENT_3D('',#4746,#3849,#3850);
#3148=AXIS2_PLACEMENT_3D('',#4748,#3852,#3853);
#3149=AXIS2_PLACEMENT_3D('',#4750,#3855,#3856);
#3150=AXIS2_PLACEMENT_3D('',#4752,#3858,#3859);
#3151=AXIS2_PLACEMENT_3D('',#4754,#3861,#3862);
#3152=AXIS2_PLACEMENT_3D('',#4756,#3864,#3865);
#3153=AXIS2_PLACEMENT_3D('',#4758,#3867,#3868);
#3154=AXIS2_PLACEMENT_3D('',#4760,#3870,#3871);
#3155=AXIS2_PLACEMENT_3D('',#4762,#3873,#3874);
#3156=AXIS2_PLACEMENT_3D('',#4764,#3876,#3877);
#3157=AXIS2_PLACEMENT_3D('',#4766,#3879,#3880);
#3158=AXIS2_PLACEMENT_3D('',#4768,#3882,#3883);
#3159=AXIS2_PLACEMENT_3D('',#4770,#3885,#3886);
#3160=AXIS2_PLACEMENT_3D('',#4772,#3888,#3889);
#3161=AXIS2_PLACEMENT_3D('',#4774,#3891,#3892);
#3162=AXIS2_PLACEMENT_3D('',#4776,#3894,#3895);
#3163=AXIS2_PLACEMENT_3D('',#4778,#3897,#3898);
#3164=AXIS2_PLACEMENT_3D('',#4780,#3900,#3901);
#3165=AXIS2_PLACEMENT_3D('',#4782,#3903,#3904);
#3166=AXIS2_PLACEMENT_3D('',#4784,#3906,#3907);
#3167=AXIS2_PLACEMENT_3D('',#4786,#3909,#3910);
#3168=AXIS2_PLACEMENT_3D('',#4788,#3912,#3913);
#3169=AXIS2_PLACEMENT_3D('',#4790,#3915,#3916);
#3170=AXIS2_PLACEMENT_3D('',#4792,#3918,#3919);
#3171=AXIS2_PLACEMENT_3D('',#4794,#3921,#3922);
#3172=AXIS2_PLACEMENT_3D('',#4796,#3924,#3925);
#3173=AXIS2_PLACEMENT_3D('',#4797,#3926,#3927);
#3174=AXIS2_PLACEMENT_3D('',#4803,#3931,#3932);
#3175=AXIS2_PLACEMENT_3D('',#4805,#3934,#3935);
#3176=AXIS2_PLACEMENT_3D('',#4807,#3937,#3938);
#3177=AXIS2_PLACEMENT_3D('',#4808,#3939,#3940);
#3178=AXIS2_PLACEMENT_3D('',#4809,#3941,#3942);
#3179=AXIS2_PLACEMENT_3D('',#4810,#3943,#3944);
#3180=AXIS2_PLACEMENT_3D('',#4811,#3945,#3946);
#3181=AXIS2_PLACEMENT_3D('',#4812,#3947,#3948);
#3182=DIRECTION('axis',(0.,0.,1.));
#3183=DIRECTION('refdir',(1.,0.,0.));
#3184=DIRECTION('center_axis',(0.,-1.,-2.22044604925E-16));
#3185=DIRECTION('ref_axis',(1.,0.,0.));
#3186=DIRECTION('',(0.0117638918003629,0.999930803030744,2.23469901355183E-16));
#3187=DIRECTION('center_axis',(0.,-1.,-2.22044604925E-16));
#3188=DIRECTION('ref_axis',(1.,0.,0.));
#3189=DIRECTION('center_axis',(0.,-1.,-2.22044604925E-16));
#3190=DIRECTION('ref_axis',(1.,0.,0.));
#3191=DIRECTION('center_axis',(0.,-1.,-2.22044604925E-16));
#3192=DIRECTION('ref_axis',(1.,0.,0.));
#3193=DIRECTION('center_axis',(0.,-1.,-2.22044604925E-16));
#3194=DIRECTION('ref_axis',(1.,0.,0.));
#3195=DIRECTION('center_axis',(0.,-1.,-2.22044604925E-16));
#3196=DIRECTION('ref_axis',(1.,0.,0.));
#3197=DIRECTION('center_axis',(0.,-1.,-2.22044604925E-16));
#3198=DIRECTION('ref_axis',(1.,0.,0.));
#3199=DIRECTION('',(0.0117638918003629,0.999930803030744,2.23469901355183E-16));
#3200=DIRECTION('center_axis',(0.,-1.,-2.22044604925E-16));
#3201=DIRECTION('ref_axis',(1.,0.,0.));
#3202=DIRECTION('',(0.,-0.999846366097695,0.0175283827329713));
#3203=DIRECTION('center_axis',(0.,-1.,-2.22044604925E-16));
#3204=DIRECTION('ref_axis',(1.,0.,0.));
#3205=DIRECTION('center_axis',(1.,0.,0.));
#3206=DIRECTION('ref_axis',(0.,0.,1.));
#3207=DIRECTION('',(0.,0.,1.));
#3208=DIRECTION('',(0.,1.,0.));
#3209=DIRECTION('',(0.,0.,1.));
#3210=DIRECTION('',(0.,1.,0.));
#3211=DIRECTION('',(0.,0.,1.));
#3212=DIRECTION('',(0.,1.,0.));
#3213=DIRECTION('center_axis',(0.,1.,0.));
#3214=DIRECTION('ref_axis',(0.,0.,1.));
#3215=DIRECTION('',(1.,0.,0.));
#3216=DIRECTION('',(0.,0.,1.));
#3217=DIRECTION('',(1.,0.,0.));
#3218=DIRECTION('',(0.,0.,1.));
#3219=DIRECTION('center_axis',(0.,0.,1.));
#3220=DIRECTION('ref_axis',(1.,0.,0.));
#3221=DIRECTION('',(0.,1.,0.));
#3222=DIRECTION('',(1.,0.,0.));
#3223=DIRECTION('center_axis',(0.,1.,0.));
#3224=DIRECTION('ref_axis',(0.,0.,1.));
#3225=DIRECTION('',(1.,0.,0.));
#3226=DIRECTION('',(0.,0.,1.));
#3227=DIRECTION('center_axis',(0.,0.,1.));
#3228=DIRECTION('ref_axis',(1.,0.,0.));
#3229=DIRECTION('',(1.,0.,0.));
#3230=DIRECTION('',(0.,1.,0.));
#3231=DIRECTION('',(1.,0.,0.));
#3232=DIRECTION('',(0.,1.,0.));
#3233=DIRECTION('',(-1.,0.,0.));
#3234=DIRECTION('',(0.,1.,0.));
#3235=DIRECTION('',(-1.,0.,0.));
#3236=DIRECTION('',(1.,0.,0.));
#3237=DIRECTION('',(-1.,0.,0.));
#3238=DIRECTION('',(0.,1.,0.));
#3239=DIRECTION('',(-1.,0.,0.));
#3240=DIRECTION('',(0.,1.,0.));
#3241=DIRECTION('',(1.,0.,0.));
#3242=DIRECTION('',(0.,1.,0.));
#3243=DIRECTION('',(0.,1.,0.));
#3244=DIRECTION('',(-1.,0.,0.));
#3245=DIRECTION('',(-1.,0.,0.));
#3246=DIRECTION('',(-1.,0.,0.));
#3247=DIRECTION('',(0.,1.,0.));
#3248=DIRECTION('',(-1.,0.,0.));
#3249=DIRECTION('',(-1.,0.,0.));
#3250=DIRECTION('',(-1.,0.,0.));
#3251=DIRECTION('center_axis',(0.,0.,1.));
#3252=DIRECTION('ref_axis',(1.,0.,0.));
#3253=DIRECTION('',(-1.,0.,0.));
#3254=DIRECTION('',(-1.,0.,0.));
#3255=DIRECTION('',(-1.,0.,0.));
#3256=DIRECTION('',(0.,1.,0.));
#3257=DIRECTION('',(-1.,0.,0.));
#3258=DIRECTION('',(-1.,0.,0.));
#3259=DIRECTION('',(-1.,0.,0.));
#3260=DIRECTION('',(0.,1.,0.));
#3261=DIRECTION('center_axis',(0.,0.,1.));
#3262=DIRECTION('ref_axis',(1.,0.,0.));
#3263=DIRECTION('center_axis',(0.,0.,1.));
#3264=DIRECTION('ref_axis',(1.,0.,0.));
#3265=DIRECTION('center_axis',(0.,1.,0.));
#3266=DIRECTION('ref_axis',(0.,0.,1.));
#3267=DIRECTION('center_axis',(0.,1.,-2.22044604925E-16));
#3268=DIRECTION('ref_axis',(1.,0.,0.));
#3269=DIRECTION('',(1.,0.,0.));
#3270=DIRECTION('center_axis',(0.,0.,1.));
#3271=DIRECTION('ref_axis',(1.,0.,0.));
#3272=DIRECTION('',(0.,1.,-2.22044604925E-16));
#3273=DIRECTION('',(1.,0.,0.));
#3274=DIRECTION('',(0.,1.,0.));
#3275=DIRECTION('center_axis',(1.,0.,0.));
#3276=DIRECTION('ref_axis',(0.,0.,1.));
#3277=DIRECTION('',(0.,1.,0.));
#3278=DIRECTION('center_axis',(1.,0.,0.));
#3279=DIRECTION('ref_axis',(0.,0.,1.));
#3280=DIRECTION('',(0.,0.,1.));
#3281=DIRECTION('center_axis',(0.,1.,0.));
#3282=DIRECTION('ref_axis',(0.,0.,1.));
#3283=DIRECTION('',(1.,0.,0.));
#3284=DIRECTION('',(0.,0.,1.));
#3285=DIRECTION('',(0.,0.,1.));
#3286=DIRECTION('center_axis',(0.,1.,0.));
#3287=DIRECTION('ref_axis',(0.,0.,1.));
#3288=DIRECTION('center_axis',(0.,1.,-2.22044604925E-16));
#3289=DIRECTION('ref_axis',(1.,0.,0.));
#3290=DIRECTION('center_axis',(0.,1.,0.));
#3291=DIRECTION('ref_axis',(0.,0.,1.));
#3292=DIRECTION('center_axis',(0.,1.,-2.22044604925E-16));
#3293=DIRECTION('ref_axis',(1.,0.,0.));
#3294=DIRECTION('',(0.,0.,1.));
#3295=DIRECTION('',(1.,0.,0.));
#3296=DIRECTION('center_axis',(1.,0.,0.));
#3297=DIRECTION('ref_axis',(0.,0.,1.));
#3298=DIRECTION('',(0.,0.,1.));
#3299=DIRECTION('',(0.,1.,0.));
#3300=DIRECTION('center_axis',(0.,1.,0.));
#3301=DIRECTION('ref_axis',(0.,0.,1.));
#3302=DIRECTION('center_axis',(0.,1.,-2.22044604925E-16));
#3303=DIRECTION('ref_axis',(1.,0.,0.));
#3304=DIRECTION('',(1.,0.,0.));
#3305=DIRECTION('center_axis',(0.,1.,0.));
#3306=DIRECTION('ref_axis',(0.,0.,1.));
#3307=DIRECTION('center_axis',(0.,1.,-2.22044604925E-16));
#3308=DIRECTION('ref_axis',(1.,0.,0.));
#3309=DIRECTION('center_axis',(0.,1.,0.));
#3310=DIRECTION('ref_axis',(0.,0.,1.));
#3311=DIRECTION('center_axis',(0.,1.,-2.22044604925E-16));
#3312=DIRECTION('ref_axis',(1.,0.,0.));
#3313=DIRECTION('center_axis',(1.,0.,0.));
#3314=DIRECTION('ref_axis',(0.,0.,1.));
#3315=DIRECTION('',(0.,0.,1.));
#3316=DIRECTION('',(0.,1.,0.));
#3317=DIRECTION('',(0.,0.,1.));
#3318=DIRECTION('',(0.,-1.,0.));
#3319=DIRECTION('',(0.,0.,1.));
#3320=DIRECTION('',(0.,-1.,0.));
#3321=DIRECTION('',(0.,0.,1.));
#3322=DIRECTION('',(0.,-1.,0.));
#3323=DIRECTION('',(0.,0.,1.));
#3324=DIRECTION('',(0.,-1.,0.));
#3325=DIRECTION('',(0.,0.,1.));
#3326=DIRECTION('center_axis',(0.,1.,0.));
#3327=DIRECTION('ref_axis',(0.,0.,1.));
#3328=DIRECTION('',(0.,0.,-1.));
#3329=DIRECTION('',(1.,0.,0.));
#3330=DIRECTION('',(0.,0.,-1.));
#3331=DIRECTION('',(0.,0.,1.));
#3332=DIRECTION('',(1.,0.,0.));
#3333=DIRECTION('center_axis',(1.,0.,0.));
#3334=DIRECTION('ref_axis',(0.,0.,1.));
#3335=DIRECTION('',(0.,0.,1.));
#3336=DIRECTION('',(0.,1.,0.));
#3337=DIRECTION('center_axis',(0.,1.,0.));
#3338=DIRECTION('ref_axis',(0.,0.,1.));
#3339=DIRECTION('',(0.,0.,1.));
#3340=DIRECTION('',(1.,0.,0.));
#3341=DIRECTION('',(0.,0.,-1.));
#3342=DIRECTION('',(1.,0.,0.));
#3343=DIRECTION('',(0.,0.,1.));
#3344=DIRECTION('',(0.50000000000019,0.,0.866025403784329));
#3345=DIRECTION('',(1.,0.,-4.229421046191E-16));
#3346=DIRECTION('',(0.50000000000019,0.,-0.866025403784329));
#3347=DIRECTION('',(-0.50000000000019,0.,-0.866025403784329));
#3348=DIRECTION('',(-1.,0.,1.409807015397E-16));
#3349=DIRECTION('',(-0.50000000000019,0.,0.866025403784329));
#3350=DIRECTION('center_axis',(1.,0.,0.));
#3351=DIRECTION('ref_axis',(0.,0.,1.));
#3352=DIRECTION('',(0.,0.,1.));
#3353=DIRECTION('',(0.,1.,0.));
#3354=DIRECTION('center_axis',(0.,1.,0.));
#3355=DIRECTION('ref_axis',(0.,0.,1.));
#3356=DIRECTION('',(0.,0.,-1.));
#3357=DIRECTION('',(1.,0.,0.));
#3358=DIRECTION('center_axis',(0.,-1.,-2.22044604925E-16));
#3359=DIRECTION('ref_axis',(1.,0.,0.));
#3360=DIRECTION('center_axis',(0.,0.,1.));
#3361=DIRECTION('ref_axis',(1.,0.,0.));
#3362=DIRECTION('',(0.,1.,0.));
#3363=DIRECTION('',(1.,0.,0.));
#3364=DIRECTION('',(0.,1.,0.));
#3365=DIRECTION('center_axis',(0.,1.,0.));
#3366=DIRECTION('ref_axis',(0.,0.,1.));
#3367=DIRECTION('',(0.,0.,1.));
#3368=DIRECTION('',(1.,0.,0.));
#3369=DIRECTION('',(0.,0.,-1.));
#3370=DIRECTION('',(1.,0.,0.));
#3371=DIRECTION('',(0.,0.,-1.));
#3372=DIRECTION('',(1.,0.,0.));
#3373=DIRECTION('',(0.,0.,-1.));
#3374=DIRECTION('',(0.,0.,-1.));
#3375=DIRECTION('',(1.,0.,0.));
#3376=DIRECTION('',(0.,0.,-1.));
#3377=DIRECTION('center_axis',(0.,-1.,-2.22044604925E-16));
#3378=DIRECTION('ref_axis',(1.,0.,0.));
#3379=DIRECTION('',(0.,0.,-1.));
#3380=DIRECTION('',(1.,0.,0.));
#3381=DIRECTION('',(0.,0.,-1.));
#3382=DIRECTION('center_axis',(1.,0.,0.));
#3383=DIRECTION('ref_axis',(0.,0.,1.));
#3384=DIRECTION('',(0.,0.,1.));
#3385=DIRECTION('',(0.,0.,1.));
#3386=DIRECTION('',(0.,1.,0.));
#3387=DIRECTION('center_axis',(0.,1.,0.));
#3388=DIRECTION('ref_axis',(0.,0.,1.));
#3389=DIRECTION('',(-1.,0.,0.));
#3390=DIRECTION('',(-1.,0.,0.));
#3391=DIRECTION('',(0.,0.,1.));
#3392=DIRECTION('',(1.,0.,0.));
#3393=DIRECTION('center_axis',(1.,0.,0.));
#3394=DIRECTION('ref_axis',(0.,0.,1.));
#3395=DIRECTION('',(0.,1.,0.));
#3396=DIRECTION('center_axis',(1.,0.,0.));
#3397=DIRECTION('ref_axis',(0.,0.,1.));
#3398=DIRECTION('',(0.,0.,1.));
#3399=DIRECTION('',(0.,1.,0.));
#3400=DIRECTION('',(0.,-1.,0.));
#3401=DIRECTION('',(0.,0.,1.));
#3402=DIRECTION('',(0.,-1.,0.));
#3403=DIRECTION('',(0.,0.,1.));
#3404=DIRECTION('',(0.,-1.,0.));
#3405=DIRECTION('',(0.,0.,1.));
#3406=DIRECTION('',(0.,-1.,0.));
#3407=DIRECTION('',(0.,0.,1.));
#3408=DIRECTION('center_axis',(0.,0.,1.));
#3409=DIRECTION('ref_axis',(1.,0.,0.));
#3410=DIRECTION('center_axis',(0.,0.,1.));
#3411=DIRECTION('ref_axis',(1.,0.,0.));
#3412=DIRECTION('',(0.,0.,1.));
#3413=DIRECTION('center_axis',(0.,1.,0.));
#3414=DIRECTION('ref_axis',(0.,0.,1.));
#3415=DIRECTION('',(0.,0.,1.));
#3416=DIRECTION('',(1.,0.,0.));
#3417=DIRECTION('center_axis',(0.,1.,-2.22044604925E-16));
#3418=DIRECTION('ref_axis',(1.,0.,0.));
#3419=DIRECTION('center_axis',(1.,0.,0.));
#3420=DIRECTION('ref_axis',(0.,0.,1.));
#3421=DIRECTION('',(0.,0.,1.));
#3422=DIRECTION('',(0.,1.,0.));
#3423=DIRECTION('center_axis',(0.,1.,0.));
#3424=DIRECTION('ref_axis',(0.,0.,1.));
#3425=DIRECTION('center_axis',(0.,1.,-2.22044604925E-16));
#3426=DIRECTION('ref_axis',(1.,0.,0.));
#3427=DIRECTION('center_axis',(0.,1.,0.));
#3428=DIRECTION('ref_axis',(0.,0.,1.));
#3429=DIRECTION('center_axis',(0.,1.,-2.22044604925E-16));
#3430=DIRECTION('ref_axis',(1.,0.,0.));
#3431=DIRECTION('',(1.,0.,0.));
#3432=DIRECTION('center_axis',(0.,1.,0.));
#3433=DIRECTION('ref_axis',(0.,0.,1.));
#3434=DIRECTION('center_axis',(0.,1.,-2.22044604925E-16));
#3435=DIRECTION('ref_axis',(1.,0.,0.));
#3436=DIRECTION('',(1.,0.,0.));
#3437=DIRECTION('',(0.,0.,1.));
#3438=DIRECTION('center_axis',(0.,1.,0.));
#3439=DIRECTION('ref_axis',(0.,0.,1.));
#3440=DIRECTION('center_axis',(0.,1.,-2.22044604925E-16));
#3441=DIRECTION('ref_axis',(1.,0.,0.));
#3442=DIRECTION('center_axis',(1.,0.,0.));
#3443=DIRECTION('ref_axis',(0.,0.,1.));
#3444=DIRECTION('',(0.,1.,0.));
#3445=DIRECTION('',(0.,0.,1.));
#3446=DIRECTION('center_axis',(0.,1.,0.));
#3447=DIRECTION('ref_axis',(0.,0.,1.));
#3448=DIRECTION('center_axis',(0.,1.,-2.22044604925E-16));
#3449=DIRECTION('ref_axis',(1.,0.,0.));
#3450=DIRECTION('',(1.,0.,0.));
#3451=DIRECTION('center_axis',(0.,0.,1.));
#3452=DIRECTION('ref_axis',(1.,0.,0.));
#3453=DIRECTION('center_axis',(0.,0.,1.));
#3454=DIRECTION('ref_axis',(1.,0.,0.));
#3455=DIRECTION('',(0.,0.,1.));
#3456=DIRECTION('center_axis',(0.,0.,1.));
#3457=DIRECTION('ref_axis',(1.,0.,0.));
#3458=DIRECTION('center_axis',(0.,0.,1.));
#3459=DIRECTION('ref_axis',(1.,0.,0.));
#3460=DIRECTION('',(0.,0.,1.));
#3461=DIRECTION('center_axis',(0.,1.,-2.22044604925E-16));
#3462=DIRECTION('ref_axis',(2.00123421377411E-13,-2.22044604925E-16,-1.));
#3463=DIRECTION('',(0.,1.,-2.22044604925E-16));
#3464=DIRECTION('center_axis',(0.,0.,1.));
#3465=DIRECTION('ref_axis',(1.,0.,0.));
#3466=DIRECTION('',(1.,0.,0.));
#3467=DIRECTION('',(0.,1.,0.));
#3468=DIRECTION('',(0.,1.,0.));
#3469=DIRECTION('',(1.,0.,0.));
#3470=DIRECTION('',(0.,1.,0.));
#3471=DIRECTION('',(-1.,0.,0.));
#3472=DIRECTION('',(0.,1.,0.));
#3473=DIRECTION('center_axis',(0.,0.,1.));
#3474=DIRECTION('ref_axis',(1.,0.,0.));
#3475=DIRECTION('center_axis',(0.,0.,1.));
#3476=DIRECTION('ref_axis',(1.,0.,0.));
#3477=DIRECTION('',(1.,0.,0.));
#3478=DIRECTION('center_axis',(0.,0.,1.));
#3479=DIRECTION('ref_axis',(1.,0.,0.));
#3480=DIRECTION('center_axis',(0.,0.,1.));
#3481=DIRECTION('ref_axis',(1.,0.,0.));
#3482=DIRECTION('',(0.,1.,0.));
#3483=DIRECTION('',(1.,0.,0.));
#3484=DIRECTION('',(0.,1.,0.));
#3485=DIRECTION('',(1.,0.,0.));
#3486=DIRECTION('center_axis',(1.,0.,0.));
#3487=DIRECTION('ref_axis',(0.,0.,1.));
#3488=DIRECTION('',(0.,1.,0.));
#3489=DIRECTION('',(0.,0.,1.));
#3490=DIRECTION('center_axis',(0.,0.,1.));
#3491=DIRECTION('ref_axis',(1.,0.,0.));
#3492=DIRECTION('',(1.,0.,0.));
#3493=DIRECTION('',(0.,1.,0.));
#3494=DIRECTION('',(1.,0.,0.));
#3495=DIRECTION('center_axis',(0.,1.,0.));
#3496=DIRECTION('ref_axis',(0.,0.,1.));
#3497=DIRECTION('',(1.,0.,0.));
#3498=DIRECTION('',(0.,0.,1.));
#3499=DIRECTION('center_axis',(0.,0.,1.));
#3500=DIRECTION('ref_axis',(1.,0.,0.));
#3501=DIRECTION('',(1.,0.,0.));
#3502=DIRECTION('',(0.,1.,0.));
#3503=DIRECTION('center_axis',(0.,1.,0.));
#3504=DIRECTION('ref_axis',(0.,0.,1.));
#3505=DIRECTION('',(0.,0.,1.));
#3506=DIRECTION('center_axis',(0.,0.,1.));
#3507=DIRECTION('ref_axis',(1.,0.,0.));
#3508=DIRECTION('',(1.,0.,0.));
#3509=DIRECTION('',(0.,1.,0.));
#3510=DIRECTION('',(1.,0.,0.));
#3511=DIRECTION('center_axis',(0.,1.,0.));
#3512=DIRECTION('ref_axis',(0.,0.,1.));
#3513=DIRECTION('',(1.,0.,0.));
#3514=DIRECTION('',(0.,0.,1.));
#3515=DIRECTION('center_axis',(0.,0.,1.));
#3516=DIRECTION('ref_axis',(1.,0.,0.));
#3517=DIRECTION('',(1.,0.,0.));
#3518=DIRECTION('',(0.,1.,0.));
#3519=DIRECTION('center_axis',(0.,1.,0.));
#3520=DIRECTION('ref_axis',(0.,0.,1.));
#3521=DIRECTION('',(0.,0.,1.));
#3522=DIRECTION('center_axis',(0.,0.,1.));
#3523=DIRECTION('ref_axis',(1.,0.,0.));
#3524=DIRECTION('center_axis',(0.,0.,1.));
#3525=DIRECTION('ref_axis',(1.,0.,0.));
#3526=DIRECTION('',(0.,1.,0.));
#3527=DIRECTION('center_axis',(1.,0.,0.));
#3528=DIRECTION('ref_axis',(0.,0.,1.));
#3529=DIRECTION('',(0.,0.,-1.));
#3530=DIRECTION('center_axis',(0.,1.,0.));
#3531=DIRECTION('ref_axis',(0.,0.,1.));
#3532=DIRECTION('center_axis',(-0.866025403784329,-1.11022302462542E-16,
0.50000000000019));
#3533=DIRECTION('ref_axis',(0.50000000000019,-1.92296268638473E-16,0.866025403784329));
#3534=DIRECTION('',(0.50000000000019,-1.92296268638473E-16,0.866025403784329));
#3535=DIRECTION('',(0.,-1.,-2.22044604925E-16));
#3536=DIRECTION('',(0.,-1.,-2.22044604925E-16));
#3537=DIRECTION('center_axis',(4.229421046191E-16,-2.22044604925E-16,1.));
#3538=DIRECTION('ref_axis',(1.,9.391201252631E-32,-4.229421046191E-16));
#3539=DIRECTION('',(1.,9.391201252631E-32,-4.229421046191E-16));
#3540=DIRECTION('',(0.,-1.,-2.22044604925E-16));
#3541=DIRECTION('center_axis',(-0.866025403784329,1.11022302462542E-16,
-0.50000000000019));
#3542=DIRECTION('ref_axis',(-0.50000000000019,-1.92296268638473E-16,0.866025403784329));
#3543=DIRECTION('',(-0.50000000000019,-1.92296268638473E-16,0.866025403784329));
#3544=DIRECTION('',(0.,-1.,-2.22044604925E-16));
#3545=DIRECTION('center_axis',(0.866025403784329,-1.11022302462542E-16,
0.50000000000019));
#3546=DIRECTION('ref_axis',(0.50000000000019,1.92296268638473E-16,-0.866025403784329));
#3547=DIRECTION('',(0.50000000000019,1.92296268638473E-16,-0.866025403784329));
#3548=DIRECTION('',(0.,-1.,-2.22044604925E-16));
#3549=DIRECTION('center_axis',(-1.409807015397E-16,2.22044604925E-16,-1.));
#3550=DIRECTION('ref_axis',(-1.,-3.130400417544E-32,1.409807015397E-16));
#3551=DIRECTION('',(-1.,-3.130400417544E-32,1.409807015397E-16));
#3552=DIRECTION('',(0.,-1.,-2.22044604925E-16));
#3553=DIRECTION('center_axis',(0.866025403784329,1.11022302462542E-16,-0.50000000000019));
#3554=DIRECTION('ref_axis',(-0.50000000000019,1.92296268638473E-16,-0.866025403784329));
#3555=DIRECTION('',(-0.50000000000019,1.92296268638473E-16,-0.866025403784329));
#3556=DIRECTION('center_axis',(0.,-1.,-2.22044604925E-16));
#3557=DIRECTION('ref_axis',(1.,0.,0.));
#3558=DIRECTION('',(0.,-1.,-2.22044604925E-16));
#3559=DIRECTION('center_axis',(0.,-1.,-2.22044604925E-16));
#3560=DIRECTION('ref_axis',(1.,0.,0.));
#3561=DIRECTION('center_axis',(1.,0.,0.));
#3562=DIRECTION('ref_axis',(0.,0.,1.));
#3563=DIRECTION('',(0.,0.,-1.));
#3564=DIRECTION('',(0.,0.,-1.));
#3565=DIRECTION('',(0.,1.,0.));
#3566=DIRECTION('center_axis',(0.,0.,1.));
#3567=DIRECTION('ref_axis',(1.,0.,0.));
#3568=DIRECTION('',(0.,-1.,-2.22044604925E-16));
#3569=DIRECTION('',(1.,0.,0.));
#3570=DIRECTION('',(0.,1.,0.));
#3571=DIRECTION('',(1.,0.,0.));
#3572=DIRECTION('center_axis',(1.,0.,0.));
#3573=DIRECTION('ref_axis',(0.,0.,1.));
#3574=DIRECTION('',(0.,-2.22044604925E-16,1.));
#3575=DIRECTION('center_axis',(0.,-1.,-2.22044604925E-16));
#3576=DIRECTION('ref_axis',(1.,0.,0.));
#3577=DIRECTION('center_axis',(0.,-1.,-2.22044604925E-16));
#3578=DIRECTION('ref_axis',(1.,0.,0.));
#3579=DIRECTION('center_axis',(1.,0.,0.));
#3580=DIRECTION('ref_axis',(0.,0.,1.));
#3581=DIRECTION('',(0.,0.,-1.));
#3582=DIRECTION('',(0.,-1.,-2.22044604925E-16));
#3583=DIRECTION('',(0.,-2.22044604925E-16,1.));
#3584=DIRECTION('',(0.,1.,0.));
#3585=DIRECTION('center_axis',(0.,0.,1.));
#3586=DIRECTION('ref_axis',(1.,0.,0.));
#3587=DIRECTION('',(0.,1.,0.));
#3588=DIRECTION('',(1.,0.,0.));
#3589=DIRECTION('center_axis',(1.,0.,0.));
#3590=DIRECTION('ref_axis',(0.,0.,1.));
#3591=DIRECTION('',(0.,0.,-1.));
#3592=DIRECTION('',(0.,-2.22044604925E-16,1.));
#3593=DIRECTION('',(0.,-1.,-2.22044604925E-16));
#3594=DIRECTION('center_axis',(0.,-1.,-2.22044604925E-16));
#3595=DIRECTION('ref_axis',(1.,0.,0.));
#3596=DIRECTION('center_axis',(0.,-1.,-2.22044604925E-16));
#3597=DIRECTION('ref_axis',(1.,0.,0.));
#3598=DIRECTION('',(0.,0.999846366097683,0.0175283827336649));
#3599=DIRECTION('center_axis',(0.,-1.,-2.22044604925E-16));
#3600=DIRECTION('ref_axis',(1.,0.,0.));
#3601=DIRECTION('center_axis',(1.,0.,0.));
#3602=DIRECTION('ref_axis',(0.,0.,1.));
#3603=DIRECTION('',(0.,1.,0.));
#3604=DIRECTION('',(0.,-2.22044604925E-16,1.));
#3605=DIRECTION('center_axis',(0.,0.,1.));
#3606=DIRECTION('ref_axis',(1.,0.,0.));
#3607=DIRECTION('',(2.22044604925E-16,1.,0.));
#3608=DIRECTION('',(0.866025403784329,0.50000000000019,0.));
#3609=DIRECTION('',(6.661338147751E-16,1.,0.));
#3610=DIRECTION('',(-0.866025403784329,0.50000000000019,0.));
#3611=DIRECTION('',(2.22044604925E-16,1.,0.));
#3612=DIRECTION('',(0.866025403784329,0.50000000000019,0.));
#3613=DIRECTION('',(6.661338147751E-16,1.,0.));
#3614=DIRECTION('',(-0.866025403784329,0.50000000000019,0.));
#3615=DIRECTION('',(2.22044604925E-16,1.,0.));
#3616=DIRECTION('',(0.866025403784329,0.50000000000019,0.));
#3617=DIRECTION('',(6.661338147751E-16,1.,0.));
#3618=DIRECTION('',(-0.866025403784329,0.50000000000019,0.));
#3619=DIRECTION('',(2.22044604925E-16,1.,0.));
#3620=DIRECTION('',(0.866025403784329,0.50000000000019,0.));
#3621=DIRECTION('',(6.661338147751E-16,1.,0.));
#3622=DIRECTION('',(-0.866025403784329,0.50000000000019,0.));
#3623=DIRECTION('',(2.22044604925E-16,1.,0.));
#3624=DIRECTION('',(0.866025403784329,0.50000000000019,0.));
#3625=DIRECTION('',(6.661338147751E-16,1.,0.));
#3626=DIRECTION('',(-0.866025403784329,0.50000000000019,0.));
#3627=DIRECTION('',(2.22044604925E-16,1.,0.));
#3628=DIRECTION('',(0.866025403784329,0.50000000000019,0.));
#3629=DIRECTION('',(6.661338147751E-16,1.,0.));
#3630=DIRECTION('',(-0.866025403784329,0.50000000000019,0.));
#3631=DIRECTION('',(2.22044604925E-16,1.,0.));
#3632=DIRECTION('',(0.866025403784329,0.50000000000019,0.));
#3633=DIRECTION('',(6.661338147751E-16,1.,0.));
#3634=DIRECTION('',(-0.866025403784329,0.50000000000019,0.));
#3635=DIRECTION('',(2.22044604925E-16,1.,0.));
#3636=DIRECTION('',(0.866025403784329,0.50000000000019,0.));
#3637=DIRECTION('',(6.661338147751E-16,1.,0.));
#3638=DIRECTION('',(-0.866025403784329,0.50000000000019,0.));
#3639=DIRECTION('',(2.22044604925E-16,1.,0.));
#3640=DIRECTION('',(0.866025403784329,0.50000000000019,0.));
#3641=DIRECTION('',(6.661338147751E-16,1.,0.));
#3642=DIRECTION('',(-1.,0.,0.));
#3643=DIRECTION('',(0.,1.,0.));
#3644=DIRECTION('',(1.,0.,0.));
#3645=DIRECTION('center_axis',(1.,-2.22044604925E-16,0.));
#3646=DIRECTION('ref_axis',(0.,0.,1.));
#3647=DIRECTION('',(-2.22044604925E-16,-1.,0.));
#3648=DIRECTION('',(0.,0.,1.));
#3649=DIRECTION('center_axis',(0.,0.,1.));
#3650=DIRECTION('ref_axis',(-2.22044604925E-16,-1.,0.));
#3651=DIRECTION('',(-2.22044604925E-16,-1.,0.));
#3652=DIRECTION('',(1.,0.,0.));
#3653=DIRECTION('',(6.661338147751E-16,1.,0.));
#3654=DIRECTION('',(0.866025403784329,0.50000000000019,0.));
#3655=DIRECTION('',(-2.22044604925E-16,-1.,0.));
#3656=DIRECTION('',(-0.866025403784329,0.50000000000019,0.));
#3657=DIRECTION('',(6.661338147751E-16,1.,0.));
#3658=DIRECTION('',(0.866025403784329,0.50000000000019,0.));
#3659=DIRECTION('',(-2.22044604925E-16,-1.,0.));
#3660=DIRECTION('',(-0.866025403784329,0.50000000000019,0.));
#3661=DIRECTION('',(6.661338147751E-16,1.,0.));
#3662=DIRECTION('',(0.866025403784329,0.50000000000019,0.));
#3663=DIRECTION('',(-2.22044604925E-16,-1.,0.));
#3664=DIRECTION('',(-0.866025403784329,0.50000000000019,0.));
#3665=DIRECTION('',(6.661338147751E-16,1.,0.));
#3666=DIRECTION('',(0.866025403784329,0.50000000000019,0.));
#3667=DIRECTION('',(-2.22044604925E-16,-1.,0.));
#3668=DIRECTION('',(-0.866025403784329,0.50000000000019,0.));
#3669=DIRECTION('',(6.661338147751E-16,1.,0.));
#3670=DIRECTION('',(0.866025403784329,0.50000000000019,0.));
#3671=DIRECTION('',(-2.22044604925E-16,-1.,0.));
#3672=DIRECTION('',(-0.866025403784329,0.50000000000019,0.));
#3673=DIRECTION('',(6.661338147751E-16,1.,0.));
#3674=DIRECTION('',(0.866025403784329,0.50000000000019,0.));
#3675=DIRECTION('',(-2.22044604925E-16,-1.,0.));
#3676=DIRECTION('',(-0.866025403784329,0.50000000000019,0.));
#3677=DIRECTION('',(6.661338147751E-16,1.,0.));
#3678=DIRECTION('',(0.866025403784329,0.50000000000019,0.));
#3679=DIRECTION('',(-2.22044604925E-16,-1.,0.));
#3680=DIRECTION('',(-0.866025403784329,0.50000000000019,0.));
#3681=DIRECTION('',(6.661338147751E-16,1.,0.));
#3682=DIRECTION('',(0.866025403784329,0.50000000000019,0.));
#3683=DIRECTION('',(-2.22044604925E-16,-1.,0.));
#3684=DIRECTION('',(-0.866025403784329,0.50000000000019,0.));
#3685=DIRECTION('',(6.661338147751E-16,1.,0.));
#3686=DIRECTION('',(0.866025403784329,0.50000000000019,0.));
#3687=DIRECTION('center_axis',(1.,-2.22044604925E-16,0.));
#3688=DIRECTION('ref_axis',(0.,0.,1.));
#3689=DIRECTION('',(2.22044604925E-16,1.,0.));
#3690=DIRECTION('',(0.,0.,1.));
#3691=DIRECTION('center_axis',(0.,0.,1.));
#3692=DIRECTION('ref_axis',(1.,0.,0.));
#3693=DIRECTION('',(1.,0.,0.));
#3694=DIRECTION('',(0.,1.,0.));
#3695=DIRECTION('',(2.22044604925E-16,1.,0.));
#3696=DIRECTION('center_axis',(0.,1.,0.));
#3697=DIRECTION('ref_axis',(0.,0.,1.));
#3698=DIRECTION('',(1.,0.,0.));
#3699=DIRECTION('center_axis',(0.,1.,0.));
#3700=DIRECTION('ref_axis',(0.,0.,1.));
#3701=DIRECTION('center_axis',(0.,-1.,-2.22044604925E-16));
#3702=DIRECTION('ref_axis',(1.,0.,0.));
#3703=DIRECTION('center_axis',(0.,-1.,-2.22044604925E-16));
#3704=DIRECTION('ref_axis',(1.,0.,0.));
#3705=DIRECTION('',(0.,0.,1.));
#3706=DIRECTION('',(1.,0.,0.));
#3707=DIRECTION('',(0.,0.,1.));
#3708=DIRECTION('center_axis',(1.,0.,0.));
#3709=DIRECTION('ref_axis',(0.,0.,1.));
#3710=DIRECTION('',(0.,0.,1.));
#3711=DIRECTION('',(0.,1.,0.));
#3712=DIRECTION('center_axis',(0.,0.,1.));
#3713=DIRECTION('ref_axis',(1.,0.,0.));
#3714=DIRECTION('',(1.,0.,0.));
#3715=DIRECTION('',(1.,0.,0.));
#3716=DIRECTION('',(0.,1.,0.));
#3717=DIRECTION('center_axis',(0.,1.,0.));
#3718=DIRECTION('ref_axis',(0.,0.,1.));
#3719=DIRECTION('',(0.,0.,1.));
#3720=DIRECTION('',(1.,0.,0.));
#3721=DIRECTION('center_axis',(0.,0.,1.));
#3722=DIRECTION('ref_axis',(1.,0.,0.));
#3723=DIRECTION('',(0.,1.,0.));
#3724=DIRECTION('',(1.,0.,0.));
#3725=DIRECTION('center_axis',(0.,1.,0.));
#3726=DIRECTION('ref_axis',(0.,0.,1.));
#3727=DIRECTION('',(0.,0.,1.));
#3728=DIRECTION('center_axis',(0.,0.,1.));
#3729=DIRECTION('ref_axis',(1.,0.,0.));
#3730=DIRECTION('',(1.,0.,0.));
#3731=DIRECTION('',(1.,0.,0.));
#3732=DIRECTION('',(0.,1.,0.));
#3733=DIRECTION('center_axis',(0.,1.,0.));
#3734=DIRECTION('ref_axis',(0.,0.,1.));
#3735=DIRECTION('',(0.,0.,1.));
#3736=DIRECTION('',(1.,0.,0.));
#3737=DIRECTION('center_axis',(0.,0.,1.));
#3738=DIRECTION('ref_axis',(1.,0.,0.));
#3739=DIRECTION('',(0.,1.,0.));
#3740=DIRECTION('',(1.,0.,0.));
#3741=DIRECTION('center_axis',(0.,1.,0.));
#3742=DIRECTION('ref_axis',(0.,0.,1.));
#3743=DIRECTION('',(0.,0.,1.));
#3744=DIRECTION('center_axis',(0.,0.,1.));
#3745=DIRECTION('ref_axis',(1.,0.,0.));
#3746=DIRECTION('',(0.,1.,-2.22044604925E-16));
#3747=DIRECTION('center_axis',(0.,1.,-2.22044604925E-16));
#3748=DIRECTION('ref_axis',(2.83276944882399E-16,-2.22044604925E-16,-1.));
#3749=DIRECTION('',(0.,1.,-2.22044604925E-16));
#3750=DIRECTION('center_axis',(0.,0.,1.));
#3751=DIRECTION('ref_axis',(1.,0.,0.));
#3752=DIRECTION('center_axis',(0.,1.,0.));
#3753=DIRECTION('ref_axis',(0.,0.,1.));
#3754=DIRECTION('',(1.,0.,0.));
#3755=DIRECTION('',(0.,0.,-1.));
#3756=DIRECTION('',(1.,0.,0.));
#3757=DIRECTION('',(0.,0.,-1.));
#3758=DIRECTION('center_axis',(1.,0.,0.));
#3759=DIRECTION('ref_axis',(0.,0.,1.));
#3760=DIRECTION('',(0.,0.,1.));
#3761=DIRECTION('',(0.,1.,0.));
#3762=DIRECTION('center_axis',(0.,1.,0.));
#3763=DIRECTION('ref_axis',(0.,0.,1.));
#3764=DIRECTION('',(0.,0.,1.));
#3765=DIRECTION('',(1.,0.,0.));
#3766=DIRECTION('center_axis',(1.,0.,0.));
#3767=DIRECTION('ref_axis',(0.,0.,1.));
#3768=DIRECTION('',(0.,1.,0.));
#3769=DIRECTION('center_axis',(0.,0.,1.));
#3770=DIRECTION('ref_axis',(1.,0.,0.));
#3771=DIRECTION('center_axis',(0.,0.,1.));
#3772=DIRECTION('ref_axis',(1.,0.,0.));
#3773=DIRECTION('',(0.,0.,1.));
#3774=DIRECTION('center_axis',(0.,0.,1.));
#3775=DIRECTION('ref_axis',(1.,0.,0.));
#3776=DIRECTION('center_axis',(0.,0.,1.));
#3777=DIRECTION('ref_axis',(1.,0.,0.));
#3778=DIRECTION('',(0.,0.,1.));
#3779=DIRECTION('center_axis',(0.,0.,1.));
#3780=DIRECTION('ref_axis',(1.,0.,0.));
#3781=DIRECTION('center_axis',(0.,0.,1.));
#3782=DIRECTION('ref_axis',(1.,0.,0.));
#3783=DIRECTION('center_axis',(1.,0.,0.));
#3784=DIRECTION('ref_axis',(0.,0.,1.));
#3785=DIRECTION('center_axis',(1.,0.,0.));
#3786=DIRECTION('ref_axis',(0.,0.,1.));
#3787=DIRECTION('center_axis',(0.,-1.,-2.22044604925E-16));
#3788=DIRECTION('ref_axis',(1.,0.,0.));
#3789=DIRECTION('center_axis',(0.,-1.,-2.22044604925E-16));
#3790=DIRECTION('ref_axis',(1.,0.,0.));
#3791=DIRECTION('center_axis',(0.,-1.,-2.22044604925E-16));
#3792=DIRECTION('ref_axis',(1.,0.,0.));
#3793=DIRECTION('center_axis',(0.,-1.,-2.22044604925E-16));
#3794=DIRECTION('ref_axis',(1.,0.,0.));
#3795=DIRECTION('center_axis',(0.,-1.,-2.22044604925E-16));
#3796=DIRECTION('ref_axis',(1.,0.,0.));
#3797=DIRECTION('center_axis',(0.,-1.,-2.22044604925E-16));
#3798=DIRECTION('ref_axis',(1.,0.,0.));
#3799=DIRECTION('center_axis',(0.,-1.,-2.22044604925E-16));
#3800=DIRECTION('ref_axis',(1.,0.,0.));
#3801=DIRECTION('center_axis',(0.,-1.,-2.22044604925E-16));
#3802=DIRECTION('ref_axis',(1.,0.,0.));
#3803=DIRECTION('center_axis',(0.,-1.,-2.22044604925E-16));
#3804=DIRECTION('ref_axis',(1.,0.,0.));
#3805=DIRECTION('',(0.,-1.,-2.22044604925E-16));
#3806=DIRECTION('center_axis',(0.,-1.,-2.22044604925E-16));
#3807=DIRECTION('ref_axis',(1.,0.,0.));
#3808=DIRECTION('center_axis',(0.,-1.,-2.22044604925E-16));
#3809=DIRECTION('ref_axis',(1.,0.,0.));
#3810=DIRECTION('',(0.,2.22044604925E-16,-1.));
#3811=DIRECTION('center_axis',(0.,-1.,-2.22044604925E-16));
#3812=DIRECTION('ref_axis',(1.,0.,0.));
#3813=DIRECTION('',(0.,2.22044604925E-16,-1.));
#3814=DIRECTION('center_axis',(1.,0.,0.));
#3815=DIRECTION('ref_axis',(0.,0.,1.));
#3816=DIRECTION('',(0.,0.,1.));
#3817=DIRECTION('center_axis',(0.,1.,0.));
#3818=DIRECTION('ref_axis',(0.,0.,1.));
#3819=DIRECTION('',(1.,0.,0.));
#3820=DIRECTION('',(0.,0.,1.));
#3821=DIRECTION('',(0.,0.,1.));
#3822=DIRECTION('center_axis',(1.,0.,0.));
#3823=DIRECTION('ref_axis',(0.,0.,1.));
#3824=DIRECTION('',(0.,1.,0.));
#3825=DIRECTION('center_axis',(1.,-6.661338147751E-16,0.));
#3826=DIRECTION('ref_axis',(-6.661338147751E-16,-1.,0.));
#3827=DIRECTION('',(0.,0.,1.));
#3828=DIRECTION('center_axis',(0.50000000000019,-0.866025403784329,0.));
#3829=DIRECTION('ref_axis',(-0.866025403784329,-0.50000000000019,0.));
#3830=DIRECTION('',(0.,0.,1.));
#3831=DIRECTION('center_axis',(1.,-2.22044604925E-16,0.));
#3832=DIRECTION('ref_axis',(0.,0.,1.));
#3833=DIRECTION('',(0.,0.,1.));
#3834=DIRECTION('center_axis',(0.50000000000019,0.866025403784329,0.));
#3835=DIRECTION('ref_axis',(0.866025403784329,-0.50000000000019,0.));
#3836=DIRECTION('',(0.,0.,1.));
#3837=DIRECTION('center_axis',(1.,-6.661338147751E-16,0.));
#3838=DIRECTION('ref_axis',(-6.661338147751E-16,-1.,0.));
#3839=DIRECTION('',(0.,0.,1.));
#3840=DIRECTION('center_axis',(0.50000000000019,-0.866025403784329,0.));
#3841=DIRECTION('ref_axis',(-0.866025403784329,-0.50000000000019,0.));
#3842=DIRECTION('',(0.,0.,1.));
#3843=DIRECTION('center_axis',(1.,-2.22044604925E-16,0.));
#3844=DIRECTION('ref_axis',(0.,0.,1.));
#3845=DIRECTION('',(0.,0.,1.));
#3846=DIRECTION('center_axis',(0.50000000000019,0.866025403784329,0.));
#3847=DIRECTION('ref_axis',(0.866025403784329,-0.50000000000019,0.));
#3848=DIRECTION('',(0.,0.,1.));
#3849=DIRECTION('center_axis',(1.,-6.661338147751E-16,0.));
#3850=DIRECTION('ref_axis',(-6.661338147751E-16,-1.,0.));
#3851=DIRECTION('',(0.,0.,1.));
#3852=DIRECTION('center_axis',(0.50000000000019,-0.866025403784329,0.));
#3853=DIRECTION('ref_axis',(-0.866025403784329,-0.50000000000019,0.));
#3854=DIRECTION('',(0.,0.,1.));
#3855=DIRECTION('center_axis',(1.,-2.22044604925E-16,0.));
#3856=DIRECTION('ref_axis',(0.,0.,1.));
#3857=DIRECTION('',(0.,0.,1.));
#3858=DIRECTION('center_axis',(0.50000000000019,0.866025403784329,0.));
#3859=DIRECTION('ref_axis',(0.866025403784329,-0.50000000000019,0.));
#3860=DIRECTION('',(0.,0.,1.));
#3861=DIRECTION('center_axis',(1.,-6.661338147751E-16,0.));
#3862=DIRECTION('ref_axis',(-6.661338147751E-16,-1.,0.));
#3863=DIRECTION('',(0.,0.,1.));
#3864=DIRECTION('center_axis',(0.50000000000019,-0.866025403784329,0.));
#3865=DIRECTION('ref_axis',(-0.866025403784329,-0.50000000000019,0.));
#3866=DIRECTION('',(0.,0.,1.));
#3867=DIRECTION('center_axis',(1.,-2.22044604925E-16,0.));
#3868=DIRECTION('ref_axis',(0.,0.,1.));
#3869=DIRECTION('',(0.,0.,1.));
#3870=DIRECTION('center_axis',(0.50000000000019,0.866025403784329,0.));
#3871=DIRECTION('ref_axis',(0.866025403784329,-0.50000000000019,0.));
#3872=DIRECTION('',(0.,0.,1.));
#3873=DIRECTION('center_axis',(1.,-6.661338147751E-16,0.));
#3874=DIRECTION('ref_axis',(-6.661338147751E-16,-1.,0.));
#3875=DIRECTION('',(0.,0.,1.));
#3876=DIRECTION('center_axis',(0.50000000000019,-0.866025403784329,0.));
#3877=DIRECTION('ref_axis',(-0.866025403784329,-0.50000000000019,0.));
#3878=DIRECTION('',(0.,0.,1.));
#3879=DIRECTION('center_axis',(1.,-2.22044604925E-16,0.));
#3880=DIRECTION('ref_axis',(0.,0.,1.));
#3881=DIRECTION('',(0.,0.,1.));
#3882=DIRECTION('center_axis',(0.50000000000019,0.866025403784329,0.));
#3883=DIRECTION('ref_axis',(0.866025403784329,-0.50000000000019,0.));
#3884=DIRECTION('',(0.,0.,1.));
#3885=DIRECTION('center_axis',(1.,-6.661338147751E-16,0.));
#3886=DIRECTION('ref_axis',(-6.661338147751E-16,-1.,0.));
#3887=DIRECTION('',(0.,0.,1.));
#3888=DIRECTION('center_axis',(0.50000000000019,-0.866025403784329,0.));
#3889=DIRECTION('ref_axis',(-0.866025403784329,-0.50000000000019,0.));
#3890=DIRECTION('',(0.,0.,1.));
#3891=DIRECTION('center_axis',(1.,-2.22044604925E-16,0.));
#3892=DIRECTION('ref_axis',(0.,0.,1.));
#3893=DIRECTION('',(0.,0.,1.));
#3894=DIRECTION('center_axis',(0.50000000000019,0.866025403784329,0.));
#3895=DIRECTION('ref_axis',(0.866025403784329,-0.50000000000019,0.));
#3896=DIRECTION('',(0.,0.,1.));
#3897=DIRECTION('center_axis',(1.,-6.661338147751E-16,0.));
#3898=DIRECTION('ref_axis',(-6.661338147751E-16,-1.,0.));
#3899=DIRECTION('',(0.,0.,1.));
#3900=DIRECTION('center_axis',(0.50000000000019,-0.866025403784329,0.));
#3901=DIRECTION('ref_axis',(-0.866025403784329,-0.50000000000019,0.));
#3902=DIRECTION('',(0.,0.,1.));
#3903=DIRECTION('center_axis',(1.,-2.22044604925E-16,0.));
#3904=DIRECTION('ref_axis',(0.,0.,1.));
#3905=DIRECTION('',(0.,0.,1.));
#3906=DIRECTION('center_axis',(0.50000000000019,0.866025403784329,0.));
#3907=DIRECTION('ref_axis',(0.866025403784329,-0.50000000000019,0.));
#3908=DIRECTION('',(0.,0.,1.));
#3909=DIRECTION('center_axis',(1.,-6.661338147751E-16,0.));
#3910=DIRECTION('ref_axis',(-6.661338147751E-16,-1.,0.));
#3911=DIRECTION('',(0.,0.,1.));
#3912=DIRECTION('center_axis',(0.50000000000019,-0.866025403784329,0.));
#3913=DIRECTION('ref_axis',(-0.866025403784329,-0.50000000000019,0.));
#3914=DIRECTION('',(0.,0.,1.));
#3915=DIRECTION('center_axis',(1.,-2.22044604925E-16,0.));
#3916=DIRECTION('ref_axis',(0.,0.,1.));
#3917=DIRECTION('',(0.,0.,1.));
#3918=DIRECTION('center_axis',(0.50000000000019,0.866025403784329,0.));
#3919=DIRECTION('ref_axis',(0.866025403784329,-0.50000000000019,0.));
#3920=DIRECTION('',(0.,0.,1.));
#3921=DIRECTION('center_axis',(1.,-6.661338147751E-16,0.));
#3922=DIRECTION('ref_axis',(-6.661338147751E-16,-1.,0.));
#3923=DIRECTION('',(0.,0.,1.));
#3924=DIRECTION('center_axis',(0.50000000000019,-0.866025403784329,0.));
#3925=DIRECTION('ref_axis',(-0.866025403784329,-0.50000000000019,0.));
#3926=DIRECTION('center_axis',(0.,0.,1.));
#3927=DIRECTION('ref_axis',(-2.22044604925E-16,-1.,0.));
#3928=DIRECTION('',(-2.22044604925E-16,-1.,0.));
#3929=DIRECTION('',(1.,-2.22044604925E-16,0.));
#3930=DIRECTION('',(6.661338147751E-16,1.,0.));
#3931=DIRECTION('center_axis',(1.,-2.22044604925E-16,0.));
#3932=DIRECTION('ref_axis',(0.,0.,1.));
#3933=DIRECTION('',(0.,0.,1.));
#3934=DIRECTION('center_axis',(1.,0.,0.));
#3935=DIRECTION('ref_axis',(0.,0.,1.));
#3936=DIRECTION('',(0.,1.,0.));
#3937=DIRECTION('center_axis',(0.,0.,1.));
#3938=DIRECTION('ref_axis',(1.,0.,0.));
#3939=DIRECTION('center_axis',(1.,0.,0.));
#3940=DIRECTION('ref_axis',(0.,0.,1.));
#3941=DIRECTION('center_axis',(1.,0.,0.));
#3942=DIRECTION('ref_axis',(0.,0.,1.));
#3943=DIRECTION('center_axis',(0.,0.,1.));
#3944=DIRECTION('ref_axis',(1.,0.,0.));
#3945=DIRECTION('center_axis',(0.,0.,1.));
#3946=DIRECTION('ref_axis',(1.,0.,0.));
#3947=DIRECTION('center_axis',(0.,0.,1.));
#3948=DIRECTION('ref_axis',(1.,0.,0.));
#3949=CARTESIAN_POINT('',(0.,0.,0.));
#3950=CARTESIAN_POINT('Origin',(58.5,44.,13.));
#3951=CARTESIAN_POINT('',(57.15,27.,13.));
#3952=CARTESIAN_POINT('',(57.152352941176,27.2,13.));
#3953=CARTESIAN_POINT('',(57.35,44.,13.));
#3954=CARTESIAN_POINT('',(57.5,27.,13.906917857361));
#3955=CARTESIAN_POINT('Origin',(58.5,27.,13.));
#3956=CARTESIAN_POINT('',(57.8,27.,14.154339638062));
#3957=CARTESIAN_POINT('Origin',(58.5,27.,13.));
#3958=CARTESIAN_POINT('',(59.2,27.,14.154339638062));
#3959=CARTESIAN_POINT('Origin',(58.5,27.,13.));
#3960=CARTESIAN_POINT('',(59.2,27.,11.845660361938));
#3961=CARTESIAN_POINT('Origin',(58.5,27.,13.));
#3962=CARTESIAN_POINT('',(57.8,27.,11.845660361938));
#3963=CARTESIAN_POINT('Origin',(58.5,27.,13.));
#3964=CARTESIAN_POINT('',(57.8,44.,12.087585620455));
#3965=CARTESIAN_POINT('Ctrl Pts',(57.8,27.,11.845660361938));
#3966=CARTESIAN_POINT('Ctrl Pts',(57.8,29.833352672062,11.884643955381));
#3967=CARTESIAN_POINT('Ctrl Pts',(57.8,32.666699538518,11.924052295826));
#3968=CARTESIAN_POINT('Ctrl Pts',(57.8,35.50003968282,11.963949454184));
#3969=CARTESIAN_POINT('Ctrl Pts',(57.8,38.333371543757,12.004420056847));
#3970=CARTESIAN_POINT('Ctrl Pts',(57.8,41.166692837535,12.045572933987));
#3971=CARTESIAN_POINT('Ctrl Pts',(57.8,43.999999999324,12.087585620445));
#3972=CARTESIAN_POINT('',(57.35,44.,13.));
#3973=CARTESIAN_POINT('Origin',(58.5,44.,13.));
#3974=CARTESIAN_POINT('',(58.5,141.74999999999,13.));
#3975=CARTESIAN_POINT('',(57.35,44.,13.));
#3976=CARTESIAN_POINT('',(57.8,44.,13.912414379545));
#3977=CARTESIAN_POINT('Origin',(58.5,44.,13.));
#3978=CARTESIAN_POINT('Ctrl Pts',(57.8,43.999999999847,13.912414379547));
#3979=CARTESIAN_POINT('Ctrl Pts',(57.8,41.166692838008,13.954427066006));
#3980=CARTESIAN_POINT('Ctrl Pts',(57.8,38.333371542859,13.995579943168));
#3981=CARTESIAN_POINT('Ctrl Pts',(57.8,35.5000396841,14.036050545793));
#3982=CARTESIAN_POINT('Ctrl Pts',(57.8,32.666699538143,14.075947704181));
#3983=CARTESIAN_POINT('Ctrl Pts',(57.8,29.833352672101,14.115356044619));
#3984=CARTESIAN_POINT('Ctrl Pts',(57.8,27.,14.154339638062));
#3985=CARTESIAN_POINT('',(57.5,27.2,13.903411642141));
#3986=CARTESIAN_POINT('',(57.5,27.1999999999999,13.9034116421408));
#3987=CARTESIAN_POINT('Origin',(58.5,27.2,13.));
#3988=CARTESIAN_POINT('Origin',(108.,80.,7.));
#3989=CARTESIAN_POINT('',(108.,80.,16.));
#3990=CARTESIAN_POINT('',(108.,80.,19.));
#3991=CARTESIAN_POINT('',(108.,80.,7.));
#3992=CARTESIAN_POINT('',(108.,90.,19.));
#3993=CARTESIAN_POINT('',(108.,80.,19.));
#3994=CARTESIAN_POINT('',(108.,90.,7.));
#3995=CARTESIAN_POINT('',(108.,90.,7.));
#3996=CARTESIAN_POINT('',(108.,80.5,7.));
#3997=CARTESIAN_POINT('',(108.,80.,7.));
#3998=CARTESIAN_POINT('',(108.,80.5,16.));
#3999=CARTESIAN_POINT('',(108.,80.5,2.));
#4000=CARTESIAN_POINT('',(108.,56.,16.));
#4001=CARTESIAN_POINT('Origin',(108.,80.,7.));
#4002=CARTESIAN_POINT('',(108.,80.,7.));
#4003=CARTESIAN_POINT('',(120.,80.,7.));
#4004=CARTESIAN_POINT('',(108.,80.,7.));
#4005=CARTESIAN_POINT('',(120.,80.,19.));
#4006=CARTESIAN_POINT('',(120.,80.,7.));
#4007=CARTESIAN_POINT('',(108.,80.,19.));
#4008=CARTESIAN_POINT('',(108.,80.,7.));
#4009=CARTESIAN_POINT('Origin',(108.,80.,19.));
#4010=CARTESIAN_POINT('',(120.,90.,19.));
#4011=CARTESIAN_POINT('',(120.,80.,19.));
#4012=CARTESIAN_POINT('',(108.,90.,19.));
#4013=CARTESIAN_POINT('Origin',(108.,90.,7.));
#4014=CARTESIAN_POINT('',(120.,90.,7.));
#4015=CARTESIAN_POINT('',(0.,90.,7.));
#4016=CARTESIAN_POINT('',(120.,90.,7.));
#4017=CARTESIAN_POINT('Origin',(0.,0.,7.));
#4018=CARTESIAN_POINT('',(0.,90.,7.));
#4019=CARTESIAN_POINT('',(0.,90.,7.));
#4020=CARTESIAN_POINT('',(0.,0.,7.));
#4021=CARTESIAN_POINT('',(0.,0.,7.));
#4022=CARTESIAN_POINT('',(47.5,0.,7.));
#4023=CARTESIAN_POINT('',(0.,0.,7.));
#4024=CARTESIAN_POINT('',(47.5,24.,7.));
#4025=CARTESIAN_POINT('',(47.5,-0.5,7.));
#4026=CARTESIAN_POINT('',(51.,24.,7.));
#4027=CARTESIAN_POINT('',(23.75,24.,7.));
#4028=CARTESIAN_POINT('',(51.,44.,7.));
#4029=CARTESIAN_POINT('',(51.,12.,7.));
#4030=CARTESIAN_POINT('',(65.5,44.,7.));
#4031=CARTESIAN_POINT('',(25.5,44.,7.));
#4032=CARTESIAN_POINT('',(68.,44.,7.));
#4033=CARTESIAN_POINT('',(58.25,44.,7.));
#4034=CARTESIAN_POINT('',(76.,44.,7.));
#4035=CARTESIAN_POINT('',(25.5,44.,7.));
#4036=CARTESIAN_POINT('',(76.,24.,7.));
#4037=CARTESIAN_POINT('',(76.,12.,7.));
#4038=CARTESIAN_POINT('',(72.5,24.,7.));
#4039=CARTESIAN_POINT('',(25.5,24.,7.));
#4040=CARTESIAN_POINT('',(72.5,0.,7.));
#4041=CARTESIAN_POINT('',(72.5,-0.5,7.));
#4042=CARTESIAN_POINT('',(120.,0.,7.));
#4043=CARTESIAN_POINT('',(0.,0.,7.));
#4044=CARTESIAN_POINT('',(120.,0.,7.));
#4045=CARTESIAN_POINT('',(108.,56.,7.));
#4046=CARTESIAN_POINT('',(108.,28.,7.));
#4047=CARTESIAN_POINT('',(103.92135964116,56.,7.));
#4048=CARTESIAN_POINT('',(44.,56.,7.));
#4049=CARTESIAN_POINT('',(92.078640358837,56.,7.));
#4050=CARTESIAN_POINT('',(44.,56.,7.));
#4051=CARTESIAN_POINT('',(88.,56.,7.));
#4052=CARTESIAN_POINT('',(44.,56.,7.));
#4053=CARTESIAN_POINT('',(88.,80.5,7.));
#4054=CARTESIAN_POINT('',(88.,28.,7.));
#4055=CARTESIAN_POINT('',(92.078640358837,80.5,7.));
#4056=CARTESIAN_POINT('',(44.,80.5,7.));
#4057=CARTESIAN_POINT('',(103.92135964116,80.5,7.));
#4058=CARTESIAN_POINT('',(44.,80.5,7.));
#4059=CARTESIAN_POINT('',(44.,80.5,7.));
#4060=CARTESIAN_POINT('',(2.5,68.,7.));
#4061=CARTESIAN_POINT('Origin',(4.5,68.,7.));
#4062=CARTESIAN_POINT('',(32.,56.,7.));
#4063=CARTESIAN_POINT('',(27.921359641164,56.,7.));
#4064=CARTESIAN_POINT('',(6.,56.,7.));
#4065=CARTESIAN_POINT('',(16.078640358837,56.,7.));
#4066=CARTESIAN_POINT('',(6.,56.,7.));
#4067=CARTESIAN_POINT('',(12.,56.,7.));
#4068=CARTESIAN_POINT('',(6.,56.,7.));
#4069=CARTESIAN_POINT('',(12.,80.5,7.));
#4070=CARTESIAN_POINT('',(12.,28.,7.));
#4071=CARTESIAN_POINT('',(16.078640358837,80.5,7.));
#4072=CARTESIAN_POINT('',(6.,80.5,7.));
#4073=CARTESIAN_POINT('',(27.921359641164,80.5,7.));
#4074=CARTESIAN_POINT('',(6.,80.5,7.));
#4075=CARTESIAN_POINT('',(32.,80.5,7.));
#4076=CARTESIAN_POINT('',(6.,80.5,7.));
#4077=CARTESIAN_POINT('',(32.,28.,7.));
#4078=CARTESIAN_POINT('',(73.65,59.,7.));
#4079=CARTESIAN_POINT('Origin',(75.,59.,7.));
#4080=CARTESIAN_POINT('',(113.5,68.,7.));
#4081=CARTESIAN_POINT('Origin',(115.5,68.,7.));
#4082=CARTESIAN_POINT('Origin',(88.,80.5,2.));
#4083=CARTESIAN_POINT('',(104.63795902367,80.5,16.));
#4084=CARTESIAN_POINT('Origin',(98.,80.5,12.));
#4085=CARTESIAN_POINT('',(88.,80.5,16.));
#4086=CARTESIAN_POINT('Origin',(88.,56.,16.));
#4087=CARTESIAN_POINT('',(104.63795902367,56.,16.));
#4088=CARTESIAN_POINT('',(104.63795902367,55.,16.));
#4089=CARTESIAN_POINT('',(108.,56.,16.));
#4090=CARTESIAN_POINT('',(88.,56.,16.));
#4091=CARTESIAN_POINT('',(108.,56.,16.));
#4092=CARTESIAN_POINT('Origin',(120.,80.,7.));
#4093=CARTESIAN_POINT('',(120.,0.,7.));
#4094=CARTESIAN_POINT('Origin',(108.,56.,2.));
#4095=CARTESIAN_POINT('',(108.,56.,2.));
#4096=CARTESIAN_POINT('Origin',(0.,90.,0.));
#4097=CARTESIAN_POINT('',(0.,90.,4.));
#4098=CARTESIAN_POINT('',(120.,90.,4.));
#4099=CARTESIAN_POINT('',(0.,90.,4.));
#4100=CARTESIAN_POINT('',(0.,90.,0.));
#4101=CARTESIAN_POINT('',(120.,90.,0.));
#4102=CARTESIAN_POINT('Origin',(88.,80.5,4.));
#4103=CARTESIAN_POINT('Origin',(98.,80.5,12.));
#4104=CARTESIAN_POINT('Origin',(88.,80.5,2.));
#4105=CARTESIAN_POINT('',(91.362040976324,80.5,16.));
#4106=CARTESIAN_POINT('Origin',(98.,80.5,12.));
#4107=CARTESIAN_POINT('',(88.,80.5,16.));
#4108=CARTESIAN_POINT('',(88.,80.5,2.));
#4109=CARTESIAN_POINT('',(88.,80.5,16.));
#4110=CARTESIAN_POINT('Origin',(88.,56.,2.));
#4111=CARTESIAN_POINT('',(88.,56.,16.));
#4112=CARTESIAN_POINT('',(88.,56.,2.));
#4113=CARTESIAN_POINT('',(88.,56.,16.));
#4114=CARTESIAN_POINT('Origin',(88.,56.,2.));
#4115=CARTESIAN_POINT('',(91.362040976324,56.,16.));
#4116=CARTESIAN_POINT('Origin',(98.,56.,12.));
#4117=CARTESIAN_POINT('',(88.,56.,16.));
#4118=CARTESIAN_POINT('Origin',(88.,56.,4.));
#4119=CARTESIAN_POINT('Origin',(98.,56.,12.));
#4120=CARTESIAN_POINT('Origin',(88.,56.,2.));
#4121=CARTESIAN_POINT('Origin',(98.,56.,12.));
#4122=CARTESIAN_POINT('Origin',(120.,0.,0.));
#4123=CARTESIAN_POINT('',(120.,0.,0.));
#4124=CARTESIAN_POINT('',(120.,0.,0.));
#4125=CARTESIAN_POINT('',(120.,90.,0.));
#4126=CARTESIAN_POINT('',(120.,0.,0.));
#4127=CARTESIAN_POINT('',(120.,90.,0.));
#4128=CARTESIAN_POINT('',(120.,88.,2.));
#4129=CARTESIAN_POINT('',(120.,79.9,2.));
#4130=CARTESIAN_POINT('',(120.,39.95,2.));
#4131=CARTESIAN_POINT('',(120.,79.9,5.));
#4132=CARTESIAN_POINT('',(120.,79.9,1.));
#4133=CARTESIAN_POINT('',(120.,88.,5.));
#4134=CARTESIAN_POINT('',(120.,39.95,5.));
#4135=CARTESIAN_POINT('',(120.,88.,1.));
#4136=CARTESIAN_POINT('',(120.,30.1,2.));
#4137=CARTESIAN_POINT('',(120.,22.,2.));
#4138=CARTESIAN_POINT('',(120.,11.,2.));
#4139=CARTESIAN_POINT('',(120.,22.,5.));
#4140=CARTESIAN_POINT('',(120.,22.,1.));
#4141=CARTESIAN_POINT('',(120.,30.1,5.));
#4142=CARTESIAN_POINT('',(120.,11.,5.));
#4143=CARTESIAN_POINT('',(120.,30.1,1.));
#4144=CARTESIAN_POINT('Origin',(0.,0.,0.));
#4145=CARTESIAN_POINT('',(72.5,0.,1.));
#4146=CARTESIAN_POINT('',(72.5,0.,0.5));
#4147=CARTESIAN_POINT('',(47.5,0.,1.));
#4148=CARTESIAN_POINT('',(23.75,0.,1.));
#4149=CARTESIAN_POINT('',(47.5,0.,0.5));
#4150=CARTESIAN_POINT('',(0.,0.,0.));
#4151=CARTESIAN_POINT('',(0.,0.,0.));
#4152=CARTESIAN_POINT('',(0.,0.,0.));
#4153=CARTESIAN_POINT('Origin',(72.5,-1.,1.));
#4154=CARTESIAN_POINT('',(72.5,24.,1.));
#4155=CARTESIAN_POINT('',(72.5,24.,1.));
#4156=CARTESIAN_POINT('',(72.5,-1.,1.));
#4157=CARTESIAN_POINT('Origin',(51.,24.,0.));
#4158=CARTESIAN_POINT('',(76.,24.,15.));
#4159=CARTESIAN_POINT('',(76.,24.,0.));
#4160=CARTESIAN_POINT('',(68.,24.,15.));
#4161=CARTESIAN_POINT('',(51.,24.,15.));
#4162=CARTESIAN_POINT('',(68.,24.,8.));
#4163=CARTESIAN_POINT('',(68.,24.,3.5));
#4164=CARTESIAN_POINT('',(72.5,24.,8.));
#4165=CARTESIAN_POINT('',(47.5,24.,8.));
#4166=CARTESIAN_POINT('',(72.5,24.,1.));
#4167=CARTESIAN_POINT('',(73.575,24.,8.272019978079));
#4168=CARTESIAN_POINT('',(75.15,24.,11.));
#4169=CARTESIAN_POINT('',(68.962180139593,24.,0.282381613691));
#4170=CARTESIAN_POINT('',(70.425,24.,8.272019978079));
#4171=CARTESIAN_POINT('',(60.7125,24.,8.272019978079));
#4172=CARTESIAN_POINT('',(68.85,24.,11.));
#4173=CARTESIAN_POINT('',(69.000319860407,24.,10.739638364388));
#4174=CARTESIAN_POINT('',(70.425,24.,13.727980021921));
#4175=CARTESIAN_POINT('',(65.024680139593,24.,4.374351646572));
#4176=CARTESIAN_POINT('',(73.575,24.,13.727980021921));
#4177=CARTESIAN_POINT('',(62.2875,24.,13.727980021921));
#4178=CARTESIAN_POINT('',(74.512819860407,24.,12.103628375349));
#4179=CARTESIAN_POINT('Origin',(76.,24.,0.));
#4180=CARTESIAN_POINT('',(76.,44.,15.));
#4181=CARTESIAN_POINT('',(76.,44.,0.));
#4182=CARTESIAN_POINT('',(76.,24.,15.));
#4183=CARTESIAN_POINT('Origin',(51.,44.,0.));
#4184=CARTESIAN_POINT('',(68.,44.,15.));
#4185=CARTESIAN_POINT('',(68.,44.,3.5));
#4186=CARTESIAN_POINT('',(51.,44.,15.));
#4187=CARTESIAN_POINT('',(70.35,44.,11.));
#4188=CARTESIAN_POINT('Origin',(72.,44.,11.));
#4189=CARTESIAN_POINT('Origin',(65.5,20.,7.));
#4190=CARTESIAN_POINT('',(65.5,24.,7.));
#4191=CARTESIAN_POINT('',(65.5,20.,7.));
#4192=CARTESIAN_POINT('',(68.,24.,7.));
#4193=CARTESIAN_POINT('',(58.25,24.,7.));
#4194=CARTESIAN_POINT('',(68.,20.,7.));
#4195=CARTESIAN_POINT('Origin',(51.,44.,0.));
#4196=CARTESIAN_POINT('',(51.,44.,15.));
#4197=CARTESIAN_POINT('',(51.,44.,0.));
#4198=CARTESIAN_POINT('',(54.5,44.,15.));
#4199=CARTESIAN_POINT('',(51.,44.,15.));
#4200=CARTESIAN_POINT('',(54.5,44.,9.));
#4201=CARTESIAN_POINT('',(54.5,44.,4.5));
#4202=CARTESIAN_POINT('',(56.4,44.,9.));
#4203=CARTESIAN_POINT('',(52.75,44.,9.));
#4204=CARTESIAN_POINT('',(56.4,44.,15.));
#4205=CARTESIAN_POINT('',(56.4,44.,4.5));
#4206=CARTESIAN_POINT('',(57.8,44.,15.));
#4207=CARTESIAN_POINT('',(51.,44.,15.));
#4208=CARTESIAN_POINT('',(57.8,44.,5.));
#4209=CARTESIAN_POINT('',(57.8,44.,10.));
#4210=CARTESIAN_POINT('',(57.8,44.,5.));
#4211=CARTESIAN_POINT('',(59.2,44.,10.));
#4212=CARTESIAN_POINT('',(54.4,44.,10.));
#4213=CARTESIAN_POINT('',(59.2,44.,12.087585620455));
#4214=CARTESIAN_POINT('',(59.2,44.,5.));
#4215=CARTESIAN_POINT('',(59.2,44.,13.912414379545));
#4216=CARTESIAN_POINT('Origin',(58.5,44.,13.));
#4217=CARTESIAN_POINT('',(59.2,44.,15.));
#4218=CARTESIAN_POINT('',(59.2,44.,5.));
#4219=CARTESIAN_POINT('',(65.5,44.,15.));
#4220=CARTESIAN_POINT('',(51.,44.,15.));
#4221=CARTESIAN_POINT('',(65.5,44.,3.5));
#4222=CARTESIAN_POINT('Origin',(51.,24.,0.));
#4223=CARTESIAN_POINT('',(51.,24.,8.));
#4224=CARTESIAN_POINT('',(51.,24.,0.));
#4225=CARTESIAN_POINT('',(51.,24.,15.));
#4226=CARTESIAN_POINT('',(51.,24.,0.));
#4227=CARTESIAN_POINT('',(51.,24.,15.));
#4228=CARTESIAN_POINT('Origin',(47.5,24.,1.));
#4229=CARTESIAN_POINT('',(25.5,24.,7.));
#4230=CARTESIAN_POINT('',(25.5,24.,7.));
#4231=CARTESIAN_POINT('',(47.5,24.,1.));
#4232=CARTESIAN_POINT('',(47.5,24.,1.));
#4233=CARTESIAN_POINT('',(47.5,24.,1.));
#4234=CARTESIAN_POINT('Origin',(47.5,-1.,1.));
#4235=CARTESIAN_POINT('',(47.5,-1.,1.));
#4236=CARTESIAN_POINT('Origin',(0.,0.,0.));
#4237=CARTESIAN_POINT('',(0.,90.,0.));
#4238=CARTESIAN_POINT('',(0.,90.,0.));
#4239=CARTESIAN_POINT('',(0.,0.,0.));
#4240=CARTESIAN_POINT('',(0.,88.,2.));
#4241=CARTESIAN_POINT('',(0.,79.9,2.));
#4242=CARTESIAN_POINT('',(0.,39.95,2.));
#4243=CARTESIAN_POINT('',(0.,88.,5.));
#4244=CARTESIAN_POINT('',(0.,88.,1.));
#4245=CARTESIAN_POINT('',(0.,79.9,5.));
#4246=CARTESIAN_POINT('',(0.,39.95,5.));
#4247=CARTESIAN_POINT('',(0.,79.9,1.));
#4248=CARTESIAN_POINT('',(0.,30.1,2.));
#4249=CARTESIAN_POINT('',(0.,22.,2.));
#4250=CARTESIAN_POINT('',(0.,11.,2.));
#4251=CARTESIAN_POINT('',(0.,30.1,5.));
#4252=CARTESIAN_POINT('',(0.,30.1,1.));
#4253=CARTESIAN_POINT('',(0.,22.,5.));
#4254=CARTESIAN_POINT('',(0.,11.,5.));
#4255=CARTESIAN_POINT('',(0.,22.,1.));
#4256=CARTESIAN_POINT('Origin',(4.5,68.,-1.));
#4257=CARTESIAN_POINT('',(2.5,68.,0.));
#4258=CARTESIAN_POINT('Origin',(4.5,68.,0.));
#4259=CARTESIAN_POINT('',(2.5,68.,-1.));
#4260=CARTESIAN_POINT('Origin',(12.,56.,2.));
#4261=CARTESIAN_POINT('',(32.,56.,16.));
#4262=CARTESIAN_POINT('',(32.,56.,2.));
#4263=CARTESIAN_POINT('',(28.637959023676,56.,16.));
#4264=CARTESIAN_POINT('',(12.,56.,16.));
#4265=CARTESIAN_POINT('Origin',(22.,56.,12.));
#4266=CARTESIAN_POINT('Origin',(32.,56.,2.));
#4267=CARTESIAN_POINT('',(32.,80.5,16.));
#4268=CARTESIAN_POINT('',(32.,80.5,2.));
#4269=CARTESIAN_POINT('',(32.,56.,16.));
#4270=CARTESIAN_POINT('Origin',(12.,56.,4.));
#4271=CARTESIAN_POINT('Origin',(22.,56.,12.));
#4272=CARTESIAN_POINT('Origin',(12.,80.5,2.));
#4273=CARTESIAN_POINT('',(28.637959023676,80.5,16.));
#4274=CARTESIAN_POINT('Origin',(22.,80.5,12.));
#4275=CARTESIAN_POINT('',(12.,80.5,16.));
#4276=CARTESIAN_POINT('Origin',(12.,56.,2.));
#4277=CARTESIAN_POINT('',(15.362040976324,56.,16.));
#4278=CARTESIAN_POINT('Origin',(22.,56.,12.));
#4279=CARTESIAN_POINT('',(12.,56.,16.));
#4280=CARTESIAN_POINT('',(12.,56.,16.));
#4281=CARTESIAN_POINT('',(12.,56.,2.));
#4282=CARTESIAN_POINT('Origin',(12.,80.5,4.));
#4283=CARTESIAN_POINT('Origin',(22.,80.5,12.));
#4284=CARTESIAN_POINT('Origin',(12.,56.,2.));
#4285=CARTESIAN_POINT('',(12.,80.5,16.));
#4286=CARTESIAN_POINT('',(12.,56.,16.));
#4287=CARTESIAN_POINT('',(12.,80.5,2.));
#4288=CARTESIAN_POINT('Origin',(12.,80.5,2.));
#4289=CARTESIAN_POINT('',(15.362040976324,80.5,16.));
#4290=CARTESIAN_POINT('Origin',(22.,80.5,12.));
#4291=CARTESIAN_POINT('',(12.,80.5,16.));
#4292=CARTESIAN_POINT('Origin',(75.,59.,-1.));
#4293=CARTESIAN_POINT('',(73.65,59.,0.));
#4294=CARTESIAN_POINT('Origin',(75.,59.,0.));
#4295=CARTESIAN_POINT('',(73.65,59.,-1.));
#4296=CARTESIAN_POINT('Origin',(115.5,68.,-1.));
#4297=CARTESIAN_POINT('',(113.5,68.,0.));
#4298=CARTESIAN_POINT('Origin',(115.5,68.,0.));
#4299=CARTESIAN_POINT('',(113.5,68.,-1.));
#4300=CARTESIAN_POINT('Origin',(98.,55.,12.));
#4301=CARTESIAN_POINT('',(91.362040976324,55.,16.));
#4302=CARTESIAN_POINT('Origin',(0.,90.,4.));
#4303=CARTESIAN_POINT('',(0.,95.,4.));
#4304=CARTESIAN_POINT('',(104.,95.,4.));
#4305=CARTESIAN_POINT('',(0.,95.,4.));
#4306=CARTESIAN_POINT('',(0.,90.,4.));
#4307=CARTESIAN_POINT('',(120.,95.,4.));
#4308=CARTESIAN_POINT('',(120.,90.,4.));
#4309=CARTESIAN_POINT('',(112.,95.,4.));
#4310=CARTESIAN_POINT('',(0.,95.,4.));
#4311=CARTESIAN_POINT('',(112.,91.4,4.));
#4312=CARTESIAN_POINT('',(112.,90.7,4.));
#4313=CARTESIAN_POINT('',(104.,91.4,4.));
#4314=CARTESIAN_POINT('',(52.,91.4,4.));
#4315=CARTESIAN_POINT('',(104.,90.7,4.));
#4316=CARTESIAN_POINT('Origin',(88.,56.,16.));
#4317=CARTESIAN_POINT('Origin',(0.,0.,0.));
#4318=CARTESIAN_POINT('',(0.,90.,0.));
#4319=CARTESIAN_POINT('',(14.2,21.5,0.));
#4320=CARTESIAN_POINT('Origin',(20.,21.5,0.));
#4321=CARTESIAN_POINT('',(94.2,21.5,0.));
#4322=CARTESIAN_POINT('Origin',(100.,21.5,0.));
#4323=CARTESIAN_POINT('',(51.,24.,0.));
#4324=CARTESIAN_POINT('',(51.,44.,0.));
#4325=CARTESIAN_POINT('',(51.,24.,0.));
#4326=CARTESIAN_POINT('',(76.,24.,0.));
#4327=CARTESIAN_POINT('',(51.,24.,0.));
#4328=CARTESIAN_POINT('',(76.,44.,0.));
#4329=CARTESIAN_POINT('',(76.,24.,0.));
#4330=CARTESIAN_POINT('',(51.,44.,0.));
#4331=CARTESIAN_POINT('Origin',(120.,90.,0.));
#4332=CARTESIAN_POINT('',(120.,95.,0.));
#4333=CARTESIAN_POINT('',(120.,90.,0.));
#4334=CARTESIAN_POINT('',(120.,95.,0.));
#4335=CARTESIAN_POINT('Origin',(111.,79.9,2.));
#4336=CARTESIAN_POINT('',(111.,88.,2.));
#4337=CARTESIAN_POINT('',(111.,88.,2.));
#4338=CARTESIAN_POINT('',(111.,79.9,2.));
#4339=CARTESIAN_POINT('',(111.,79.9,2.));
#4340=CARTESIAN_POINT('',(111.,79.9,2.));
#4341=CARTESIAN_POINT('Origin',(111.,88.,2.));
#4342=CARTESIAN_POINT('',(111.,88.,5.));
#4343=CARTESIAN_POINT('',(111.,88.,5.));
#4344=CARTESIAN_POINT('',(111.,88.,2.));
#4345=CARTESIAN_POINT('Origin',(111.,79.9,5.));
#4346=CARTESIAN_POINT('',(111.,79.9,5.));
#4347=CARTESIAN_POINT('',(111.,79.9,5.));
#4348=CARTESIAN_POINT('',(111.,79.9,5.));
#4349=CARTESIAN_POINT('Origin',(111.,79.9,2.));
#4350=CARTESIAN_POINT('',(111.,79.9,2.));
#4351=CARTESIAN_POINT('Origin',(111.,22.,2.));
#4352=CARTESIAN_POINT('',(111.,30.1,2.));
#4353=CARTESIAN_POINT('',(111.,30.1,2.));
#4354=CARTESIAN_POINT('',(111.,22.,2.));
#4355=CARTESIAN_POINT('',(111.,22.,2.));
#4356=CARTESIAN_POINT('',(111.,22.,2.));
#4357=CARTESIAN_POINT('Origin',(111.,30.1,2.));
#4358=CARTESIAN_POINT('',(111.,30.1,5.));
#4359=CARTESIAN_POINT('',(111.,30.1,5.));
#4360=CARTESIAN_POINT('',(111.,30.1,2.));
#4361=CARTESIAN_POINT('Origin',(111.,22.,5.));
#4362=CARTESIAN_POINT('',(111.,22.,5.));
#4363=CARTESIAN_POINT('',(111.,22.,5.));
#4364=CARTESIAN_POINT('',(111.,22.,5.));
#4365=CARTESIAN_POINT('Origin',(111.,22.,2.));
#4366=CARTESIAN_POINT('',(111.,22.,2.));
#4367=CARTESIAN_POINT('Origin',(47.5,-1.,1.));
#4368=CARTESIAN_POINT('Origin',(51.,24.,15.));
#4369=CARTESIAN_POINT('',(68.,22.,15.));
#4370=CARTESIAN_POINT('Origin',(68.,20.,7.));
#4371=CARTESIAN_POINT('',(68.,24.,3.5));
#4372=CARTESIAN_POINT('Origin',(51.,24.,0.));
#4373=CARTESIAN_POINT('Origin',(73.575,40.,8.272019978079));
#4374=CARTESIAN_POINT('',(73.575,40.,8.272019978079));
#4375=CARTESIAN_POINT('',(75.15,40.,11.));
#4376=CARTESIAN_POINT('',(73.575,40.,8.272019978079));
#4377=CARTESIAN_POINT('',(73.575,40.,8.272019978079));
#4378=CARTESIAN_POINT('',(75.15,40.,11.));
#4379=CARTESIAN_POINT('Origin',(70.425,40.,8.272019978079));
#4380=CARTESIAN_POINT('',(70.425,40.,8.272019978079));
#4381=CARTESIAN_POINT('',(70.425,40.,8.272019978079));
#4382=CARTESIAN_POINT('',(70.425,40.,8.272019978079));
#4383=CARTESIAN_POINT('Origin',(75.15,40.,11.));
#4384=CARTESIAN_POINT('',(73.575,40.,13.727980021921));
#4385=CARTESIAN_POINT('',(75.15,40.,11.));
#4386=CARTESIAN_POINT('',(73.575,40.,13.727980021921));
#4387=CARTESIAN_POINT('Origin',(68.85,40.,11.));
#4388=CARTESIAN_POINT('',(68.85,40.,11.));
#4389=CARTESIAN_POINT('',(68.85,40.,11.));
#4390=CARTESIAN_POINT('',(68.85,40.,11.));
#4391=CARTESIAN_POINT('Origin',(73.575,40.,13.727980021921));
#4392=CARTESIAN_POINT('',(70.425,40.,13.727980021921));
#4393=CARTESIAN_POINT('',(73.575,40.,13.727980021921));
#4394=CARTESIAN_POINT('',(70.425,40.,13.727980021921));
#4395=CARTESIAN_POINT('Origin',(70.425,40.,13.727980021921));
#4396=CARTESIAN_POINT('',(70.425,40.,13.727980021921));
#4397=CARTESIAN_POINT('Origin',(72.,46.,11.));
#4398=CARTESIAN_POINT('',(70.35,40.,11.));
#4399=CARTESIAN_POINT('',(70.35,46.,11.));
#4400=CARTESIAN_POINT('Origin',(72.,40.,11.));
#4401=CARTESIAN_POINT('Origin',(65.5,20.,7.));
#4402=CARTESIAN_POINT('',(65.5,24.,15.));
#4403=CARTESIAN_POINT('',(65.5,24.,8.));
#4404=CARTESIAN_POINT('',(65.5,24.,3.5));
#4405=CARTESIAN_POINT('',(65.5,24.,3.5));
#4406=CARTESIAN_POINT('',(65.5,22.,15.));
#4407=CARTESIAN_POINT('Origin',(51.,24.,15.));
#4408=CARTESIAN_POINT('',(60.459591794227,27.,15.));
#4409=CARTESIAN_POINT('',(60.459591794227,24.,15.));
#4410=CARTESIAN_POINT('',(60.459591794227,27.,15.));
#4411=CARTESIAN_POINT('',(51.,24.,15.));
#4412=CARTESIAN_POINT('',(59.2,27.,15.));
#4413=CARTESIAN_POINT('',(59.2,22.,15.));
#4414=CARTESIAN_POINT('',(54.75,27.,15.));
#4415=CARTESIAN_POINT('Origin',(59.2,20.,10.));
#4416=CARTESIAN_POINT('Ctrl Pts',(59.2,43.999999999847,13.912414379547));
#4417=CARTESIAN_POINT('Ctrl Pts',(59.2,41.166692838008,13.954427066006));
#4418=CARTESIAN_POINT('Ctrl Pts',(59.2,38.333371542858,13.995579943168));
#4419=CARTESIAN_POINT('Ctrl Pts',(59.2,35.500039684101,14.036050545793));
#4420=CARTESIAN_POINT('Ctrl Pts',(59.2,32.666699538142,14.075947704181));
#4421=CARTESIAN_POINT('Ctrl Pts',(59.2,29.833352672101,14.115356044619));
#4422=CARTESIAN_POINT('Ctrl Pts',(59.2,27.,14.154339638062));
#4423=CARTESIAN_POINT('',(59.2,27.,11.5));
#4424=CARTESIAN_POINT('Origin',(58.5,44.,13.));
#4425=CARTESIAN_POINT('Origin',(58.5,27.,13.));
#4426=CARTESIAN_POINT('Ctrl Pts',(59.2,27.,11.845660361938));
#4427=CARTESIAN_POINT('Ctrl Pts',(59.2,29.833352672062,11.884643955381));
#4428=CARTESIAN_POINT('Ctrl Pts',(59.2,32.666699538517,11.924052295826));
#4429=CARTESIAN_POINT('Ctrl Pts',(59.2,35.500039682821,11.963949454184));
#4430=CARTESIAN_POINT('Ctrl Pts',(59.2,38.333371543756,12.004420056847));
#4431=CARTESIAN_POINT('Ctrl Pts',(59.2,41.166692837535,12.045572933987));
#4432=CARTESIAN_POINT('Ctrl Pts',(59.2,43.999999999324,12.087585620445));
#4433=CARTESIAN_POINT('Origin',(59.2,20.,10.));
#4434=CARTESIAN_POINT('',(59.2,24.,10.288911657655));
#4435=CARTESIAN_POINT('',(59.2,24.,10.));
#4436=CARTESIAN_POINT('',(59.2,24.,5.));
#4437=CARTESIAN_POINT('',(59.2,27.,10.288911657655));
#4438=CARTESIAN_POINT('',(59.2,27.,10.288911657655));
#4439=CARTESIAN_POINT('',(59.2,27.,11.5));
#4440=CARTESIAN_POINT('',(59.2,20.,10.));
#4441=CARTESIAN_POINT('Origin',(57.8,20.,10.));
#4442=CARTESIAN_POINT('',(57.8,24.,10.));
#4443=CARTESIAN_POINT('',(57.8,20.,10.));
#4444=CARTESIAN_POINT('',(54.4,24.,10.));
#4445=CARTESIAN_POINT('Origin',(57.8,20.,10.));
#4446=CARTESIAN_POINT('',(57.8,24.,10.288911657655));
#4447=CARTESIAN_POINT('',(57.8,24.,5.));
#4448=CARTESIAN_POINT('',(57.8,27.,10.288911657655));
#4449=CARTESIAN_POINT('',(57.8,27.,11.5));
#4450=CARTESIAN_POINT('',(57.8,27.,10.288911657655));
#4451=CARTESIAN_POINT('Origin',(58.5,44.,13.));
#4452=CARTESIAN_POINT('',(57.5,27.2,12.096588357859));
#4453=CARTESIAN_POINT('Origin',(58.5,27.2,13.));
#4454=CARTESIAN_POINT('',(57.5,27.,12.093082142639));
#4455=CARTESIAN_POINT('',(57.5,27.,12.093082142639));
#4456=CARTESIAN_POINT('Origin',(58.5,27.,13.));
#4457=CARTESIAN_POINT('Origin',(57.8,20.,10.));
#4458=CARTESIAN_POINT('',(57.8,27.,15.));
#4459=CARTESIAN_POINT('',(57.8,22.,15.));
#4460=CARTESIAN_POINT('',(57.8,27.,11.5));
#4461=CARTESIAN_POINT('Origin',(51.,24.,15.));
#4462=CARTESIAN_POINT('',(56.4,43.85,15.));
#4463=CARTESIAN_POINT('',(56.4,37.55,15.));
#4464=CARTESIAN_POINT('',(55.750480947162,43.475,15.));
#4465=CARTESIAN_POINT('',(50.07734893372,40.199615704891,15.));
#4466=CARTESIAN_POINT('',(55.750480947162,42.725,15.));
#4467=CARTESIAN_POINT('',(55.750480947162,33.7375,15.));
#4468=CARTESIAN_POINT('',(56.4,42.35,15.));
#4469=CARTESIAN_POINT('',(58.023132013442,41.412884295109,15.));
#4470=CARTESIAN_POINT('',(56.4,41.85,15.));
#4471=CARTESIAN_POINT('',(56.4,37.55,15.));
#4472=CARTESIAN_POINT('',(55.750480947162,41.475,15.));
#4473=CARTESIAN_POINT('',(50.510361635612,38.449615704891,15.));
#4474=CARTESIAN_POINT('',(55.750480947162,40.725,15.));
#4475=CARTESIAN_POINT('',(55.750480947162,32.7375,15.));
#4476=CARTESIAN_POINT('',(56.4,40.35,15.));
#4477=CARTESIAN_POINT('',(57.59011931155,39.662884295109,15.));
#4478=CARTESIAN_POINT('',(56.4,39.85,15.));
#4479=CARTESIAN_POINT('',(56.4,37.55,15.));
#4480=CARTESIAN_POINT('',(55.750480947162,39.475,15.));
#4481=CARTESIAN_POINT('',(50.943374337504,36.699615704891,15.));
#4482=CARTESIAN_POINT('',(55.750480947162,38.725,15.));
#4483=CARTESIAN_POINT('',(55.750480947162,31.7375,15.));
#4484=CARTESIAN_POINT('',(56.4,38.35,15.));
#4485=CARTESIAN_POINT('',(57.157106609658,37.912884295109,15.));
#4486=CARTESIAN_POINT('',(56.4,37.85,15.));
#4487=CARTESIAN_POINT('',(56.4,37.55,15.));
#4488=CARTESIAN_POINT('',(55.750480947162,37.475,15.));
#4489=CARTESIAN_POINT('',(51.376387039396,34.949615704891,15.));
#4490=CARTESIAN_POINT('',(55.750480947162,36.725,15.));
#4491=CARTESIAN_POINT('',(55.750480947162,30.7375,15.));
#4492=CARTESIAN_POINT('',(56.4,36.35,15.));
#4493=CARTESIAN_POINT('',(56.724093907765,36.162884295109,15.));
#4494=CARTESIAN_POINT('',(56.4,35.85,15.));
#4495=CARTESIAN_POINT('',(56.4,37.55,15.));
#4496=CARTESIAN_POINT('',(55.750480947162,35.475,15.));
#4497=CARTESIAN_POINT('',(51.809399741289,33.199615704891,15.));
#4498=CARTESIAN_POINT('',(55.750480947162,34.725,15.));
#4499=CARTESIAN_POINT('',(55.750480947162,29.7375,15.));
#4500=CARTESIAN_POINT('',(56.4,34.35,15.));
#4501=CARTESIAN_POINT('',(56.291081205873,34.412884295109,15.));
#4502=CARTESIAN_POINT('',(56.4,33.85,15.));
#4503=CARTESIAN_POINT('',(56.4,37.55,15.));
#4504=CARTESIAN_POINT('',(55.750480947162,33.475,15.));
#4505=CARTESIAN_POINT('',(52.242412443181,31.449615704891,15.));
#4506=CARTESIAN_POINT('',(55.750480947162,32.725,15.));
#4507=CARTESIAN_POINT('',(55.750480947162,28.7375,15.));
#4508=CARTESIAN_POINT('',(56.4,32.35,15.));
#4509=CARTESIAN_POINT('',(55.858068503981,32.662884295109,15.));
#4510=CARTESIAN_POINT('',(56.4,31.85,15.));
#4511=CARTESIAN_POINT('',(56.4,37.55,15.));
#4512=CARTESIAN_POINT('',(55.750480947162,31.475,15.));
#4513=CARTESIAN_POINT('',(52.675425145073,29.699615704891,15.));
#4514=CARTESIAN_POINT('',(55.750480947162,30.725,15.));
#4515=CARTESIAN_POINT('',(55.750480947162,27.7375,15.));
#4516=CARTESIAN_POINT('',(56.4,30.35,15.));
#4517=CARTESIAN_POINT('',(55.425055802089,30.912884295109,15.));
#4518=CARTESIAN_POINT('',(56.4,29.85,15.));
#4519=CARTESIAN_POINT('',(56.4,37.55,15.));
#4520=CARTESIAN_POINT('',(55.750480947162,29.475,15.));
#4521=CARTESIAN_POINT('',(53.108437846965,27.949615704891,15.));
#4522=CARTESIAN_POINT('',(55.750480947162,28.725,15.));
#4523=CARTESIAN_POINT('',(55.750480947162,26.7375,15.));
#4524=CARTESIAN_POINT('',(56.4,28.35,15.));
#4525=CARTESIAN_POINT('',(54.992043100196,29.162884295109,15.));
#4526=CARTESIAN_POINT('',(56.4,27.85,15.));
#4527=CARTESIAN_POINT('',(56.4,37.55,15.));
#4528=CARTESIAN_POINT('',(55.750480947162,27.475,15.));
#4529=CARTESIAN_POINT('',(53.541450548857,26.199615704891,15.));
#4530=CARTESIAN_POINT('',(55.750480947162,27.2,15.));
#4531=CARTESIAN_POINT('',(55.750480947162,25.7375,15.));
#4532=CARTESIAN_POINT('',(57.5,27.2,15.));
#4533=CARTESIAN_POINT('',(52.75,27.2,15.));
#4534=CARTESIAN_POINT('',(57.5,27.,15.));
#4535=CARTESIAN_POINT('',(57.5,24.,15.));
#4536=CARTESIAN_POINT('',(54.75,27.,15.));
#4537=CARTESIAN_POINT('Origin',(56.4,51.1,9.));
#4538=CARTESIAN_POINT('',(56.4,43.85,9.));
#4539=CARTESIAN_POINT('',(56.4,51.1,9.));
#4540=CARTESIAN_POINT('',(56.4,43.85,8.));
#4541=CARTESIAN_POINT('Origin',(54.5,51.1,9.));
#4542=CARTESIAN_POINT('',(54.5,27.2,9.));
#4543=CARTESIAN_POINT('',(54.5,51.1,9.));
#4544=CARTESIAN_POINT('',(55.750480947162,27.2,9.));
#4545=CARTESIAN_POINT('',(54.5,27.2,9.));
#4546=CARTESIAN_POINT('',(55.750480947162,27.475,9.));
#4547=CARTESIAN_POINT('',(55.750480947162,39.2875,9.));
#4548=CARTESIAN_POINT('',(56.4,27.85,9.));
#4549=CARTESIAN_POINT('',(60.721272659497,30.344887933202,9.));
#4550=CARTESIAN_POINT('',(56.4,28.35,9.));
#4551=CARTESIAN_POINT('',(56.4,51.1,9.));
#4552=CARTESIAN_POINT('',(55.750480947162,28.725,9.));
#4553=CARTESIAN_POINT('',(50.437220989557,31.792612066798,9.));
#4554=CARTESIAN_POINT('',(55.750480947162,29.475,9.));
#4555=CARTESIAN_POINT('',(55.750480947162,40.2875,9.));
#4556=CARTESIAN_POINT('',(56.4,29.85,9.));
#4557=CARTESIAN_POINT('',(60.288259957605,32.094887933202,9.));
#4558=CARTESIAN_POINT('',(56.4,30.35,9.));
#4559=CARTESIAN_POINT('',(56.4,51.1,9.));
#4560=CARTESIAN_POINT('',(55.750480947162,30.725,9.));
#4561=CARTESIAN_POINT('',(50.870233691449,33.542612066798,9.));
#4562=CARTESIAN_POINT('',(55.750480947162,31.475,9.));
#4563=CARTESIAN_POINT('',(55.750480947162,41.2875,9.));
#4564=CARTESIAN_POINT('',(56.4,31.85,9.));
#4565=CARTESIAN_POINT('',(59.855247255713,33.844887933202,9.));
#4566=CARTESIAN_POINT('',(56.4,32.35,9.));
#4567=CARTESIAN_POINT('',(56.4,51.1,9.));
#4568=CARTESIAN_POINT('',(55.750480947162,32.725,9.));
#4569=CARTESIAN_POINT('',(51.303246393341,35.292612066798,9.));
#4570=CARTESIAN_POINT('',(55.750480947162,33.475,9.));
#4571=CARTESIAN_POINT('',(55.750480947162,42.2875,9.));
#4572=CARTESIAN_POINT('',(56.4,33.85,9.));
#4573=CARTESIAN_POINT('',(59.42223455382,35.594887933202,9.));
#4574=CARTESIAN_POINT('',(56.4,34.35,9.));
#4575=CARTESIAN_POINT('',(56.4,51.1,9.));
#4576=CARTESIAN_POINT('',(55.750480947162,34.725,9.));
#4577=CARTESIAN_POINT('',(51.736259095233,37.042612066798,9.));
#4578=CARTESIAN_POINT('',(55.750480947162,35.475,9.));
#4579=CARTESIAN_POINT('',(55.750480947162,43.2875,9.));
#4580=CARTESIAN_POINT('',(56.4,35.85,9.));
#4581=CARTESIAN_POINT('',(58.989221851928,37.344887933202,9.));
#4582=CARTESIAN_POINT('',(56.4,36.35,9.));
#4583=CARTESIAN_POINT('',(56.4,51.1,9.));
#4584=CARTESIAN_POINT('',(55.750480947162,36.725,9.));
#4585=CARTESIAN_POINT('',(52.169271797126,38.792612066798,9.));
#4586=CARTESIAN_POINT('',(55.750480947162,37.475,9.));
#4587=CARTESIAN_POINT('',(55.750480947162,44.2875,9.));
#4588=CARTESIAN_POINT('',(56.4,37.85,9.));
#4589=CARTESIAN_POINT('',(58.556209150036,39.094887933202,9.));
#4590=CARTESIAN_POINT('',(56.4,38.35,9.));
#4591=CARTESIAN_POINT('',(56.4,51.1,9.));
#4592=CARTESIAN_POINT('',(55.750480947162,38.725,9.));
#4593=CARTESIAN_POINT('',(52.602284499018,40.542612066798,9.));
#4594=CARTESIAN_POINT('',(55.750480947162,39.475,9.));
#4595=CARTESIAN_POINT('',(55.750480947162,45.2875,9.));
#4596=CARTESIAN_POINT('',(56.4,39.85,9.));
#4597=CARTESIAN_POINT('',(58.123196448144,40.844887933202,9.));
#4598=CARTESIAN_POINT('',(56.4,40.35,9.));
#4599=CARTESIAN_POINT('',(56.4,51.1,9.));
#4600=CARTESIAN_POINT('',(55.750480947162,40.725,9.));
#4601=CARTESIAN_POINT('',(53.03529720091,42.292612066798,9.));
#4602=CARTESIAN_POINT('',(55.750480947162,41.475,9.));
#4603=CARTESIAN_POINT('',(55.750480947162,46.2875,9.));
#4604=CARTESIAN_POINT('',(56.4,41.85,9.));
#4605=CARTESIAN_POINT('',(57.690183746252,42.594887933202,9.));
#4606=CARTESIAN_POINT('',(56.4,42.35,9.));
#4607=CARTESIAN_POINT('',(56.4,51.1,9.));
#4608=CARTESIAN_POINT('',(55.750480947162,42.725,9.));
#4609=CARTESIAN_POINT('',(53.468309902802,44.042612066798,9.));
#4610=CARTESIAN_POINT('',(55.750480947162,43.475,9.));
#4611=CARTESIAN_POINT('',(55.750480947162,47.2875,9.));
#4612=CARTESIAN_POINT('',(57.257171044359,44.344887933202,9.));
#4613=CARTESIAN_POINT('Origin',(54.5,51.1,9.));
#4614=CARTESIAN_POINT('',(54.5,27.2,15.));
#4615=CARTESIAN_POINT('',(54.5,37.55,15.));
#4616=CARTESIAN_POINT('',(54.5,27.2,9.));
#4617=CARTESIAN_POINT('Origin',(51.,24.,15.));
#4618=CARTESIAN_POINT('',(54.5,24.,15.));
#4619=CARTESIAN_POINT('',(51.,24.,15.));
#4620=CARTESIAN_POINT('',(54.5,27.1,15.));
#4621=CARTESIAN_POINT('',(54.5,24.,15.));
#4622=CARTESIAN_POINT('',(54.5,37.55,15.));
#4623=CARTESIAN_POINT('Origin',(51.,24.,0.));
#4624=CARTESIAN_POINT('',(47.5,24.,8.));
#4625=CARTESIAN_POINT('Origin',(51.,24.,0.));
#4626=CARTESIAN_POINT('Origin',(58.5,24.,13.));
#4627=CARTESIAN_POINT('',(57.5,24.,10.384660633876));
#4628=CARTESIAN_POINT('Origin',(58.5,24.,13.));
#4629=CARTESIAN_POINT('',(57.5,24.,9.));
#4630=CARTESIAN_POINT('',(57.5,24.,9.));
#4631=CARTESIAN_POINT('',(54.5,24.,9.));
#4632=CARTESIAN_POINT('',(54.5,24.,9.));
#4633=CARTESIAN_POINT('',(54.5,24.,9.));
#4634=CARTESIAN_POINT('Origin',(0.,90.,0.));
#4635=CARTESIAN_POINT('',(0.,95.,0.));
#4636=CARTESIAN_POINT('',(0.,95.,0.));
#4637=CARTESIAN_POINT('',(0.,90.,0.));
#4638=CARTESIAN_POINT('Origin',(-0.5,79.9,2.));
#4639=CARTESIAN_POINT('',(8.5,88.,2.));
#4640=CARTESIAN_POINT('',(-0.5,88.,2.));
#4641=CARTESIAN_POINT('',(8.5,79.9,2.));
#4642=CARTESIAN_POINT('',(-0.5,79.9,2.));
#4643=CARTESIAN_POINT('',(8.5,79.9,2.));
#4644=CARTESIAN_POINT('Origin',(-0.5,88.,2.));
#4645=CARTESIAN_POINT('',(8.5,88.,5.));
#4646=CARTESIAN_POINT('',(8.5,88.,2.));
#4647=CARTESIAN_POINT('',(-0.5,88.,5.));
#4648=CARTESIAN_POINT('Origin',(-0.5,79.9,5.));
#4649=CARTESIAN_POINT('',(8.5,79.9,5.));
#4650=CARTESIAN_POINT('',(8.5,79.9,5.));
#4651=CARTESIAN_POINT('',(-0.5,79.9,5.));
#4652=CARTESIAN_POINT('Origin',(-0.5,79.9,2.));
#4653=CARTESIAN_POINT('',(8.5,79.9,2.));
#4654=CARTESIAN_POINT('Origin',(-0.5,22.,2.));
#4655=CARTESIAN_POINT('',(8.5,30.1,2.));
#4656=CARTESIAN_POINT('',(-0.5,30.1,2.));
#4657=CARTESIAN_POINT('',(8.5,22.,2.));
#4658=CARTESIAN_POINT('',(-0.5,22.,2.));
#4659=CARTESIAN_POINT('',(8.5,22.,2.));
#4660=CARTESIAN_POINT('Origin',(-0.5,30.1,2.));
#4661=CARTESIAN_POINT('',(8.5,30.1,5.));
#4662=CARTESIAN_POINT('',(8.5,30.1,2.));
#4663=CARTESIAN_POINT('',(-0.5,30.1,5.));
#4664=CARTESIAN_POINT('Origin',(-0.5,22.,5.));
#4665=CARTESIAN_POINT('',(8.5,22.,5.));
#4666=CARTESIAN_POINT('',(8.5,22.,5.));
#4667=CARTESIAN_POINT('',(-0.5,22.,5.));
#4668=CARTESIAN_POINT('Origin',(-0.5,22.,2.));
#4669=CARTESIAN_POINT('',(8.5,22.,2.));
#4670=CARTESIAN_POINT('Origin',(12.,56.,16.));
#4671=CARTESIAN_POINT('',(28.637959023676,55.,16.));
#4672=CARTESIAN_POINT('Origin',(22.,55.,12.));
#4673=CARTESIAN_POINT('',(15.362040976324,55.,16.));
#4674=CARTESIAN_POINT('Origin',(12.,56.,16.));
#4675=CARTESIAN_POINT('Origin',(0.,95.,0.));
#4676=CARTESIAN_POINT('',(0.,95.,0.));
#4677=CARTESIAN_POINT('',(104.,95.,1.5));
#4678=CARTESIAN_POINT('',(104.,95.,0.75));
#4679=CARTESIAN_POINT('',(112.,95.,1.5));
#4680=CARTESIAN_POINT('',(52.,95.,1.5));
#4681=CARTESIAN_POINT('',(112.,95.,0.75));
#4682=CARTESIAN_POINT('Origin',(104.,91.4,1.5));
#4683=CARTESIAN_POINT('',(104.,91.4,1.5));
#4684=CARTESIAN_POINT('',(104.,91.4,1.5));
#4685=CARTESIAN_POINT('',(104.,91.4,1.5));
#4686=CARTESIAN_POINT('Origin',(104.,91.4,1.5));
#4687=CARTESIAN_POINT('',(112.,91.4,1.5));
#4688=CARTESIAN_POINT('',(112.,91.4,1.5));
#4689=CARTESIAN_POINT('',(104.,91.4,1.5));
#4690=CARTESIAN_POINT('Origin',(112.,91.4,1.5));
#4691=CARTESIAN_POINT('',(112.,91.4,1.5));
#4692=CARTESIAN_POINT('Origin',(0.,90.,0.));
#4693=CARTESIAN_POINT('Origin',(20.,21.5,-1.));
#4694=CARTESIAN_POINT('',(14.2,21.5,3.5));
#4695=CARTESIAN_POINT('',(14.2,21.5,-1.));
#4696=CARTESIAN_POINT('Origin',(20.,21.5,3.5));
#4697=CARTESIAN_POINT('Origin',(100.,21.5,-1.));
#4698=CARTESIAN_POINT('',(94.2,21.5,3.5));
#4699=CARTESIAN_POINT('',(94.2,21.5,-1.));
#4700=CARTESIAN_POINT('Origin',(100.,21.5,3.5));
#4701=CARTESIAN_POINT('Origin',(51.,24.,0.));
#4702=CARTESIAN_POINT('Origin',(111.,79.9,2.));
#4703=CARTESIAN_POINT('Origin',(111.,22.,2.));
#4704=CARTESIAN_POINT('Origin',(72.,40.,11.));
#4705=CARTESIAN_POINT('Origin',(58.5,27.,13.));
#4706=CARTESIAN_POINT('Origin',(58.5,27.,13.));
#4707=CARTESIAN_POINT('Origin',(58.5,27.,13.));
#4708=CARTESIAN_POINT('Origin',(58.5,27.,13.));
#4709=CARTESIAN_POINT('Origin',(58.5,27.,13.));
#4710=CARTESIAN_POINT('Origin',(58.5,27.,13.));
#4711=CARTESIAN_POINT('',(55.7,27.,13.));
#4712=CARTESIAN_POINT('Origin',(58.5,27.,13.));
#4713=CARTESIAN_POINT('',(57.5,27.,10.384660633876));
#4714=CARTESIAN_POINT('Origin',(58.5,27.,13.));
#4715=CARTESIAN_POINT('',(57.5,27.,10.384660633876));
#4716=CARTESIAN_POINT('Origin',(58.5,27.,13.));
#4717=CARTESIAN_POINT('Origin',(58.5,27.,13.));
#4718=CARTESIAN_POINT('',(57.5,27.,11.));
#4719=CARTESIAN_POINT('Origin',(58.5,27.,13.));
#4720=CARTESIAN_POINT('',(57.5,27.,11.));
#4721=CARTESIAN_POINT('Origin',(57.5,24.,9.));
#4722=CARTESIAN_POINT('',(57.5,27.2,9.));
#4723=CARTESIAN_POINT('Origin',(54.5,27.2,9.));
#4724=CARTESIAN_POINT('',(57.5,27.2,9.));
#4725=CARTESIAN_POINT('',(54.5,27.2,9.));
#4726=CARTESIAN_POINT('',(57.5,27.2,9.));
#4727=CARTESIAN_POINT('',(55.750480947162,27.2,8.5));
#4728=CARTESIAN_POINT('Origin',(57.5,24.,9.));
#4729=CARTESIAN_POINT('',(57.5,24.,9.));
#4730=CARTESIAN_POINT('Origin',(55.750480947162,27.475,8.));
#4731=CARTESIAN_POINT('',(55.750480947162,27.475,8.));
#4732=CARTESIAN_POINT('Origin',(56.4,27.85,8.));
#4733=CARTESIAN_POINT('',(56.4,27.85,8.));
#4734=CARTESIAN_POINT('Origin',(56.4,51.1,9.));
#4735=CARTESIAN_POINT('',(56.4,28.35,8.));
#4736=CARTESIAN_POINT('Origin',(55.750480947162,28.725,8.));
#4737=CARTESIAN_POINT('',(55.750480947162,28.725,8.));
#4738=CARTESIAN_POINT('Origin',(55.750480947162,29.475,8.));
#4739=CARTESIAN_POINT('',(55.750480947162,29.475,8.));
#4740=CARTESIAN_POINT('Origin',(56.4,29.85,8.));
#4741=CARTESIAN_POINT('',(56.4,29.85,8.));
#4742=CARTESIAN_POINT('Origin',(56.4,51.1,9.));
#4743=CARTESIAN_POINT('',(56.4,30.35,8.));
#4744=CARTESIAN_POINT('Origin',(55.750480947162,30.725,8.));
#4745=CARTESIAN_POINT('',(55.750480947162,30.725,8.));
#4746=CARTESIAN_POINT('Origin',(55.750480947162,31.475,8.));
#4747=CARTESIAN_POINT('',(55.750480947162,31.475,8.));
#4748=CARTESIAN_POINT('Origin',(56.4,31.85,8.));
#4749=CARTESIAN_POINT('',(56.4,31.85,8.));
#4750=CARTESIAN_POINT('Origin',(56.4,51.1,9.));
#4751=CARTESIAN_POINT('',(56.4,32.35,8.));
#4752=CARTESIAN_POINT('Origin',(55.750480947162,32.725,8.));
#4753=CARTESIAN_POINT('',(55.750480947162,32.725,8.));
#4754=CARTESIAN_POINT('Origin',(55.750480947162,33.475,8.));
#4755=CARTESIAN_POINT('',(55.750480947162,33.475,8.));
#4756=CARTESIAN_POINT('Origin',(56.4,33.85,8.));
#4757=CARTESIAN_POINT('',(56.4,33.85,8.));
#4758=CARTESIAN_POINT('Origin',(56.4,51.1,9.));
#4759=CARTESIAN_POINT('',(56.4,34.35,8.));
#4760=CARTESIAN_POINT('Origin',(55.750480947162,34.725,8.));
#4761=CARTESIAN_POINT('',(55.750480947162,34.725,8.));
#4762=CARTESIAN_POINT('Origin',(55.750480947162,35.475,8.));
#4763=CARTESIAN_POINT('',(55.750480947162,35.475,8.));
#4764=CARTESIAN_POINT('Origin',(56.4,35.85,8.));
#4765=CARTESIAN_POINT('',(56.4,35.85,8.));
#4766=CARTESIAN_POINT('Origin',(56.4,51.1,9.));
#4767=CARTESIAN_POINT('',(56.4,36.35,8.));
#4768=CARTESIAN_POINT('Origin',(55.750480947162,36.725,8.));
#4769=CARTESIAN_POINT('',(55.750480947162,36.725,8.));
#4770=CARTESIAN_POINT('Origin',(55.750480947162,37.475,8.));
#4771=CARTESIAN_POINT('',(55.750480947162,37.475,8.));
#4772=CARTESIAN_POINT('Origin',(56.4,37.85,8.));
#4773=CARTESIAN_POINT('',(56.4,37.85,8.));
#4774=CARTESIAN_POINT('Origin',(56.4,51.1,9.));
#4775=CARTESIAN_POINT('',(56.4,38.35,8.));
#4776=CARTESIAN_POINT('Origin',(55.750480947162,38.725,8.));
#4777=CARTESIAN_POINT('',(55.750480947162,38.725,8.));
#4778=CARTESIAN_POINT('Origin',(55.750480947162,39.475,8.));
#4779=CARTESIAN_POINT('',(55.750480947162,39.475,8.));
#4780=CARTESIAN_POINT('Origin',(56.4,39.85,8.));
#4781=CARTESIAN_POINT('',(56.4,39.85,8.));
#4782=CARTESIAN_POINT('Origin',(56.4,51.1,9.));
#4783=CARTESIAN_POINT('',(56.4,40.35,8.));
#4784=CARTESIAN_POINT('Origin',(55.750480947162,40.725,8.));
#4785=CARTESIAN_POINT('',(55.750480947162,40.725,8.));
#4786=CARTESIAN_POINT('Origin',(55.750480947162,41.475,8.));
#4787=CARTESIAN_POINT('',(55.750480947162,41.475,8.));
#4788=CARTESIAN_POINT('Origin',(56.4,41.85,8.));
#4789=CARTESIAN_POINT('',(56.4,41.85,8.));
#4790=CARTESIAN_POINT('Origin',(56.4,51.1,9.));
#4791=CARTESIAN_POINT('',(56.4,42.35,8.));
#4792=CARTESIAN_POINT('Origin',(55.750480947162,42.725,8.));
#4793=CARTESIAN_POINT('',(55.750480947162,42.725,8.));
#4794=CARTESIAN_POINT('Origin',(55.750480947162,43.475,8.));
#4795=CARTESIAN_POINT('',(55.750480947162,43.475,8.));
#4796=CARTESIAN_POINT('Origin',(56.4,43.85,8.));
#4797=CARTESIAN_POINT('Origin',(54.5,51.1,9.));
#4798=CARTESIAN_POINT('',(54.5,27.1,9.));
#4799=CARTESIAN_POINT('',(54.5,51.1,9.));
#4800=CARTESIAN_POINT('',(55.750480947162,27.1,9.));
#4801=CARTESIAN_POINT('',(54.5,27.1,9.));
#4802=CARTESIAN_POINT('',(55.750480947162,39.2875,9.));
#4803=CARTESIAN_POINT('Origin',(54.5,51.1,9.));
#4804=CARTESIAN_POINT('',(54.5,27.1,9.));
#4805=CARTESIAN_POINT('Origin',(54.5,24.,9.));
#4806=CARTESIAN_POINT('',(54.5,24.,9.));
#4807=CARTESIAN_POINT('Origin',(54.5,24.,9.));
#4808=CARTESIAN_POINT('Origin',(8.5,79.9,2.));
#4809=CARTESIAN_POINT('Origin',(8.5,22.,2.));
#4810=CARTESIAN_POINT('Origin',(104.,91.4,1.5));
#4811=CARTESIAN_POINT('Origin',(20.,21.5,3.5));
#4812=CARTESIAN_POINT('Origin',(100.,21.5,3.5));
#4813=UNCERTAINTY_MEASURE_WITH_UNIT(LENGTH_MEASURE(0.01),#4817,
'DISTANCE_ACCURACY_VALUE',
'Maximum model space distance between geometric entities at asserted c
onnectivities');
#4814=UNCERTAINTY_MEASURE_WITH_UNIT(LENGTH_MEASURE(0.01),#4817,
'DISTANCE_ACCURACY_VALUE',
'Maximum model space distance between geometric entities at asserted c
onnectivities');
#4815=(
GEOMETRIC_REPRESENTATION_CONTEXT(3)
GLOBAL_UNCERTAINTY_ASSIGNED_CONTEXT((#4813))
GLOBAL_UNIT_ASSIGNED_CONTEXT((#4817,#4819,#4820))
REPRESENTATION_CONTEXT('','3D')
);
#4816=(
GEOMETRIC_REPRESENTATION_CONTEXT(3)
GLOBAL_UNCERTAINTY_ASSIGNED_CONTEXT((#4814))
GLOBAL_UNIT_ASSIGNED_CONTEXT((#4817,#4819,#4820))
REPRESENTATION_CONTEXT('','3D')
);
#4817=(
LENGTH_UNIT()
NAMED_UNIT(*)
SI_UNIT(.MILLI.,.METRE.)
);
#4818=(
LENGTH_UNIT()
NAMED_UNIT(*)
SI_UNIT($,.METRE.)
);
#4819=(
NAMED_UNIT(*)
PLANE_ANGLE_UNIT()
SI_UNIT($,.RADIAN.)
);
#4820=(
NAMED_UNIT(*)
SI_UNIT($,.STERADIAN.)
SOLID_ANGLE_UNIT()
);
#4821=SHAPE_DEFINITION_REPRESENTATION(#4822,#4823);
#4822=PRODUCT_DEFINITION_SHAPE('',$,#4825);
#4823=SHAPE_REPRESENTATION('',(#2983),#4815);
#4824=PRODUCT_DEFINITION_CONTEXT('part definition',#4829,'design');
#4825=PRODUCT_DEFINITION('Group001','y-axis_cart_tensioner v2',#4826,#4824);
#4826=PRODUCT_DEFINITION_FORMATION('',$,#4831);
#4827=PRODUCT_RELATED_PRODUCT_CATEGORY('y-axis_cart_tensioner v2',
'y-axis_cart_tensioner v2',(#4831));
#4828=APPLICATION_PROTOCOL_DEFINITION('international standard',
'automotive_design',2009,#4829);
#4829=APPLICATION_CONTEXT(
'Core Data for Automotive Mechanical Design Process');
#4830=PRODUCT_CONTEXT('part definition',#4829,'mechanical');
#4831=PRODUCT('Group001','y-axis_cart_tensioner v2','FreeCAD Model',(#4830));
#4832=PRESENTATION_STYLE_ASSIGNMENT((#4834));
#4833=PRESENTATION_STYLE_ASSIGNMENT((#4835));
#4834=SURFACE_STYLE_USAGE(.BOTH.,#4836);
#4835=SURFACE_STYLE_USAGE(.BOTH.,#4837);
#4836=SURFACE_SIDE_STYLE('',(#4838));
#4837=SURFACE_SIDE_STYLE('',(#4839));
#4838=SURFACE_STYLE_FILL_AREA(#4840);
#4839=SURFACE_STYLE_FILL_AREA(#4841);
#4840=FILL_AREA_STYLE('Stahl - satiniert',(#4842));
#4841=FILL_AREA_STYLE('Opaque(231,231,231)',(#4843));
#4842=FILL_AREA_STYLE_COLOUR('Stahl - satiniert',#4844);
#4843=FILL_AREA_STYLE_COLOUR('Opaque(231,231,231)',#4845);
#4844=COLOUR_RGB('Stahl - satiniert',0.627450980392157,0.627450980392157,
0.627450980392157);
#4845=COLOUR_RGB('Opaque(231,231,231)',0.905882352941176,0.905882352941176,
0.905882352941176);
ENDSEC;
END-ISO-10303-21;
